
 /----------------------------------------------------------------------------\
 |  yosys -- Yosys Open SYnthesis Suite                                       |
 |  Copyright (C) 2012 - 2026  Claire Xenia Wolf <claire@yosyshq.com>         |
 |  Distributed under an ISC-like license, type "license" to see terms        |
 \----------------------------------------------------------------------------/
 Yosys 0.65+71 (git sha1 e56c6a954, g++ 11.4.0-1ubuntu1~22.04.3 -fPIC -O3)

-- Running command `
    read_verilog results/sv2v_output.v;
    chparam -set ROWS 16             -set COLS 16             -set DATA_WIDTH 32             -set ACC_WIDTH 32             array
    synth -top array;
    dfflibmap -liberty /home/bharathw/.ciel/ciel/sky130/versions/0fe599b2afb6708d281543108caf8310912f54af/sky130A/libs.ref/sky130_fd_sc_hd/lib/sky130_fd_sc_hd__tt_025C_1v80.lib;
    abc -liberty /home/bharathw/.ciel/ciel/sky130/versions/0fe599b2afb6708d281543108caf8310912f54af/sky130A/libs.ref/sky130_fd_sc_hd/lib/sky130_fd_sc_hd__tt_025C_1v80.lib;
    stat -liberty /home/bharathw/.ciel/ciel/sky130/versions/0fe599b2afb6708d281543108caf8310912f54af/sky130A/libs.ref/sky130_fd_sc_hd/lib/sky130_fd_sc_hd__tt_025C_1v80.lib;
    rename -top array
    write_verilog gate_level.v
' --

1. Executing Verilog-2005 frontend: results/sv2v_output.v
Parsing Verilog input from `results/sv2v_output.v' to AST representation.
Generating RTLIL representation for module `\pe'.
Generating RTLIL representation for module `\pe_col'.
Generating RTLIL representation for module `\array'.
Successfully finished Verilog frontend.
Parameter \ROWS = 16
Parameter \COLS = 16
Parameter \DATA_WIDTH = 32
Parameter \ACC_WIDTH = 32

2. Executing AST frontend in derive mode using pre-parsed AST for module `\array'.
Parameter \ROWS = 16
Parameter \COLS = 16
Parameter \DATA_WIDTH = 32
Parameter \ACC_WIDTH = 32
Generating RTLIL representation for module `$paramod$a88ee0a5926de7bf46212eeecf09e1cb171e2c26\array'.

3. Executing SYNTH pass.

3.1. Executing HIERARCHY pass (managing design hierarchy).

3.1.1. Analyzing design hierarchy..
Top module:  \array
Used module:     \pe_col
Used module:         \pe
Parameter \DATA_WIDTH = 8
Parameter \ACC_WIDTH = 32

3.1.2. Executing AST frontend in derive mode using pre-parsed AST for module `\pe'.
Parameter \DATA_WIDTH = 8
Parameter \ACC_WIDTH = 32
Generating RTLIL representation for module `$paramod$8392c0aee371eac30cfcd917af9a6c37ac869d3e\pe'.
Parameter \DATA_WIDTH = 8
Parameter \ACC_WIDTH = 32
Found cached RTLIL representation for module `$paramod$8392c0aee371eac30cfcd917af9a6c37ac869d3e\pe'.
Parameter \DATA_WIDTH = 8
Parameter \ACC_WIDTH = 32
Found cached RTLIL representation for module `$paramod$8392c0aee371eac30cfcd917af9a6c37ac869d3e\pe'.
Parameter \DATA_WIDTH = 8
Parameter \ACC_WIDTH = 32
Found cached RTLIL representation for module `$paramod$8392c0aee371eac30cfcd917af9a6c37ac869d3e\pe'.
Parameter \DATA_WIDTH = 8
Parameter \ACC_WIDTH = 32
Found cached RTLIL representation for module `$paramod$8392c0aee371eac30cfcd917af9a6c37ac869d3e\pe'.
Parameter \DATA_WIDTH = 8
Parameter \ACC_WIDTH = 32
Found cached RTLIL representation for module `$paramod$8392c0aee371eac30cfcd917af9a6c37ac869d3e\pe'.
Parameter \DATA_WIDTH = 8
Parameter \ACC_WIDTH = 32
Found cached RTLIL representation for module `$paramod$8392c0aee371eac30cfcd917af9a6c37ac869d3e\pe'.
Parameter \DATA_WIDTH = 8
Parameter \ACC_WIDTH = 32
Found cached RTLIL representation for module `$paramod$8392c0aee371eac30cfcd917af9a6c37ac869d3e\pe'.
Parameter \DATA_WIDTH = 8
Parameter \ACC_WIDTH = 32
Found cached RTLIL representation for module `$paramod$8392c0aee371eac30cfcd917af9a6c37ac869d3e\pe'.
Parameter \DATA_WIDTH = 8
Parameter \ACC_WIDTH = 32
Found cached RTLIL representation for module `$paramod$8392c0aee371eac30cfcd917af9a6c37ac869d3e\pe'.
Parameter \DATA_WIDTH = 8
Parameter \ACC_WIDTH = 32
Found cached RTLIL representation for module `$paramod$8392c0aee371eac30cfcd917af9a6c37ac869d3e\pe'.
Parameter \DATA_WIDTH = 8
Parameter \ACC_WIDTH = 32
Found cached RTLIL representation for module `$paramod$8392c0aee371eac30cfcd917af9a6c37ac869d3e\pe'.
Parameter \DATA_WIDTH = 8
Parameter \ACC_WIDTH = 32
Found cached RTLIL representation for module `$paramod$8392c0aee371eac30cfcd917af9a6c37ac869d3e\pe'.
Parameter \DATA_WIDTH = 8
Parameter \ACC_WIDTH = 32
Found cached RTLIL representation for module `$paramod$8392c0aee371eac30cfcd917af9a6c37ac869d3e\pe'.
Parameter \DATA_WIDTH = 8
Parameter \ACC_WIDTH = 32
Found cached RTLIL representation for module `$paramod$8392c0aee371eac30cfcd917af9a6c37ac869d3e\pe'.
Parameter \DATA_WIDTH = 8
Parameter \ACC_WIDTH = 32
Found cached RTLIL representation for module `$paramod$8392c0aee371eac30cfcd917af9a6c37ac869d3e\pe'.
Reprocessing module pe_col because instantiated module $paramod$8392c0aee371eac30cfcd917af9a6c37ac869d3e\pe has become available.
Generating RTLIL representation for module `\pe_col'.
Parameter \ROWS = 16
Parameter \DATA_WIDTH = 32
Parameter \ACC_WIDTH = 32

3.1.3. Executing AST frontend in derive mode using pre-parsed AST for module `\pe_col'.
Parameter \ROWS = 16
Parameter \DATA_WIDTH = 32
Parameter \ACC_WIDTH = 32
Generating RTLIL representation for module `$paramod$ddb646b36b98b3bde174fb312724e3655b16564f\pe_col'.
Parameter \ROWS = 16
Parameter \DATA_WIDTH = 32
Parameter \ACC_WIDTH = 32
Found cached RTLIL representation for module `$paramod$ddb646b36b98b3bde174fb312724e3655b16564f\pe_col'.
Parameter \ROWS = 16
Parameter \DATA_WIDTH = 32
Parameter \ACC_WIDTH = 32
Found cached RTLIL representation for module `$paramod$ddb646b36b98b3bde174fb312724e3655b16564f\pe_col'.
Parameter \ROWS = 16
Parameter \DATA_WIDTH = 32
Parameter \ACC_WIDTH = 32
Found cached RTLIL representation for module `$paramod$ddb646b36b98b3bde174fb312724e3655b16564f\pe_col'.
Parameter \ROWS = 16
Parameter \DATA_WIDTH = 32
Parameter \ACC_WIDTH = 32
Found cached RTLIL representation for module `$paramod$ddb646b36b98b3bde174fb312724e3655b16564f\pe_col'.
Parameter \ROWS = 16
Parameter \DATA_WIDTH = 32
Parameter \ACC_WIDTH = 32
Found cached RTLIL representation for module `$paramod$ddb646b36b98b3bde174fb312724e3655b16564f\pe_col'.
Parameter \ROWS = 16
Parameter \DATA_WIDTH = 32
Parameter \ACC_WIDTH = 32
Found cached RTLIL representation for module `$paramod$ddb646b36b98b3bde174fb312724e3655b16564f\pe_col'.
Parameter \ROWS = 16
Parameter \DATA_WIDTH = 32
Parameter \ACC_WIDTH = 32
Found cached RTLIL representation for module `$paramod$ddb646b36b98b3bde174fb312724e3655b16564f\pe_col'.
Parameter \ROWS = 16
Parameter \DATA_WIDTH = 32
Parameter \ACC_WIDTH = 32
Found cached RTLIL representation for module `$paramod$ddb646b36b98b3bde174fb312724e3655b16564f\pe_col'.
Parameter \ROWS = 16
Parameter \DATA_WIDTH = 32
Parameter \ACC_WIDTH = 32
Found cached RTLIL representation for module `$paramod$ddb646b36b98b3bde174fb312724e3655b16564f\pe_col'.
Parameter \ROWS = 16
Parameter \DATA_WIDTH = 32
Parameter \ACC_WIDTH = 32
Found cached RTLIL representation for module `$paramod$ddb646b36b98b3bde174fb312724e3655b16564f\pe_col'.
Parameter \ROWS = 16
Parameter \DATA_WIDTH = 32
Parameter \ACC_WIDTH = 32
Found cached RTLIL representation for module `$paramod$ddb646b36b98b3bde174fb312724e3655b16564f\pe_col'.
Parameter \ROWS = 16
Parameter \DATA_WIDTH = 32
Parameter \ACC_WIDTH = 32
Found cached RTLIL representation for module `$paramod$ddb646b36b98b3bde174fb312724e3655b16564f\pe_col'.
Parameter \ROWS = 16
Parameter \DATA_WIDTH = 32
Parameter \ACC_WIDTH = 32
Found cached RTLIL representation for module `$paramod$ddb646b36b98b3bde174fb312724e3655b16564f\pe_col'.
Parameter \ROWS = 16
Parameter \DATA_WIDTH = 32
Parameter \ACC_WIDTH = 32
Found cached RTLIL representation for module `$paramod$ddb646b36b98b3bde174fb312724e3655b16564f\pe_col'.
Parameter \ROWS = 16
Parameter \DATA_WIDTH = 32
Parameter \ACC_WIDTH = 32
Found cached RTLIL representation for module `$paramod$ddb646b36b98b3bde174fb312724e3655b16564f\pe_col'.
Reprocessing module array because instantiated module $paramod$ddb646b36b98b3bde174fb312724e3655b16564f\pe_col has become available.
Generating RTLIL representation for module `$paramod$a88ee0a5926de7bf46212eeecf09e1cb171e2c26\array'.

3.1.4. Analyzing design hierarchy..
Top module:  $paramod$a88ee0a5926de7bf46212eeecf09e1cb171e2c26\array
Used module:     \pe_col
Used module:         \pe
Parameter \DATA_WIDTH = 8
Parameter \ACC_WIDTH = 32
Found cached RTLIL representation for module `$paramod$8392c0aee371eac30cfcd917af9a6c37ac869d3e\pe'.
Parameter \DATA_WIDTH = 8
Parameter \ACC_WIDTH = 32
Found cached RTLIL representation for module `$paramod$8392c0aee371eac30cfcd917af9a6c37ac869d3e\pe'.
Parameter \DATA_WIDTH = 8
Parameter \ACC_WIDTH = 32
Found cached RTLIL representation for module `$paramod$8392c0aee371eac30cfcd917af9a6c37ac869d3e\pe'.
Parameter \DATA_WIDTH = 8
Parameter \ACC_WIDTH = 32
Found cached RTLIL representation for module `$paramod$8392c0aee371eac30cfcd917af9a6c37ac869d3e\pe'.
Parameter \DATA_WIDTH = 8
Parameter \ACC_WIDTH = 32
Found cached RTLIL representation for module `$paramod$8392c0aee371eac30cfcd917af9a6c37ac869d3e\pe'.
Parameter \DATA_WIDTH = 8
Parameter \ACC_WIDTH = 32
Found cached RTLIL representation for module `$paramod$8392c0aee371eac30cfcd917af9a6c37ac869d3e\pe'.
Parameter \DATA_WIDTH = 8
Parameter \ACC_WIDTH = 32
Found cached RTLIL representation for module `$paramod$8392c0aee371eac30cfcd917af9a6c37ac869d3e\pe'.
Parameter \DATA_WIDTH = 8
Parameter \ACC_WIDTH = 32
Found cached RTLIL representation for module `$paramod$8392c0aee371eac30cfcd917af9a6c37ac869d3e\pe'.
Parameter \DATA_WIDTH = 8
Parameter \ACC_WIDTH = 32
Found cached RTLIL representation for module `$paramod$8392c0aee371eac30cfcd917af9a6c37ac869d3e\pe'.
Parameter \DATA_WIDTH = 8
Parameter \ACC_WIDTH = 32
Found cached RTLIL representation for module `$paramod$8392c0aee371eac30cfcd917af9a6c37ac869d3e\pe'.
Parameter \DATA_WIDTH = 8
Parameter \ACC_WIDTH = 32
Found cached RTLIL representation for module `$paramod$8392c0aee371eac30cfcd917af9a6c37ac869d3e\pe'.
Parameter \DATA_WIDTH = 8
Parameter \ACC_WIDTH = 32
Found cached RTLIL representation for module `$paramod$8392c0aee371eac30cfcd917af9a6c37ac869d3e\pe'.
Parameter \DATA_WIDTH = 8
Parameter \ACC_WIDTH = 32
Found cached RTLIL representation for module `$paramod$8392c0aee371eac30cfcd917af9a6c37ac869d3e\pe'.
Parameter \DATA_WIDTH = 8
Parameter \ACC_WIDTH = 32
Found cached RTLIL representation for module `$paramod$8392c0aee371eac30cfcd917af9a6c37ac869d3e\pe'.
Parameter \DATA_WIDTH = 8
Parameter \ACC_WIDTH = 32
Found cached RTLIL representation for module `$paramod$8392c0aee371eac30cfcd917af9a6c37ac869d3e\pe'.
Parameter \DATA_WIDTH = 8
Parameter \ACC_WIDTH = 32
Found cached RTLIL representation for module `$paramod$8392c0aee371eac30cfcd917af9a6c37ac869d3e\pe'.
Parameter \ROWS = 16
Parameter \DATA_WIDTH = 32
Parameter \ACC_WIDTH = 32
Found cached RTLIL representation for module `$paramod$ddb646b36b98b3bde174fb312724e3655b16564f\pe_col'.
Parameter \ROWS = 16
Parameter \DATA_WIDTH = 32
Parameter \ACC_WIDTH = 32
Found cached RTLIL representation for module `$paramod$ddb646b36b98b3bde174fb312724e3655b16564f\pe_col'.
Parameter \ROWS = 16
Parameter \DATA_WIDTH = 32
Parameter \ACC_WIDTH = 32
Found cached RTLIL representation for module `$paramod$ddb646b36b98b3bde174fb312724e3655b16564f\pe_col'.
Parameter \ROWS = 16
Parameter \DATA_WIDTH = 32
Parameter \ACC_WIDTH = 32
Found cached RTLIL representation for module `$paramod$ddb646b36b98b3bde174fb312724e3655b16564f\pe_col'.
Parameter \ROWS = 16
Parameter \DATA_WIDTH = 32
Parameter \ACC_WIDTH = 32
Found cached RTLIL representation for module `$paramod$ddb646b36b98b3bde174fb312724e3655b16564f\pe_col'.
Parameter \ROWS = 16
Parameter \DATA_WIDTH = 32
Parameter \ACC_WIDTH = 32
Found cached RTLIL representation for module `$paramod$ddb646b36b98b3bde174fb312724e3655b16564f\pe_col'.
Parameter \ROWS = 16
Parameter \DATA_WIDTH = 32
Parameter \ACC_WIDTH = 32
Found cached RTLIL representation for module `$paramod$ddb646b36b98b3bde174fb312724e3655b16564f\pe_col'.
Parameter \ROWS = 16
Parameter \DATA_WIDTH = 32
Parameter \ACC_WIDTH = 32
Found cached RTLIL representation for module `$paramod$ddb646b36b98b3bde174fb312724e3655b16564f\pe_col'.
Parameter \ROWS = 16
Parameter \DATA_WIDTH = 32
Parameter \ACC_WIDTH = 32
Found cached RTLIL representation for module `$paramod$ddb646b36b98b3bde174fb312724e3655b16564f\pe_col'.
Parameter \ROWS = 16
Parameter \DATA_WIDTH = 32
Parameter \ACC_WIDTH = 32
Found cached RTLIL representation for module `$paramod$ddb646b36b98b3bde174fb312724e3655b16564f\pe_col'.
Parameter \ROWS = 16
Parameter \DATA_WIDTH = 32
Parameter \ACC_WIDTH = 32
Found cached RTLIL representation for module `$paramod$ddb646b36b98b3bde174fb312724e3655b16564f\pe_col'.
Parameter \ROWS = 16
Parameter \DATA_WIDTH = 32
Parameter \ACC_WIDTH = 32
Found cached RTLIL representation for module `$paramod$ddb646b36b98b3bde174fb312724e3655b16564f\pe_col'.
Parameter \ROWS = 16
Parameter \DATA_WIDTH = 32
Parameter \ACC_WIDTH = 32
Found cached RTLIL representation for module `$paramod$ddb646b36b98b3bde174fb312724e3655b16564f\pe_col'.
Parameter \ROWS = 16
Parameter \DATA_WIDTH = 32
Parameter \ACC_WIDTH = 32
Found cached RTLIL representation for module `$paramod$ddb646b36b98b3bde174fb312724e3655b16564f\pe_col'.
Parameter \ROWS = 16
Parameter \DATA_WIDTH = 32
Parameter \ACC_WIDTH = 32
Found cached RTLIL representation for module `$paramod$ddb646b36b98b3bde174fb312724e3655b16564f\pe_col'.
Parameter \ROWS = 16
Parameter \DATA_WIDTH = 32
Parameter \ACC_WIDTH = 32
Found cached RTLIL representation for module `$paramod$ddb646b36b98b3bde174fb312724e3655b16564f\pe_col'.

3.1.5. Analyzing design hierarchy..
Top module:  $paramod$a88ee0a5926de7bf46212eeecf09e1cb171e2c26\array
Used module:     $paramod$ddb646b36b98b3bde174fb312724e3655b16564f\pe_col
Used module:         \pe
Parameter \DATA_WIDTH = 32
Parameter \ACC_WIDTH = 32

3.1.6. Executing AST frontend in derive mode using pre-parsed AST for module `\pe'.
Parameter \DATA_WIDTH = 32
Parameter \ACC_WIDTH = 32
Generating RTLIL representation for module `$paramod$6d9fec60875be2cf56709ced5e593476aeaf643f\pe'.
Parameter \DATA_WIDTH = 32
Parameter \ACC_WIDTH = 32
Found cached RTLIL representation for module `$paramod$6d9fec60875be2cf56709ced5e593476aeaf643f\pe'.
Parameter \DATA_WIDTH = 32
Parameter \ACC_WIDTH = 32
Found cached RTLIL representation for module `$paramod$6d9fec60875be2cf56709ced5e593476aeaf643f\pe'.
Parameter \DATA_WIDTH = 32
Parameter \ACC_WIDTH = 32
Found cached RTLIL representation for module `$paramod$6d9fec60875be2cf56709ced5e593476aeaf643f\pe'.
Parameter \DATA_WIDTH = 32
Parameter \ACC_WIDTH = 32
Found cached RTLIL representation for module `$paramod$6d9fec60875be2cf56709ced5e593476aeaf643f\pe'.
Parameter \DATA_WIDTH = 32
Parameter \ACC_WIDTH = 32
Found cached RTLIL representation for module `$paramod$6d9fec60875be2cf56709ced5e593476aeaf643f\pe'.
Parameter \DATA_WIDTH = 32
Parameter \ACC_WIDTH = 32
Found cached RTLIL representation for module `$paramod$6d9fec60875be2cf56709ced5e593476aeaf643f\pe'.
Parameter \DATA_WIDTH = 32
Parameter \ACC_WIDTH = 32
Found cached RTLIL representation for module `$paramod$6d9fec60875be2cf56709ced5e593476aeaf643f\pe'.
Parameter \DATA_WIDTH = 32
Parameter \ACC_WIDTH = 32
Found cached RTLIL representation for module `$paramod$6d9fec60875be2cf56709ced5e593476aeaf643f\pe'.
Parameter \DATA_WIDTH = 32
Parameter \ACC_WIDTH = 32
Found cached RTLIL representation for module `$paramod$6d9fec60875be2cf56709ced5e593476aeaf643f\pe'.
Parameter \DATA_WIDTH = 32
Parameter \ACC_WIDTH = 32
Found cached RTLIL representation for module `$paramod$6d9fec60875be2cf56709ced5e593476aeaf643f\pe'.
Parameter \DATA_WIDTH = 32
Parameter \ACC_WIDTH = 32
Found cached RTLIL representation for module `$paramod$6d9fec60875be2cf56709ced5e593476aeaf643f\pe'.
Parameter \DATA_WIDTH = 32
Parameter \ACC_WIDTH = 32
Found cached RTLIL representation for module `$paramod$6d9fec60875be2cf56709ced5e593476aeaf643f\pe'.
Parameter \DATA_WIDTH = 32
Parameter \ACC_WIDTH = 32
Found cached RTLIL representation for module `$paramod$6d9fec60875be2cf56709ced5e593476aeaf643f\pe'.
Parameter \DATA_WIDTH = 32
Parameter \ACC_WIDTH = 32
Found cached RTLIL representation for module `$paramod$6d9fec60875be2cf56709ced5e593476aeaf643f\pe'.
Parameter \DATA_WIDTH = 32
Parameter \ACC_WIDTH = 32
Found cached RTLIL representation for module `$paramod$6d9fec60875be2cf56709ced5e593476aeaf643f\pe'.
Reprocessing module $paramod$ddb646b36b98b3bde174fb312724e3655b16564f\pe_col because instantiated module $paramod$6d9fec60875be2cf56709ced5e593476aeaf643f\pe has become available.
Generating RTLIL representation for module `$paramod$ddb646b36b98b3bde174fb312724e3655b16564f\pe_col'.

3.1.7. Analyzing design hierarchy..
Top module:  $paramod$a88ee0a5926de7bf46212eeecf09e1cb171e2c26\array
Used module:     $paramod$ddb646b36b98b3bde174fb312724e3655b16564f\pe_col
Used module:         \pe
Parameter \DATA_WIDTH = 32
Parameter \ACC_WIDTH = 32
Found cached RTLIL representation for module `$paramod$6d9fec60875be2cf56709ced5e593476aeaf643f\pe'.
Parameter \DATA_WIDTH = 32
Parameter \ACC_WIDTH = 32
Found cached RTLIL representation for module `$paramod$6d9fec60875be2cf56709ced5e593476aeaf643f\pe'.
Parameter \DATA_WIDTH = 32
Parameter \ACC_WIDTH = 32
Found cached RTLIL representation for module `$paramod$6d9fec60875be2cf56709ced5e593476aeaf643f\pe'.
Parameter \DATA_WIDTH = 32
Parameter \ACC_WIDTH = 32
Found cached RTLIL representation for module `$paramod$6d9fec60875be2cf56709ced5e593476aeaf643f\pe'.
Parameter \DATA_WIDTH = 32
Parameter \ACC_WIDTH = 32
Found cached RTLIL representation for module `$paramod$6d9fec60875be2cf56709ced5e593476aeaf643f\pe'.
Parameter \DATA_WIDTH = 32
Parameter \ACC_WIDTH = 32
Found cached RTLIL representation for module `$paramod$6d9fec60875be2cf56709ced5e593476aeaf643f\pe'.
Parameter \DATA_WIDTH = 32
Parameter \ACC_WIDTH = 32
Found cached RTLIL representation for module `$paramod$6d9fec60875be2cf56709ced5e593476aeaf643f\pe'.
Parameter \DATA_WIDTH = 32
Parameter \ACC_WIDTH = 32
Found cached RTLIL representation for module `$paramod$6d9fec60875be2cf56709ced5e593476aeaf643f\pe'.
Parameter \DATA_WIDTH = 32
Parameter \ACC_WIDTH = 32
Found cached RTLIL representation for module `$paramod$6d9fec60875be2cf56709ced5e593476aeaf643f\pe'.
Parameter \DATA_WIDTH = 32
Parameter \ACC_WIDTH = 32
Found cached RTLIL representation for module `$paramod$6d9fec60875be2cf56709ced5e593476aeaf643f\pe'.
Parameter \DATA_WIDTH = 32
Parameter \ACC_WIDTH = 32
Found cached RTLIL representation for module `$paramod$6d9fec60875be2cf56709ced5e593476aeaf643f\pe'.
Parameter \DATA_WIDTH = 32
Parameter \ACC_WIDTH = 32
Found cached RTLIL representation for module `$paramod$6d9fec60875be2cf56709ced5e593476aeaf643f\pe'.
Parameter \DATA_WIDTH = 32
Parameter \ACC_WIDTH = 32
Found cached RTLIL representation for module `$paramod$6d9fec60875be2cf56709ced5e593476aeaf643f\pe'.
Parameter \DATA_WIDTH = 32
Parameter \ACC_WIDTH = 32
Found cached RTLIL representation for module `$paramod$6d9fec60875be2cf56709ced5e593476aeaf643f\pe'.
Parameter \DATA_WIDTH = 32
Parameter \ACC_WIDTH = 32
Found cached RTLIL representation for module `$paramod$6d9fec60875be2cf56709ced5e593476aeaf643f\pe'.
Parameter \DATA_WIDTH = 32
Parameter \ACC_WIDTH = 32
Found cached RTLIL representation for module `$paramod$6d9fec60875be2cf56709ced5e593476aeaf643f\pe'.

3.1.8. Analyzing design hierarchy..
Top module:  $paramod$a88ee0a5926de7bf46212eeecf09e1cb171e2c26\array
Used module:     $paramod$ddb646b36b98b3bde174fb312724e3655b16564f\pe_col
Used module:         $paramod$6d9fec60875be2cf56709ced5e593476aeaf643f\pe

3.1.9. Analyzing design hierarchy..
Top module:  $paramod$a88ee0a5926de7bf46212eeecf09e1cb171e2c26\array
Used module:     $paramod$ddb646b36b98b3bde174fb312724e3655b16564f\pe_col
Used module:         $paramod$6d9fec60875be2cf56709ced5e593476aeaf643f\pe
Removing unused module `\pe_col'.
Removing unused module `$paramod$8392c0aee371eac30cfcd917af9a6c37ac869d3e\pe'.
Removing unused module `\pe'.
Removed 3 unused modules.

3.2. Executing PROC pass (convert processes to netlists).

3.2.1. Executing PROC_CLEAN pass (remove empty switches from decision trees).
Cleaned up 0 empty switches.

3.2.2. Executing PROC_RMDEAD pass (remove dead branches from decision trees).
Marked 2 switch rules as full_case in process $proc$results/sv2v_output.v:22$957 in module $paramod$6d9fec60875be2cf56709ced5e593476aeaf643f\pe.
Removed a total of 0 dead cases.

3.2.3. Executing PROC_PRUNE pass (remove redundant assignments in processes).
Removed 2 redundant assignments.
Promoted 289 assignments to connections.

3.2.4. Executing PROC_INIT pass (extract init attributes).

3.2.5. Executing PROC_ARST pass (detect async resets in processes).
Found async reset \rst_n in `$paramod$6d9fec60875be2cf56709ced5e593476aeaf643f\pe.$proc$results/sv2v_output.v:22$957'.

3.2.6. Executing PROC_ROM pass (convert switches to ROMs).
Converted 0 switches.
<suppressed ~1 debug messages>

3.2.7. Executing PROC_MUX pass (convert decision trees to multiplexers).
Creating decoders for process `$paramod$6d9fec60875be2cf56709ced5e593476aeaf643f\pe.$proc$results/sv2v_output.v:22$957'.
     1/3: $0\data_out[31:0]
     2/3: $0\acc_out[31:0]
     3/3: $0\weight_r[31:0]
Creating decoders for process `$paramod$ddb646b36b98b3bde174fb312724e3655b16564f\pe_col.$proc$results/sv2v_output.v:73$1040'.
Creating decoders for process `$paramod$ddb646b36b98b3bde174fb312724e3655b16564f\pe_col.$proc$results/sv2v_output.v:73$1039'.
Creating decoders for process `$paramod$ddb646b36b98b3bde174fb312724e3655b16564f\pe_col.$proc$results/sv2v_output.v:73$1038'.
Creating decoders for process `$paramod$ddb646b36b98b3bde174fb312724e3655b16564f\pe_col.$proc$results/sv2v_output.v:73$1037'.
Creating decoders for process `$paramod$ddb646b36b98b3bde174fb312724e3655b16564f\pe_col.$proc$results/sv2v_output.v:73$1036'.
Creating decoders for process `$paramod$ddb646b36b98b3bde174fb312724e3655b16564f\pe_col.$proc$results/sv2v_output.v:73$1035'.
Creating decoders for process `$paramod$ddb646b36b98b3bde174fb312724e3655b16564f\pe_col.$proc$results/sv2v_output.v:73$1034'.
Creating decoders for process `$paramod$ddb646b36b98b3bde174fb312724e3655b16564f\pe_col.$proc$results/sv2v_output.v:73$1033'.
Creating decoders for process `$paramod$ddb646b36b98b3bde174fb312724e3655b16564f\pe_col.$proc$results/sv2v_output.v:73$1032'.
Creating decoders for process `$paramod$ddb646b36b98b3bde174fb312724e3655b16564f\pe_col.$proc$results/sv2v_output.v:73$1031'.
Creating decoders for process `$paramod$ddb646b36b98b3bde174fb312724e3655b16564f\pe_col.$proc$results/sv2v_output.v:73$1030'.
Creating decoders for process `$paramod$ddb646b36b98b3bde174fb312724e3655b16564f\pe_col.$proc$results/sv2v_output.v:73$1029'.
Creating decoders for process `$paramod$ddb646b36b98b3bde174fb312724e3655b16564f\pe_col.$proc$results/sv2v_output.v:73$1028'.
Creating decoders for process `$paramod$ddb646b36b98b3bde174fb312724e3655b16564f\pe_col.$proc$results/sv2v_output.v:73$1027'.
Creating decoders for process `$paramod$ddb646b36b98b3bde174fb312724e3655b16564f\pe_col.$proc$results/sv2v_output.v:73$1026'.
Creating decoders for process `$paramod$ddb646b36b98b3bde174fb312724e3655b16564f\pe_col.$proc$results/sv2v_output.v:73$1025'.
Creating decoders for process `$paramod$ddb646b36b98b3bde174fb312724e3655b16564f\pe_col.$proc$results/sv2v_output.v:58$1024'.
Creating decoders for process `$paramod$a88ee0a5926de7bf46212eeecf09e1cb171e2c26\array.$proc$results/sv2v_output.v:118$955'.
Creating decoders for process `$paramod$a88ee0a5926de7bf46212eeecf09e1cb171e2c26\array.$proc$results/sv2v_output.v:118$954'.
Creating decoders for process `$paramod$a88ee0a5926de7bf46212eeecf09e1cb171e2c26\array.$proc$results/sv2v_output.v:118$953'.
Creating decoders for process `$paramod$a88ee0a5926de7bf46212eeecf09e1cb171e2c26\array.$proc$results/sv2v_output.v:118$952'.
Creating decoders for process `$paramod$a88ee0a5926de7bf46212eeecf09e1cb171e2c26\array.$proc$results/sv2v_output.v:118$951'.
Creating decoders for process `$paramod$a88ee0a5926de7bf46212eeecf09e1cb171e2c26\array.$proc$results/sv2v_output.v:118$950'.
Creating decoders for process `$paramod$a88ee0a5926de7bf46212eeecf09e1cb171e2c26\array.$proc$results/sv2v_output.v:118$949'.
Creating decoders for process `$paramod$a88ee0a5926de7bf46212eeecf09e1cb171e2c26\array.$proc$results/sv2v_output.v:118$948'.
Creating decoders for process `$paramod$a88ee0a5926de7bf46212eeecf09e1cb171e2c26\array.$proc$results/sv2v_output.v:118$947'.
Creating decoders for process `$paramod$a88ee0a5926de7bf46212eeecf09e1cb171e2c26\array.$proc$results/sv2v_output.v:118$946'.
Creating decoders for process `$paramod$a88ee0a5926de7bf46212eeecf09e1cb171e2c26\array.$proc$results/sv2v_output.v:118$945'.
Creating decoders for process `$paramod$a88ee0a5926de7bf46212eeecf09e1cb171e2c26\array.$proc$results/sv2v_output.v:118$944'.
Creating decoders for process `$paramod$a88ee0a5926de7bf46212eeecf09e1cb171e2c26\array.$proc$results/sv2v_output.v:118$943'.
Creating decoders for process `$paramod$a88ee0a5926de7bf46212eeecf09e1cb171e2c26\array.$proc$results/sv2v_output.v:118$942'.
Creating decoders for process `$paramod$a88ee0a5926de7bf46212eeecf09e1cb171e2c26\array.$proc$results/sv2v_output.v:118$941'.
Creating decoders for process `$paramod$a88ee0a5926de7bf46212eeecf09e1cb171e2c26\array.$proc$results/sv2v_output.v:118$940'.
Creating decoders for process `$paramod$a88ee0a5926de7bf46212eeecf09e1cb171e2c26\array.$proc$results/sv2v_output.v:118$939'.
Creating decoders for process `$paramod$a88ee0a5926de7bf46212eeecf09e1cb171e2c26\array.$proc$results/sv2v_output.v:118$938'.
Creating decoders for process `$paramod$a88ee0a5926de7bf46212eeecf09e1cb171e2c26\array.$proc$results/sv2v_output.v:118$937'.
Creating decoders for process `$paramod$a88ee0a5926de7bf46212eeecf09e1cb171e2c26\array.$proc$results/sv2v_output.v:118$936'.
Creating decoders for process `$paramod$a88ee0a5926de7bf46212eeecf09e1cb171e2c26\array.$proc$results/sv2v_output.v:118$935'.
Creating decoders for process `$paramod$a88ee0a5926de7bf46212eeecf09e1cb171e2c26\array.$proc$results/sv2v_output.v:118$934'.
Creating decoders for process `$paramod$a88ee0a5926de7bf46212eeecf09e1cb171e2c26\array.$proc$results/sv2v_output.v:118$933'.
Creating decoders for process `$paramod$a88ee0a5926de7bf46212eeecf09e1cb171e2c26\array.$proc$results/sv2v_output.v:118$932'.
Creating decoders for process `$paramod$a88ee0a5926de7bf46212eeecf09e1cb171e2c26\array.$proc$results/sv2v_output.v:118$931'.
Creating decoders for process `$paramod$a88ee0a5926de7bf46212eeecf09e1cb171e2c26\array.$proc$results/sv2v_output.v:118$930'.
Creating decoders for process `$paramod$a88ee0a5926de7bf46212eeecf09e1cb171e2c26\array.$proc$results/sv2v_output.v:118$929'.
Creating decoders for process `$paramod$a88ee0a5926de7bf46212eeecf09e1cb171e2c26\array.$proc$results/sv2v_output.v:118$928'.
Creating decoders for process `$paramod$a88ee0a5926de7bf46212eeecf09e1cb171e2c26\array.$proc$results/sv2v_output.v:118$927'.
Creating decoders for process `$paramod$a88ee0a5926de7bf46212eeecf09e1cb171e2c26\array.$proc$results/sv2v_output.v:118$926'.
Creating decoders for process `$paramod$a88ee0a5926de7bf46212eeecf09e1cb171e2c26\array.$proc$results/sv2v_output.v:118$925'.
Creating decoders for process `$paramod$a88ee0a5926de7bf46212eeecf09e1cb171e2c26\array.$proc$results/sv2v_output.v:118$924'.
Creating decoders for process `$paramod$a88ee0a5926de7bf46212eeecf09e1cb171e2c26\array.$proc$results/sv2v_output.v:118$923'.
Creating decoders for process `$paramod$a88ee0a5926de7bf46212eeecf09e1cb171e2c26\array.$proc$results/sv2v_output.v:118$922'.
Creating decoders for process `$paramod$a88ee0a5926de7bf46212eeecf09e1cb171e2c26\array.$proc$results/sv2v_output.v:118$921'.
Creating decoders for process `$paramod$a88ee0a5926de7bf46212eeecf09e1cb171e2c26\array.$proc$results/sv2v_output.v:118$920'.
Creating decoders for process `$paramod$a88ee0a5926de7bf46212eeecf09e1cb171e2c26\array.$proc$results/sv2v_output.v:118$919'.
Creating decoders for process `$paramod$a88ee0a5926de7bf46212eeecf09e1cb171e2c26\array.$proc$results/sv2v_output.v:118$918'.
Creating decoders for process `$paramod$a88ee0a5926de7bf46212eeecf09e1cb171e2c26\array.$proc$results/sv2v_output.v:118$917'.
Creating decoders for process `$paramod$a88ee0a5926de7bf46212eeecf09e1cb171e2c26\array.$proc$results/sv2v_output.v:118$916'.
Creating decoders for process `$paramod$a88ee0a5926de7bf46212eeecf09e1cb171e2c26\array.$proc$results/sv2v_output.v:118$915'.
Creating decoders for process `$paramod$a88ee0a5926de7bf46212eeecf09e1cb171e2c26\array.$proc$results/sv2v_output.v:118$914'.
Creating decoders for process `$paramod$a88ee0a5926de7bf46212eeecf09e1cb171e2c26\array.$proc$results/sv2v_output.v:118$913'.
Creating decoders for process `$paramod$a88ee0a5926de7bf46212eeecf09e1cb171e2c26\array.$proc$results/sv2v_output.v:118$912'.
Creating decoders for process `$paramod$a88ee0a5926de7bf46212eeecf09e1cb171e2c26\array.$proc$results/sv2v_output.v:118$911'.
Creating decoders for process `$paramod$a88ee0a5926de7bf46212eeecf09e1cb171e2c26\array.$proc$results/sv2v_output.v:118$910'.
Creating decoders for process `$paramod$a88ee0a5926de7bf46212eeecf09e1cb171e2c26\array.$proc$results/sv2v_output.v:118$909'.
Creating decoders for process `$paramod$a88ee0a5926de7bf46212eeecf09e1cb171e2c26\array.$proc$results/sv2v_output.v:118$908'.
Creating decoders for process `$paramod$a88ee0a5926de7bf46212eeecf09e1cb171e2c26\array.$proc$results/sv2v_output.v:118$907'.
Creating decoders for process `$paramod$a88ee0a5926de7bf46212eeecf09e1cb171e2c26\array.$proc$results/sv2v_output.v:118$906'.
Creating decoders for process `$paramod$a88ee0a5926de7bf46212eeecf09e1cb171e2c26\array.$proc$results/sv2v_output.v:118$905'.
Creating decoders for process `$paramod$a88ee0a5926de7bf46212eeecf09e1cb171e2c26\array.$proc$results/sv2v_output.v:118$904'.
Creating decoders for process `$paramod$a88ee0a5926de7bf46212eeecf09e1cb171e2c26\array.$proc$results/sv2v_output.v:118$903'.
Creating decoders for process `$paramod$a88ee0a5926de7bf46212eeecf09e1cb171e2c26\array.$proc$results/sv2v_output.v:118$902'.
Creating decoders for process `$paramod$a88ee0a5926de7bf46212eeecf09e1cb171e2c26\array.$proc$results/sv2v_output.v:118$901'.
Creating decoders for process `$paramod$a88ee0a5926de7bf46212eeecf09e1cb171e2c26\array.$proc$results/sv2v_output.v:118$900'.
Creating decoders for process `$paramod$a88ee0a5926de7bf46212eeecf09e1cb171e2c26\array.$proc$results/sv2v_output.v:118$899'.
Creating decoders for process `$paramod$a88ee0a5926de7bf46212eeecf09e1cb171e2c26\array.$proc$results/sv2v_output.v:118$898'.
Creating decoders for process `$paramod$a88ee0a5926de7bf46212eeecf09e1cb171e2c26\array.$proc$results/sv2v_output.v:118$897'.
Creating decoders for process `$paramod$a88ee0a5926de7bf46212eeecf09e1cb171e2c26\array.$proc$results/sv2v_output.v:118$896'.
Creating decoders for process `$paramod$a88ee0a5926de7bf46212eeecf09e1cb171e2c26\array.$proc$results/sv2v_output.v:118$895'.
Creating decoders for process `$paramod$a88ee0a5926de7bf46212eeecf09e1cb171e2c26\array.$proc$results/sv2v_output.v:118$894'.
Creating decoders for process `$paramod$a88ee0a5926de7bf46212eeecf09e1cb171e2c26\array.$proc$results/sv2v_output.v:118$893'.
Creating decoders for process `$paramod$a88ee0a5926de7bf46212eeecf09e1cb171e2c26\array.$proc$results/sv2v_output.v:118$892'.
Creating decoders for process `$paramod$a88ee0a5926de7bf46212eeecf09e1cb171e2c26\array.$proc$results/sv2v_output.v:118$891'.
Creating decoders for process `$paramod$a88ee0a5926de7bf46212eeecf09e1cb171e2c26\array.$proc$results/sv2v_output.v:118$890'.
Creating decoders for process `$paramod$a88ee0a5926de7bf46212eeecf09e1cb171e2c26\array.$proc$results/sv2v_output.v:118$889'.
Creating decoders for process `$paramod$a88ee0a5926de7bf46212eeecf09e1cb171e2c26\array.$proc$results/sv2v_output.v:118$888'.
Creating decoders for process `$paramod$a88ee0a5926de7bf46212eeecf09e1cb171e2c26\array.$proc$results/sv2v_output.v:118$887'.
Creating decoders for process `$paramod$a88ee0a5926de7bf46212eeecf09e1cb171e2c26\array.$proc$results/sv2v_output.v:118$886'.
Creating decoders for process `$paramod$a88ee0a5926de7bf46212eeecf09e1cb171e2c26\array.$proc$results/sv2v_output.v:118$885'.
Creating decoders for process `$paramod$a88ee0a5926de7bf46212eeecf09e1cb171e2c26\array.$proc$results/sv2v_output.v:118$884'.
Creating decoders for process `$paramod$a88ee0a5926de7bf46212eeecf09e1cb171e2c26\array.$proc$results/sv2v_output.v:118$883'.
Creating decoders for process `$paramod$a88ee0a5926de7bf46212eeecf09e1cb171e2c26\array.$proc$results/sv2v_output.v:118$882'.
Creating decoders for process `$paramod$a88ee0a5926de7bf46212eeecf09e1cb171e2c26\array.$proc$results/sv2v_output.v:118$881'.
Creating decoders for process `$paramod$a88ee0a5926de7bf46212eeecf09e1cb171e2c26\array.$proc$results/sv2v_output.v:118$880'.
Creating decoders for process `$paramod$a88ee0a5926de7bf46212eeecf09e1cb171e2c26\array.$proc$results/sv2v_output.v:118$879'.
Creating decoders for process `$paramod$a88ee0a5926de7bf46212eeecf09e1cb171e2c26\array.$proc$results/sv2v_output.v:118$878'.
Creating decoders for process `$paramod$a88ee0a5926de7bf46212eeecf09e1cb171e2c26\array.$proc$results/sv2v_output.v:118$877'.
Creating decoders for process `$paramod$a88ee0a5926de7bf46212eeecf09e1cb171e2c26\array.$proc$results/sv2v_output.v:118$876'.
Creating decoders for process `$paramod$a88ee0a5926de7bf46212eeecf09e1cb171e2c26\array.$proc$results/sv2v_output.v:118$875'.
Creating decoders for process `$paramod$a88ee0a5926de7bf46212eeecf09e1cb171e2c26\array.$proc$results/sv2v_output.v:118$874'.
Creating decoders for process `$paramod$a88ee0a5926de7bf46212eeecf09e1cb171e2c26\array.$proc$results/sv2v_output.v:118$873'.
Creating decoders for process `$paramod$a88ee0a5926de7bf46212eeecf09e1cb171e2c26\array.$proc$results/sv2v_output.v:118$872'.
Creating decoders for process `$paramod$a88ee0a5926de7bf46212eeecf09e1cb171e2c26\array.$proc$results/sv2v_output.v:118$871'.
Creating decoders for process `$paramod$a88ee0a5926de7bf46212eeecf09e1cb171e2c26\array.$proc$results/sv2v_output.v:118$870'.
Creating decoders for process `$paramod$a88ee0a5926de7bf46212eeecf09e1cb171e2c26\array.$proc$results/sv2v_output.v:118$869'.
Creating decoders for process `$paramod$a88ee0a5926de7bf46212eeecf09e1cb171e2c26\array.$proc$results/sv2v_output.v:118$868'.
Creating decoders for process `$paramod$a88ee0a5926de7bf46212eeecf09e1cb171e2c26\array.$proc$results/sv2v_output.v:118$867'.
Creating decoders for process `$paramod$a88ee0a5926de7bf46212eeecf09e1cb171e2c26\array.$proc$results/sv2v_output.v:118$866'.
Creating decoders for process `$paramod$a88ee0a5926de7bf46212eeecf09e1cb171e2c26\array.$proc$results/sv2v_output.v:118$865'.
Creating decoders for process `$paramod$a88ee0a5926de7bf46212eeecf09e1cb171e2c26\array.$proc$results/sv2v_output.v:118$864'.
Creating decoders for process `$paramod$a88ee0a5926de7bf46212eeecf09e1cb171e2c26\array.$proc$results/sv2v_output.v:118$863'.
Creating decoders for process `$paramod$a88ee0a5926de7bf46212eeecf09e1cb171e2c26\array.$proc$results/sv2v_output.v:118$862'.
Creating decoders for process `$paramod$a88ee0a5926de7bf46212eeecf09e1cb171e2c26\array.$proc$results/sv2v_output.v:118$861'.
Creating decoders for process `$paramod$a88ee0a5926de7bf46212eeecf09e1cb171e2c26\array.$proc$results/sv2v_output.v:118$860'.
Creating decoders for process `$paramod$a88ee0a5926de7bf46212eeecf09e1cb171e2c26\array.$proc$results/sv2v_output.v:118$859'.
Creating decoders for process `$paramod$a88ee0a5926de7bf46212eeecf09e1cb171e2c26\array.$proc$results/sv2v_output.v:118$858'.
Creating decoders for process `$paramod$a88ee0a5926de7bf46212eeecf09e1cb171e2c26\array.$proc$results/sv2v_output.v:118$857'.
Creating decoders for process `$paramod$a88ee0a5926de7bf46212eeecf09e1cb171e2c26\array.$proc$results/sv2v_output.v:118$856'.
Creating decoders for process `$paramod$a88ee0a5926de7bf46212eeecf09e1cb171e2c26\array.$proc$results/sv2v_output.v:118$855'.
Creating decoders for process `$paramod$a88ee0a5926de7bf46212eeecf09e1cb171e2c26\array.$proc$results/sv2v_output.v:118$854'.
Creating decoders for process `$paramod$a88ee0a5926de7bf46212eeecf09e1cb171e2c26\array.$proc$results/sv2v_output.v:118$853'.
Creating decoders for process `$paramod$a88ee0a5926de7bf46212eeecf09e1cb171e2c26\array.$proc$results/sv2v_output.v:118$852'.
Creating decoders for process `$paramod$a88ee0a5926de7bf46212eeecf09e1cb171e2c26\array.$proc$results/sv2v_output.v:118$851'.
Creating decoders for process `$paramod$a88ee0a5926de7bf46212eeecf09e1cb171e2c26\array.$proc$results/sv2v_output.v:118$850'.
Creating decoders for process `$paramod$a88ee0a5926de7bf46212eeecf09e1cb171e2c26\array.$proc$results/sv2v_output.v:118$849'.
Creating decoders for process `$paramod$a88ee0a5926de7bf46212eeecf09e1cb171e2c26\array.$proc$results/sv2v_output.v:118$848'.
Creating decoders for process `$paramod$a88ee0a5926de7bf46212eeecf09e1cb171e2c26\array.$proc$results/sv2v_output.v:118$847'.
Creating decoders for process `$paramod$a88ee0a5926de7bf46212eeecf09e1cb171e2c26\array.$proc$results/sv2v_output.v:118$846'.
Creating decoders for process `$paramod$a88ee0a5926de7bf46212eeecf09e1cb171e2c26\array.$proc$results/sv2v_output.v:118$845'.
Creating decoders for process `$paramod$a88ee0a5926de7bf46212eeecf09e1cb171e2c26\array.$proc$results/sv2v_output.v:118$844'.
Creating decoders for process `$paramod$a88ee0a5926de7bf46212eeecf09e1cb171e2c26\array.$proc$results/sv2v_output.v:118$843'.
Creating decoders for process `$paramod$a88ee0a5926de7bf46212eeecf09e1cb171e2c26\array.$proc$results/sv2v_output.v:118$842'.
Creating decoders for process `$paramod$a88ee0a5926de7bf46212eeecf09e1cb171e2c26\array.$proc$results/sv2v_output.v:118$841'.
Creating decoders for process `$paramod$a88ee0a5926de7bf46212eeecf09e1cb171e2c26\array.$proc$results/sv2v_output.v:118$840'.
Creating decoders for process `$paramod$a88ee0a5926de7bf46212eeecf09e1cb171e2c26\array.$proc$results/sv2v_output.v:118$839'.
Creating decoders for process `$paramod$a88ee0a5926de7bf46212eeecf09e1cb171e2c26\array.$proc$results/sv2v_output.v:118$838'.
Creating decoders for process `$paramod$a88ee0a5926de7bf46212eeecf09e1cb171e2c26\array.$proc$results/sv2v_output.v:118$837'.
Creating decoders for process `$paramod$a88ee0a5926de7bf46212eeecf09e1cb171e2c26\array.$proc$results/sv2v_output.v:118$836'.
Creating decoders for process `$paramod$a88ee0a5926de7bf46212eeecf09e1cb171e2c26\array.$proc$results/sv2v_output.v:118$835'.
Creating decoders for process `$paramod$a88ee0a5926de7bf46212eeecf09e1cb171e2c26\array.$proc$results/sv2v_output.v:118$834'.
Creating decoders for process `$paramod$a88ee0a5926de7bf46212eeecf09e1cb171e2c26\array.$proc$results/sv2v_output.v:118$833'.
Creating decoders for process `$paramod$a88ee0a5926de7bf46212eeecf09e1cb171e2c26\array.$proc$results/sv2v_output.v:118$832'.
Creating decoders for process `$paramod$a88ee0a5926de7bf46212eeecf09e1cb171e2c26\array.$proc$results/sv2v_output.v:118$831'.
Creating decoders for process `$paramod$a88ee0a5926de7bf46212eeecf09e1cb171e2c26\array.$proc$results/sv2v_output.v:118$830'.
Creating decoders for process `$paramod$a88ee0a5926de7bf46212eeecf09e1cb171e2c26\array.$proc$results/sv2v_output.v:118$829'.
Creating decoders for process `$paramod$a88ee0a5926de7bf46212eeecf09e1cb171e2c26\array.$proc$results/sv2v_output.v:118$828'.
Creating decoders for process `$paramod$a88ee0a5926de7bf46212eeecf09e1cb171e2c26\array.$proc$results/sv2v_output.v:118$827'.
Creating decoders for process `$paramod$a88ee0a5926de7bf46212eeecf09e1cb171e2c26\array.$proc$results/sv2v_output.v:118$826'.
Creating decoders for process `$paramod$a88ee0a5926de7bf46212eeecf09e1cb171e2c26\array.$proc$results/sv2v_output.v:118$825'.
Creating decoders for process `$paramod$a88ee0a5926de7bf46212eeecf09e1cb171e2c26\array.$proc$results/sv2v_output.v:118$824'.
Creating decoders for process `$paramod$a88ee0a5926de7bf46212eeecf09e1cb171e2c26\array.$proc$results/sv2v_output.v:118$823'.
Creating decoders for process `$paramod$a88ee0a5926de7bf46212eeecf09e1cb171e2c26\array.$proc$results/sv2v_output.v:118$822'.
Creating decoders for process `$paramod$a88ee0a5926de7bf46212eeecf09e1cb171e2c26\array.$proc$results/sv2v_output.v:118$821'.
Creating decoders for process `$paramod$a88ee0a5926de7bf46212eeecf09e1cb171e2c26\array.$proc$results/sv2v_output.v:118$820'.
Creating decoders for process `$paramod$a88ee0a5926de7bf46212eeecf09e1cb171e2c26\array.$proc$results/sv2v_output.v:118$819'.
Creating decoders for process `$paramod$a88ee0a5926de7bf46212eeecf09e1cb171e2c26\array.$proc$results/sv2v_output.v:118$818'.
Creating decoders for process `$paramod$a88ee0a5926de7bf46212eeecf09e1cb171e2c26\array.$proc$results/sv2v_output.v:118$817'.
Creating decoders for process `$paramod$a88ee0a5926de7bf46212eeecf09e1cb171e2c26\array.$proc$results/sv2v_output.v:118$816'.
Creating decoders for process `$paramod$a88ee0a5926de7bf46212eeecf09e1cb171e2c26\array.$proc$results/sv2v_output.v:118$815'.
Creating decoders for process `$paramod$a88ee0a5926de7bf46212eeecf09e1cb171e2c26\array.$proc$results/sv2v_output.v:118$814'.
Creating decoders for process `$paramod$a88ee0a5926de7bf46212eeecf09e1cb171e2c26\array.$proc$results/sv2v_output.v:118$813'.
Creating decoders for process `$paramod$a88ee0a5926de7bf46212eeecf09e1cb171e2c26\array.$proc$results/sv2v_output.v:118$812'.
Creating decoders for process `$paramod$a88ee0a5926de7bf46212eeecf09e1cb171e2c26\array.$proc$results/sv2v_output.v:118$811'.
Creating decoders for process `$paramod$a88ee0a5926de7bf46212eeecf09e1cb171e2c26\array.$proc$results/sv2v_output.v:118$810'.
Creating decoders for process `$paramod$a88ee0a5926de7bf46212eeecf09e1cb171e2c26\array.$proc$results/sv2v_output.v:118$809'.
Creating decoders for process `$paramod$a88ee0a5926de7bf46212eeecf09e1cb171e2c26\array.$proc$results/sv2v_output.v:118$808'.
Creating decoders for process `$paramod$a88ee0a5926de7bf46212eeecf09e1cb171e2c26\array.$proc$results/sv2v_output.v:118$807'.
Creating decoders for process `$paramod$a88ee0a5926de7bf46212eeecf09e1cb171e2c26\array.$proc$results/sv2v_output.v:118$806'.
Creating decoders for process `$paramod$a88ee0a5926de7bf46212eeecf09e1cb171e2c26\array.$proc$results/sv2v_output.v:118$805'.
Creating decoders for process `$paramod$a88ee0a5926de7bf46212eeecf09e1cb171e2c26\array.$proc$results/sv2v_output.v:118$804'.
Creating decoders for process `$paramod$a88ee0a5926de7bf46212eeecf09e1cb171e2c26\array.$proc$results/sv2v_output.v:118$803'.
Creating decoders for process `$paramod$a88ee0a5926de7bf46212eeecf09e1cb171e2c26\array.$proc$results/sv2v_output.v:118$802'.
Creating decoders for process `$paramod$a88ee0a5926de7bf46212eeecf09e1cb171e2c26\array.$proc$results/sv2v_output.v:118$801'.
Creating decoders for process `$paramod$a88ee0a5926de7bf46212eeecf09e1cb171e2c26\array.$proc$results/sv2v_output.v:118$800'.
Creating decoders for process `$paramod$a88ee0a5926de7bf46212eeecf09e1cb171e2c26\array.$proc$results/sv2v_output.v:118$799'.
Creating decoders for process `$paramod$a88ee0a5926de7bf46212eeecf09e1cb171e2c26\array.$proc$results/sv2v_output.v:118$798'.
Creating decoders for process `$paramod$a88ee0a5926de7bf46212eeecf09e1cb171e2c26\array.$proc$results/sv2v_output.v:118$797'.
Creating decoders for process `$paramod$a88ee0a5926de7bf46212eeecf09e1cb171e2c26\array.$proc$results/sv2v_output.v:118$796'.
Creating decoders for process `$paramod$a88ee0a5926de7bf46212eeecf09e1cb171e2c26\array.$proc$results/sv2v_output.v:118$795'.
Creating decoders for process `$paramod$a88ee0a5926de7bf46212eeecf09e1cb171e2c26\array.$proc$results/sv2v_output.v:118$794'.
Creating decoders for process `$paramod$a88ee0a5926de7bf46212eeecf09e1cb171e2c26\array.$proc$results/sv2v_output.v:118$793'.
Creating decoders for process `$paramod$a88ee0a5926de7bf46212eeecf09e1cb171e2c26\array.$proc$results/sv2v_output.v:118$792'.
Creating decoders for process `$paramod$a88ee0a5926de7bf46212eeecf09e1cb171e2c26\array.$proc$results/sv2v_output.v:118$791'.
Creating decoders for process `$paramod$a88ee0a5926de7bf46212eeecf09e1cb171e2c26\array.$proc$results/sv2v_output.v:118$790'.
Creating decoders for process `$paramod$a88ee0a5926de7bf46212eeecf09e1cb171e2c26\array.$proc$results/sv2v_output.v:118$789'.
Creating decoders for process `$paramod$a88ee0a5926de7bf46212eeecf09e1cb171e2c26\array.$proc$results/sv2v_output.v:118$788'.
Creating decoders for process `$paramod$a88ee0a5926de7bf46212eeecf09e1cb171e2c26\array.$proc$results/sv2v_output.v:118$787'.
Creating decoders for process `$paramod$a88ee0a5926de7bf46212eeecf09e1cb171e2c26\array.$proc$results/sv2v_output.v:118$786'.
Creating decoders for process `$paramod$a88ee0a5926de7bf46212eeecf09e1cb171e2c26\array.$proc$results/sv2v_output.v:118$785'.
Creating decoders for process `$paramod$a88ee0a5926de7bf46212eeecf09e1cb171e2c26\array.$proc$results/sv2v_output.v:118$784'.
Creating decoders for process `$paramod$a88ee0a5926de7bf46212eeecf09e1cb171e2c26\array.$proc$results/sv2v_output.v:118$783'.
Creating decoders for process `$paramod$a88ee0a5926de7bf46212eeecf09e1cb171e2c26\array.$proc$results/sv2v_output.v:118$782'.
Creating decoders for process `$paramod$a88ee0a5926de7bf46212eeecf09e1cb171e2c26\array.$proc$results/sv2v_output.v:118$781'.
Creating decoders for process `$paramod$a88ee0a5926de7bf46212eeecf09e1cb171e2c26\array.$proc$results/sv2v_output.v:118$780'.
Creating decoders for process `$paramod$a88ee0a5926de7bf46212eeecf09e1cb171e2c26\array.$proc$results/sv2v_output.v:118$779'.
Creating decoders for process `$paramod$a88ee0a5926de7bf46212eeecf09e1cb171e2c26\array.$proc$results/sv2v_output.v:118$778'.
Creating decoders for process `$paramod$a88ee0a5926de7bf46212eeecf09e1cb171e2c26\array.$proc$results/sv2v_output.v:118$777'.
Creating decoders for process `$paramod$a88ee0a5926de7bf46212eeecf09e1cb171e2c26\array.$proc$results/sv2v_output.v:118$776'.
Creating decoders for process `$paramod$a88ee0a5926de7bf46212eeecf09e1cb171e2c26\array.$proc$results/sv2v_output.v:118$775'.
Creating decoders for process `$paramod$a88ee0a5926de7bf46212eeecf09e1cb171e2c26\array.$proc$results/sv2v_output.v:118$774'.
Creating decoders for process `$paramod$a88ee0a5926de7bf46212eeecf09e1cb171e2c26\array.$proc$results/sv2v_output.v:118$773'.
Creating decoders for process `$paramod$a88ee0a5926de7bf46212eeecf09e1cb171e2c26\array.$proc$results/sv2v_output.v:118$772'.
Creating decoders for process `$paramod$a88ee0a5926de7bf46212eeecf09e1cb171e2c26\array.$proc$results/sv2v_output.v:118$771'.
Creating decoders for process `$paramod$a88ee0a5926de7bf46212eeecf09e1cb171e2c26\array.$proc$results/sv2v_output.v:118$770'.
Creating decoders for process `$paramod$a88ee0a5926de7bf46212eeecf09e1cb171e2c26\array.$proc$results/sv2v_output.v:118$769'.
Creating decoders for process `$paramod$a88ee0a5926de7bf46212eeecf09e1cb171e2c26\array.$proc$results/sv2v_output.v:118$768'.
Creating decoders for process `$paramod$a88ee0a5926de7bf46212eeecf09e1cb171e2c26\array.$proc$results/sv2v_output.v:118$767'.
Creating decoders for process `$paramod$a88ee0a5926de7bf46212eeecf09e1cb171e2c26\array.$proc$results/sv2v_output.v:118$766'.
Creating decoders for process `$paramod$a88ee0a5926de7bf46212eeecf09e1cb171e2c26\array.$proc$results/sv2v_output.v:118$765'.
Creating decoders for process `$paramod$a88ee0a5926de7bf46212eeecf09e1cb171e2c26\array.$proc$results/sv2v_output.v:118$764'.
Creating decoders for process `$paramod$a88ee0a5926de7bf46212eeecf09e1cb171e2c26\array.$proc$results/sv2v_output.v:118$763'.
Creating decoders for process `$paramod$a88ee0a5926de7bf46212eeecf09e1cb171e2c26\array.$proc$results/sv2v_output.v:118$762'.
Creating decoders for process `$paramod$a88ee0a5926de7bf46212eeecf09e1cb171e2c26\array.$proc$results/sv2v_output.v:118$761'.
Creating decoders for process `$paramod$a88ee0a5926de7bf46212eeecf09e1cb171e2c26\array.$proc$results/sv2v_output.v:118$760'.
Creating decoders for process `$paramod$a88ee0a5926de7bf46212eeecf09e1cb171e2c26\array.$proc$results/sv2v_output.v:118$759'.
Creating decoders for process `$paramod$a88ee0a5926de7bf46212eeecf09e1cb171e2c26\array.$proc$results/sv2v_output.v:118$758'.
Creating decoders for process `$paramod$a88ee0a5926de7bf46212eeecf09e1cb171e2c26\array.$proc$results/sv2v_output.v:118$757'.
Creating decoders for process `$paramod$a88ee0a5926de7bf46212eeecf09e1cb171e2c26\array.$proc$results/sv2v_output.v:118$756'.
Creating decoders for process `$paramod$a88ee0a5926de7bf46212eeecf09e1cb171e2c26\array.$proc$results/sv2v_output.v:118$755'.
Creating decoders for process `$paramod$a88ee0a5926de7bf46212eeecf09e1cb171e2c26\array.$proc$results/sv2v_output.v:118$754'.
Creating decoders for process `$paramod$a88ee0a5926de7bf46212eeecf09e1cb171e2c26\array.$proc$results/sv2v_output.v:118$753'.
Creating decoders for process `$paramod$a88ee0a5926de7bf46212eeecf09e1cb171e2c26\array.$proc$results/sv2v_output.v:118$752'.
Creating decoders for process `$paramod$a88ee0a5926de7bf46212eeecf09e1cb171e2c26\array.$proc$results/sv2v_output.v:118$751'.
Creating decoders for process `$paramod$a88ee0a5926de7bf46212eeecf09e1cb171e2c26\array.$proc$results/sv2v_output.v:118$750'.
Creating decoders for process `$paramod$a88ee0a5926de7bf46212eeecf09e1cb171e2c26\array.$proc$results/sv2v_output.v:118$749'.
Creating decoders for process `$paramod$a88ee0a5926de7bf46212eeecf09e1cb171e2c26\array.$proc$results/sv2v_output.v:118$748'.
Creating decoders for process `$paramod$a88ee0a5926de7bf46212eeecf09e1cb171e2c26\array.$proc$results/sv2v_output.v:118$747'.
Creating decoders for process `$paramod$a88ee0a5926de7bf46212eeecf09e1cb171e2c26\array.$proc$results/sv2v_output.v:118$746'.
Creating decoders for process `$paramod$a88ee0a5926de7bf46212eeecf09e1cb171e2c26\array.$proc$results/sv2v_output.v:118$745'.
Creating decoders for process `$paramod$a88ee0a5926de7bf46212eeecf09e1cb171e2c26\array.$proc$results/sv2v_output.v:118$744'.
Creating decoders for process `$paramod$a88ee0a5926de7bf46212eeecf09e1cb171e2c26\array.$proc$results/sv2v_output.v:118$743'.
Creating decoders for process `$paramod$a88ee0a5926de7bf46212eeecf09e1cb171e2c26\array.$proc$results/sv2v_output.v:118$742'.
Creating decoders for process `$paramod$a88ee0a5926de7bf46212eeecf09e1cb171e2c26\array.$proc$results/sv2v_output.v:118$741'.
Creating decoders for process `$paramod$a88ee0a5926de7bf46212eeecf09e1cb171e2c26\array.$proc$results/sv2v_output.v:118$740'.
Creating decoders for process `$paramod$a88ee0a5926de7bf46212eeecf09e1cb171e2c26\array.$proc$results/sv2v_output.v:118$739'.
Creating decoders for process `$paramod$a88ee0a5926de7bf46212eeecf09e1cb171e2c26\array.$proc$results/sv2v_output.v:118$738'.
Creating decoders for process `$paramod$a88ee0a5926de7bf46212eeecf09e1cb171e2c26\array.$proc$results/sv2v_output.v:118$737'.
Creating decoders for process `$paramod$a88ee0a5926de7bf46212eeecf09e1cb171e2c26\array.$proc$results/sv2v_output.v:118$736'.
Creating decoders for process `$paramod$a88ee0a5926de7bf46212eeecf09e1cb171e2c26\array.$proc$results/sv2v_output.v:118$735'.
Creating decoders for process `$paramod$a88ee0a5926de7bf46212eeecf09e1cb171e2c26\array.$proc$results/sv2v_output.v:118$734'.
Creating decoders for process `$paramod$a88ee0a5926de7bf46212eeecf09e1cb171e2c26\array.$proc$results/sv2v_output.v:118$733'.
Creating decoders for process `$paramod$a88ee0a5926de7bf46212eeecf09e1cb171e2c26\array.$proc$results/sv2v_output.v:118$732'.
Creating decoders for process `$paramod$a88ee0a5926de7bf46212eeecf09e1cb171e2c26\array.$proc$results/sv2v_output.v:118$731'.
Creating decoders for process `$paramod$a88ee0a5926de7bf46212eeecf09e1cb171e2c26\array.$proc$results/sv2v_output.v:118$730'.
Creating decoders for process `$paramod$a88ee0a5926de7bf46212eeecf09e1cb171e2c26\array.$proc$results/sv2v_output.v:118$729'.
Creating decoders for process `$paramod$a88ee0a5926de7bf46212eeecf09e1cb171e2c26\array.$proc$results/sv2v_output.v:118$728'.
Creating decoders for process `$paramod$a88ee0a5926de7bf46212eeecf09e1cb171e2c26\array.$proc$results/sv2v_output.v:118$727'.
Creating decoders for process `$paramod$a88ee0a5926de7bf46212eeecf09e1cb171e2c26\array.$proc$results/sv2v_output.v:118$726'.
Creating decoders for process `$paramod$a88ee0a5926de7bf46212eeecf09e1cb171e2c26\array.$proc$results/sv2v_output.v:118$725'.
Creating decoders for process `$paramod$a88ee0a5926de7bf46212eeecf09e1cb171e2c26\array.$proc$results/sv2v_output.v:118$724'.
Creating decoders for process `$paramod$a88ee0a5926de7bf46212eeecf09e1cb171e2c26\array.$proc$results/sv2v_output.v:118$723'.
Creating decoders for process `$paramod$a88ee0a5926de7bf46212eeecf09e1cb171e2c26\array.$proc$results/sv2v_output.v:118$722'.
Creating decoders for process `$paramod$a88ee0a5926de7bf46212eeecf09e1cb171e2c26\array.$proc$results/sv2v_output.v:118$721'.
Creating decoders for process `$paramod$a88ee0a5926de7bf46212eeecf09e1cb171e2c26\array.$proc$results/sv2v_output.v:118$720'.
Creating decoders for process `$paramod$a88ee0a5926de7bf46212eeecf09e1cb171e2c26\array.$proc$results/sv2v_output.v:118$719'.
Creating decoders for process `$paramod$a88ee0a5926de7bf46212eeecf09e1cb171e2c26\array.$proc$results/sv2v_output.v:118$718'.
Creating decoders for process `$paramod$a88ee0a5926de7bf46212eeecf09e1cb171e2c26\array.$proc$results/sv2v_output.v:118$717'.
Creating decoders for process `$paramod$a88ee0a5926de7bf46212eeecf09e1cb171e2c26\array.$proc$results/sv2v_output.v:118$716'.
Creating decoders for process `$paramod$a88ee0a5926de7bf46212eeecf09e1cb171e2c26\array.$proc$results/sv2v_output.v:118$715'.
Creating decoders for process `$paramod$a88ee0a5926de7bf46212eeecf09e1cb171e2c26\array.$proc$results/sv2v_output.v:118$714'.
Creating decoders for process `$paramod$a88ee0a5926de7bf46212eeecf09e1cb171e2c26\array.$proc$results/sv2v_output.v:118$713'.
Creating decoders for process `$paramod$a88ee0a5926de7bf46212eeecf09e1cb171e2c26\array.$proc$results/sv2v_output.v:118$712'.
Creating decoders for process `$paramod$a88ee0a5926de7bf46212eeecf09e1cb171e2c26\array.$proc$results/sv2v_output.v:118$711'.
Creating decoders for process `$paramod$a88ee0a5926de7bf46212eeecf09e1cb171e2c26\array.$proc$results/sv2v_output.v:118$710'.
Creating decoders for process `$paramod$a88ee0a5926de7bf46212eeecf09e1cb171e2c26\array.$proc$results/sv2v_output.v:118$709'.
Creating decoders for process `$paramod$a88ee0a5926de7bf46212eeecf09e1cb171e2c26\array.$proc$results/sv2v_output.v:118$708'.
Creating decoders for process `$paramod$a88ee0a5926de7bf46212eeecf09e1cb171e2c26\array.$proc$results/sv2v_output.v:118$707'.
Creating decoders for process `$paramod$a88ee0a5926de7bf46212eeecf09e1cb171e2c26\array.$proc$results/sv2v_output.v:118$706'.
Creating decoders for process `$paramod$a88ee0a5926de7bf46212eeecf09e1cb171e2c26\array.$proc$results/sv2v_output.v:118$705'.
Creating decoders for process `$paramod$a88ee0a5926de7bf46212eeecf09e1cb171e2c26\array.$proc$results/sv2v_output.v:118$704'.
Creating decoders for process `$paramod$a88ee0a5926de7bf46212eeecf09e1cb171e2c26\array.$proc$results/sv2v_output.v:118$703'.
Creating decoders for process `$paramod$a88ee0a5926de7bf46212eeecf09e1cb171e2c26\array.$proc$results/sv2v_output.v:118$702'.
Creating decoders for process `$paramod$a88ee0a5926de7bf46212eeecf09e1cb171e2c26\array.$proc$results/sv2v_output.v:118$701'.
Creating decoders for process `$paramod$a88ee0a5926de7bf46212eeecf09e1cb171e2c26\array.$proc$results/sv2v_output.v:118$700'.
Creating decoders for process `$paramod$a88ee0a5926de7bf46212eeecf09e1cb171e2c26\array.$proc$results/sv2v_output.v:104$699'.
Creating decoders for process `$paramod$a88ee0a5926de7bf46212eeecf09e1cb171e2c26\array.$proc$results/sv2v_output.v:104$698'.
Creating decoders for process `$paramod$a88ee0a5926de7bf46212eeecf09e1cb171e2c26\array.$proc$results/sv2v_output.v:104$697'.
Creating decoders for process `$paramod$a88ee0a5926de7bf46212eeecf09e1cb171e2c26\array.$proc$results/sv2v_output.v:104$696'.
Creating decoders for process `$paramod$a88ee0a5926de7bf46212eeecf09e1cb171e2c26\array.$proc$results/sv2v_output.v:104$695'.
Creating decoders for process `$paramod$a88ee0a5926de7bf46212eeecf09e1cb171e2c26\array.$proc$results/sv2v_output.v:104$694'.
Creating decoders for process `$paramod$a88ee0a5926de7bf46212eeecf09e1cb171e2c26\array.$proc$results/sv2v_output.v:104$693'.
Creating decoders for process `$paramod$a88ee0a5926de7bf46212eeecf09e1cb171e2c26\array.$proc$results/sv2v_output.v:104$692'.
Creating decoders for process `$paramod$a88ee0a5926de7bf46212eeecf09e1cb171e2c26\array.$proc$results/sv2v_output.v:104$691'.
Creating decoders for process `$paramod$a88ee0a5926de7bf46212eeecf09e1cb171e2c26\array.$proc$results/sv2v_output.v:104$690'.
Creating decoders for process `$paramod$a88ee0a5926de7bf46212eeecf09e1cb171e2c26\array.$proc$results/sv2v_output.v:104$689'.
Creating decoders for process `$paramod$a88ee0a5926de7bf46212eeecf09e1cb171e2c26\array.$proc$results/sv2v_output.v:104$688'.
Creating decoders for process `$paramod$a88ee0a5926de7bf46212eeecf09e1cb171e2c26\array.$proc$results/sv2v_output.v:104$687'.
Creating decoders for process `$paramod$a88ee0a5926de7bf46212eeecf09e1cb171e2c26\array.$proc$results/sv2v_output.v:104$686'.
Creating decoders for process `$paramod$a88ee0a5926de7bf46212eeecf09e1cb171e2c26\array.$proc$results/sv2v_output.v:104$685'.
Creating decoders for process `$paramod$a88ee0a5926de7bf46212eeecf09e1cb171e2c26\array.$proc$results/sv2v_output.v:104$684'.

3.2.8. Executing PROC_DLATCH pass (convert process syncs to latches).
No latch inferred for signal `$paramod$ddb646b36b98b3bde174fb312724e3655b16564f\pe_col.\acc_wire[16]' from process `$paramod$ddb646b36b98b3bde174fb312724e3655b16564f\pe_col.$proc$results/sv2v_output.v:73$1040'.
No latch inferred for signal `$paramod$ddb646b36b98b3bde174fb312724e3655b16564f\pe_col.\acc_wire[15]' from process `$paramod$ddb646b36b98b3bde174fb312724e3655b16564f\pe_col.$proc$results/sv2v_output.v:73$1039'.
No latch inferred for signal `$paramod$ddb646b36b98b3bde174fb312724e3655b16564f\pe_col.\acc_wire[14]' from process `$paramod$ddb646b36b98b3bde174fb312724e3655b16564f\pe_col.$proc$results/sv2v_output.v:73$1038'.
No latch inferred for signal `$paramod$ddb646b36b98b3bde174fb312724e3655b16564f\pe_col.\acc_wire[13]' from process `$paramod$ddb646b36b98b3bde174fb312724e3655b16564f\pe_col.$proc$results/sv2v_output.v:73$1037'.
No latch inferred for signal `$paramod$ddb646b36b98b3bde174fb312724e3655b16564f\pe_col.\acc_wire[12]' from process `$paramod$ddb646b36b98b3bde174fb312724e3655b16564f\pe_col.$proc$results/sv2v_output.v:73$1036'.
No latch inferred for signal `$paramod$ddb646b36b98b3bde174fb312724e3655b16564f\pe_col.\acc_wire[11]' from process `$paramod$ddb646b36b98b3bde174fb312724e3655b16564f\pe_col.$proc$results/sv2v_output.v:73$1035'.
No latch inferred for signal `$paramod$ddb646b36b98b3bde174fb312724e3655b16564f\pe_col.\acc_wire[10]' from process `$paramod$ddb646b36b98b3bde174fb312724e3655b16564f\pe_col.$proc$results/sv2v_output.v:73$1034'.
No latch inferred for signal `$paramod$ddb646b36b98b3bde174fb312724e3655b16564f\pe_col.\acc_wire[9]' from process `$paramod$ddb646b36b98b3bde174fb312724e3655b16564f\pe_col.$proc$results/sv2v_output.v:73$1033'.
No latch inferred for signal `$paramod$ddb646b36b98b3bde174fb312724e3655b16564f\pe_col.\acc_wire[8]' from process `$paramod$ddb646b36b98b3bde174fb312724e3655b16564f\pe_col.$proc$results/sv2v_output.v:73$1032'.
No latch inferred for signal `$paramod$ddb646b36b98b3bde174fb312724e3655b16564f\pe_col.\acc_wire[7]' from process `$paramod$ddb646b36b98b3bde174fb312724e3655b16564f\pe_col.$proc$results/sv2v_output.v:73$1031'.
No latch inferred for signal `$paramod$ddb646b36b98b3bde174fb312724e3655b16564f\pe_col.\acc_wire[6]' from process `$paramod$ddb646b36b98b3bde174fb312724e3655b16564f\pe_col.$proc$results/sv2v_output.v:73$1030'.
No latch inferred for signal `$paramod$ddb646b36b98b3bde174fb312724e3655b16564f\pe_col.\acc_wire[5]' from process `$paramod$ddb646b36b98b3bde174fb312724e3655b16564f\pe_col.$proc$results/sv2v_output.v:73$1029'.
No latch inferred for signal `$paramod$ddb646b36b98b3bde174fb312724e3655b16564f\pe_col.\acc_wire[4]' from process `$paramod$ddb646b36b98b3bde174fb312724e3655b16564f\pe_col.$proc$results/sv2v_output.v:73$1028'.
No latch inferred for signal `$paramod$ddb646b36b98b3bde174fb312724e3655b16564f\pe_col.\acc_wire[3]' from process `$paramod$ddb646b36b98b3bde174fb312724e3655b16564f\pe_col.$proc$results/sv2v_output.v:73$1027'.
No latch inferred for signal `$paramod$ddb646b36b98b3bde174fb312724e3655b16564f\pe_col.\acc_wire[2]' from process `$paramod$ddb646b36b98b3bde174fb312724e3655b16564f\pe_col.$proc$results/sv2v_output.v:73$1026'.
No latch inferred for signal `$paramod$ddb646b36b98b3bde174fb312724e3655b16564f\pe_col.\acc_wire[1]' from process `$paramod$ddb646b36b98b3bde174fb312724e3655b16564f\pe_col.$proc$results/sv2v_output.v:73$1025'.
No latch inferred for signal `$paramod$ddb646b36b98b3bde174fb312724e3655b16564f\pe_col.\acc_wire[0]' from process `$paramod$ddb646b36b98b3bde174fb312724e3655b16564f\pe_col.$proc$results/sv2v_output.v:58$1024'.
No latch inferred for signal `$paramod$a88ee0a5926de7bf46212eeecf09e1cb171e2c26\array.\data_wire[271]' from process `$paramod$a88ee0a5926de7bf46212eeecf09e1cb171e2c26\array.$proc$results/sv2v_output.v:118$955'.
No latch inferred for signal `$paramod$a88ee0a5926de7bf46212eeecf09e1cb171e2c26\array.\data_wire[270]' from process `$paramod$a88ee0a5926de7bf46212eeecf09e1cb171e2c26\array.$proc$results/sv2v_output.v:118$954'.
No latch inferred for signal `$paramod$a88ee0a5926de7bf46212eeecf09e1cb171e2c26\array.\data_wire[269]' from process `$paramod$a88ee0a5926de7bf46212eeecf09e1cb171e2c26\array.$proc$results/sv2v_output.v:118$953'.
No latch inferred for signal `$paramod$a88ee0a5926de7bf46212eeecf09e1cb171e2c26\array.\data_wire[268]' from process `$paramod$a88ee0a5926de7bf46212eeecf09e1cb171e2c26\array.$proc$results/sv2v_output.v:118$952'.
No latch inferred for signal `$paramod$a88ee0a5926de7bf46212eeecf09e1cb171e2c26\array.\data_wire[267]' from process `$paramod$a88ee0a5926de7bf46212eeecf09e1cb171e2c26\array.$proc$results/sv2v_output.v:118$951'.
No latch inferred for signal `$paramod$a88ee0a5926de7bf46212eeecf09e1cb171e2c26\array.\data_wire[266]' from process `$paramod$a88ee0a5926de7bf46212eeecf09e1cb171e2c26\array.$proc$results/sv2v_output.v:118$950'.
No latch inferred for signal `$paramod$a88ee0a5926de7bf46212eeecf09e1cb171e2c26\array.\data_wire[265]' from process `$paramod$a88ee0a5926de7bf46212eeecf09e1cb171e2c26\array.$proc$results/sv2v_output.v:118$949'.
No latch inferred for signal `$paramod$a88ee0a5926de7bf46212eeecf09e1cb171e2c26\array.\data_wire[264]' from process `$paramod$a88ee0a5926de7bf46212eeecf09e1cb171e2c26\array.$proc$results/sv2v_output.v:118$948'.
No latch inferred for signal `$paramod$a88ee0a5926de7bf46212eeecf09e1cb171e2c26\array.\data_wire[263]' from process `$paramod$a88ee0a5926de7bf46212eeecf09e1cb171e2c26\array.$proc$results/sv2v_output.v:118$947'.
No latch inferred for signal `$paramod$a88ee0a5926de7bf46212eeecf09e1cb171e2c26\array.\data_wire[262]' from process `$paramod$a88ee0a5926de7bf46212eeecf09e1cb171e2c26\array.$proc$results/sv2v_output.v:118$946'.
No latch inferred for signal `$paramod$a88ee0a5926de7bf46212eeecf09e1cb171e2c26\array.\data_wire[261]' from process `$paramod$a88ee0a5926de7bf46212eeecf09e1cb171e2c26\array.$proc$results/sv2v_output.v:118$945'.
No latch inferred for signal `$paramod$a88ee0a5926de7bf46212eeecf09e1cb171e2c26\array.\data_wire[260]' from process `$paramod$a88ee0a5926de7bf46212eeecf09e1cb171e2c26\array.$proc$results/sv2v_output.v:118$944'.
No latch inferred for signal `$paramod$a88ee0a5926de7bf46212eeecf09e1cb171e2c26\array.\data_wire[259]' from process `$paramod$a88ee0a5926de7bf46212eeecf09e1cb171e2c26\array.$proc$results/sv2v_output.v:118$943'.
No latch inferred for signal `$paramod$a88ee0a5926de7bf46212eeecf09e1cb171e2c26\array.\data_wire[258]' from process `$paramod$a88ee0a5926de7bf46212eeecf09e1cb171e2c26\array.$proc$results/sv2v_output.v:118$942'.
No latch inferred for signal `$paramod$a88ee0a5926de7bf46212eeecf09e1cb171e2c26\array.\data_wire[257]' from process `$paramod$a88ee0a5926de7bf46212eeecf09e1cb171e2c26\array.$proc$results/sv2v_output.v:118$941'.
No latch inferred for signal `$paramod$a88ee0a5926de7bf46212eeecf09e1cb171e2c26\array.\data_wire[256]' from process `$paramod$a88ee0a5926de7bf46212eeecf09e1cb171e2c26\array.$proc$results/sv2v_output.v:118$940'.
No latch inferred for signal `$paramod$a88ee0a5926de7bf46212eeecf09e1cb171e2c26\array.\data_wire[255]' from process `$paramod$a88ee0a5926de7bf46212eeecf09e1cb171e2c26\array.$proc$results/sv2v_output.v:118$939'.
No latch inferred for signal `$paramod$a88ee0a5926de7bf46212eeecf09e1cb171e2c26\array.\data_wire[254]' from process `$paramod$a88ee0a5926de7bf46212eeecf09e1cb171e2c26\array.$proc$results/sv2v_output.v:118$938'.
No latch inferred for signal `$paramod$a88ee0a5926de7bf46212eeecf09e1cb171e2c26\array.\data_wire[253]' from process `$paramod$a88ee0a5926de7bf46212eeecf09e1cb171e2c26\array.$proc$results/sv2v_output.v:118$937'.
No latch inferred for signal `$paramod$a88ee0a5926de7bf46212eeecf09e1cb171e2c26\array.\data_wire[252]' from process `$paramod$a88ee0a5926de7bf46212eeecf09e1cb171e2c26\array.$proc$results/sv2v_output.v:118$936'.
No latch inferred for signal `$paramod$a88ee0a5926de7bf46212eeecf09e1cb171e2c26\array.\data_wire[251]' from process `$paramod$a88ee0a5926de7bf46212eeecf09e1cb171e2c26\array.$proc$results/sv2v_output.v:118$935'.
No latch inferred for signal `$paramod$a88ee0a5926de7bf46212eeecf09e1cb171e2c26\array.\data_wire[250]' from process `$paramod$a88ee0a5926de7bf46212eeecf09e1cb171e2c26\array.$proc$results/sv2v_output.v:118$934'.
No latch inferred for signal `$paramod$a88ee0a5926de7bf46212eeecf09e1cb171e2c26\array.\data_wire[249]' from process `$paramod$a88ee0a5926de7bf46212eeecf09e1cb171e2c26\array.$proc$results/sv2v_output.v:118$933'.
No latch inferred for signal `$paramod$a88ee0a5926de7bf46212eeecf09e1cb171e2c26\array.\data_wire[248]' from process `$paramod$a88ee0a5926de7bf46212eeecf09e1cb171e2c26\array.$proc$results/sv2v_output.v:118$932'.
No latch inferred for signal `$paramod$a88ee0a5926de7bf46212eeecf09e1cb171e2c26\array.\data_wire[247]' from process `$paramod$a88ee0a5926de7bf46212eeecf09e1cb171e2c26\array.$proc$results/sv2v_output.v:118$931'.
No latch inferred for signal `$paramod$a88ee0a5926de7bf46212eeecf09e1cb171e2c26\array.\data_wire[246]' from process `$paramod$a88ee0a5926de7bf46212eeecf09e1cb171e2c26\array.$proc$results/sv2v_output.v:118$930'.
No latch inferred for signal `$paramod$a88ee0a5926de7bf46212eeecf09e1cb171e2c26\array.\data_wire[245]' from process `$paramod$a88ee0a5926de7bf46212eeecf09e1cb171e2c26\array.$proc$results/sv2v_output.v:118$929'.
No latch inferred for signal `$paramod$a88ee0a5926de7bf46212eeecf09e1cb171e2c26\array.\data_wire[244]' from process `$paramod$a88ee0a5926de7bf46212eeecf09e1cb171e2c26\array.$proc$results/sv2v_output.v:118$928'.
No latch inferred for signal `$paramod$a88ee0a5926de7bf46212eeecf09e1cb171e2c26\array.\data_wire[243]' from process `$paramod$a88ee0a5926de7bf46212eeecf09e1cb171e2c26\array.$proc$results/sv2v_output.v:118$927'.
No latch inferred for signal `$paramod$a88ee0a5926de7bf46212eeecf09e1cb171e2c26\array.\data_wire[242]' from process `$paramod$a88ee0a5926de7bf46212eeecf09e1cb171e2c26\array.$proc$results/sv2v_output.v:118$926'.
No latch inferred for signal `$paramod$a88ee0a5926de7bf46212eeecf09e1cb171e2c26\array.\data_wire[241]' from process `$paramod$a88ee0a5926de7bf46212eeecf09e1cb171e2c26\array.$proc$results/sv2v_output.v:118$925'.
No latch inferred for signal `$paramod$a88ee0a5926de7bf46212eeecf09e1cb171e2c26\array.\data_wire[240]' from process `$paramod$a88ee0a5926de7bf46212eeecf09e1cb171e2c26\array.$proc$results/sv2v_output.v:118$924'.
No latch inferred for signal `$paramod$a88ee0a5926de7bf46212eeecf09e1cb171e2c26\array.\data_wire[239]' from process `$paramod$a88ee0a5926de7bf46212eeecf09e1cb171e2c26\array.$proc$results/sv2v_output.v:118$923'.
No latch inferred for signal `$paramod$a88ee0a5926de7bf46212eeecf09e1cb171e2c26\array.\data_wire[238]' from process `$paramod$a88ee0a5926de7bf46212eeecf09e1cb171e2c26\array.$proc$results/sv2v_output.v:118$922'.
No latch inferred for signal `$paramod$a88ee0a5926de7bf46212eeecf09e1cb171e2c26\array.\data_wire[237]' from process `$paramod$a88ee0a5926de7bf46212eeecf09e1cb171e2c26\array.$proc$results/sv2v_output.v:118$921'.
No latch inferred for signal `$paramod$a88ee0a5926de7bf46212eeecf09e1cb171e2c26\array.\data_wire[236]' from process `$paramod$a88ee0a5926de7bf46212eeecf09e1cb171e2c26\array.$proc$results/sv2v_output.v:118$920'.
No latch inferred for signal `$paramod$a88ee0a5926de7bf46212eeecf09e1cb171e2c26\array.\data_wire[235]' from process `$paramod$a88ee0a5926de7bf46212eeecf09e1cb171e2c26\array.$proc$results/sv2v_output.v:118$919'.
No latch inferred for signal `$paramod$a88ee0a5926de7bf46212eeecf09e1cb171e2c26\array.\data_wire[234]' from process `$paramod$a88ee0a5926de7bf46212eeecf09e1cb171e2c26\array.$proc$results/sv2v_output.v:118$918'.
No latch inferred for signal `$paramod$a88ee0a5926de7bf46212eeecf09e1cb171e2c26\array.\data_wire[233]' from process `$paramod$a88ee0a5926de7bf46212eeecf09e1cb171e2c26\array.$proc$results/sv2v_output.v:118$917'.
No latch inferred for signal `$paramod$a88ee0a5926de7bf46212eeecf09e1cb171e2c26\array.\data_wire[232]' from process `$paramod$a88ee0a5926de7bf46212eeecf09e1cb171e2c26\array.$proc$results/sv2v_output.v:118$916'.
No latch inferred for signal `$paramod$a88ee0a5926de7bf46212eeecf09e1cb171e2c26\array.\data_wire[231]' from process `$paramod$a88ee0a5926de7bf46212eeecf09e1cb171e2c26\array.$proc$results/sv2v_output.v:118$915'.
No latch inferred for signal `$paramod$a88ee0a5926de7bf46212eeecf09e1cb171e2c26\array.\data_wire[230]' from process `$paramod$a88ee0a5926de7bf46212eeecf09e1cb171e2c26\array.$proc$results/sv2v_output.v:118$914'.
No latch inferred for signal `$paramod$a88ee0a5926de7bf46212eeecf09e1cb171e2c26\array.\data_wire[229]' from process `$paramod$a88ee0a5926de7bf46212eeecf09e1cb171e2c26\array.$proc$results/sv2v_output.v:118$913'.
No latch inferred for signal `$paramod$a88ee0a5926de7bf46212eeecf09e1cb171e2c26\array.\data_wire[228]' from process `$paramod$a88ee0a5926de7bf46212eeecf09e1cb171e2c26\array.$proc$results/sv2v_output.v:118$912'.
No latch inferred for signal `$paramod$a88ee0a5926de7bf46212eeecf09e1cb171e2c26\array.\data_wire[227]' from process `$paramod$a88ee0a5926de7bf46212eeecf09e1cb171e2c26\array.$proc$results/sv2v_output.v:118$911'.
No latch inferred for signal `$paramod$a88ee0a5926de7bf46212eeecf09e1cb171e2c26\array.\data_wire[226]' from process `$paramod$a88ee0a5926de7bf46212eeecf09e1cb171e2c26\array.$proc$results/sv2v_output.v:118$910'.
No latch inferred for signal `$paramod$a88ee0a5926de7bf46212eeecf09e1cb171e2c26\array.\data_wire[225]' from process `$paramod$a88ee0a5926de7bf46212eeecf09e1cb171e2c26\array.$proc$results/sv2v_output.v:118$909'.
No latch inferred for signal `$paramod$a88ee0a5926de7bf46212eeecf09e1cb171e2c26\array.\data_wire[224]' from process `$paramod$a88ee0a5926de7bf46212eeecf09e1cb171e2c26\array.$proc$results/sv2v_output.v:118$908'.
No latch inferred for signal `$paramod$a88ee0a5926de7bf46212eeecf09e1cb171e2c26\array.\data_wire[223]' from process `$paramod$a88ee0a5926de7bf46212eeecf09e1cb171e2c26\array.$proc$results/sv2v_output.v:118$907'.
No latch inferred for signal `$paramod$a88ee0a5926de7bf46212eeecf09e1cb171e2c26\array.\data_wire[222]' from process `$paramod$a88ee0a5926de7bf46212eeecf09e1cb171e2c26\array.$proc$results/sv2v_output.v:118$906'.
No latch inferred for signal `$paramod$a88ee0a5926de7bf46212eeecf09e1cb171e2c26\array.\data_wire[221]' from process `$paramod$a88ee0a5926de7bf46212eeecf09e1cb171e2c26\array.$proc$results/sv2v_output.v:118$905'.
No latch inferred for signal `$paramod$a88ee0a5926de7bf46212eeecf09e1cb171e2c26\array.\data_wire[220]' from process `$paramod$a88ee0a5926de7bf46212eeecf09e1cb171e2c26\array.$proc$results/sv2v_output.v:118$904'.
No latch inferred for signal `$paramod$a88ee0a5926de7bf46212eeecf09e1cb171e2c26\array.\data_wire[219]' from process `$paramod$a88ee0a5926de7bf46212eeecf09e1cb171e2c26\array.$proc$results/sv2v_output.v:118$903'.
No latch inferred for signal `$paramod$a88ee0a5926de7bf46212eeecf09e1cb171e2c26\array.\data_wire[218]' from process `$paramod$a88ee0a5926de7bf46212eeecf09e1cb171e2c26\array.$proc$results/sv2v_output.v:118$902'.
No latch inferred for signal `$paramod$a88ee0a5926de7bf46212eeecf09e1cb171e2c26\array.\data_wire[217]' from process `$paramod$a88ee0a5926de7bf46212eeecf09e1cb171e2c26\array.$proc$results/sv2v_output.v:118$901'.
No latch inferred for signal `$paramod$a88ee0a5926de7bf46212eeecf09e1cb171e2c26\array.\data_wire[216]' from process `$paramod$a88ee0a5926de7bf46212eeecf09e1cb171e2c26\array.$proc$results/sv2v_output.v:118$900'.
No latch inferred for signal `$paramod$a88ee0a5926de7bf46212eeecf09e1cb171e2c26\array.\data_wire[215]' from process `$paramod$a88ee0a5926de7bf46212eeecf09e1cb171e2c26\array.$proc$results/sv2v_output.v:118$899'.
No latch inferred for signal `$paramod$a88ee0a5926de7bf46212eeecf09e1cb171e2c26\array.\data_wire[214]' from process `$paramod$a88ee0a5926de7bf46212eeecf09e1cb171e2c26\array.$proc$results/sv2v_output.v:118$898'.
No latch inferred for signal `$paramod$a88ee0a5926de7bf46212eeecf09e1cb171e2c26\array.\data_wire[213]' from process `$paramod$a88ee0a5926de7bf46212eeecf09e1cb171e2c26\array.$proc$results/sv2v_output.v:118$897'.
No latch inferred for signal `$paramod$a88ee0a5926de7bf46212eeecf09e1cb171e2c26\array.\data_wire[212]' from process `$paramod$a88ee0a5926de7bf46212eeecf09e1cb171e2c26\array.$proc$results/sv2v_output.v:118$896'.
No latch inferred for signal `$paramod$a88ee0a5926de7bf46212eeecf09e1cb171e2c26\array.\data_wire[211]' from process `$paramod$a88ee0a5926de7bf46212eeecf09e1cb171e2c26\array.$proc$results/sv2v_output.v:118$895'.
No latch inferred for signal `$paramod$a88ee0a5926de7bf46212eeecf09e1cb171e2c26\array.\data_wire[210]' from process `$paramod$a88ee0a5926de7bf46212eeecf09e1cb171e2c26\array.$proc$results/sv2v_output.v:118$894'.
No latch inferred for signal `$paramod$a88ee0a5926de7bf46212eeecf09e1cb171e2c26\array.\data_wire[209]' from process `$paramod$a88ee0a5926de7bf46212eeecf09e1cb171e2c26\array.$proc$results/sv2v_output.v:118$893'.
No latch inferred for signal `$paramod$a88ee0a5926de7bf46212eeecf09e1cb171e2c26\array.\data_wire[208]' from process `$paramod$a88ee0a5926de7bf46212eeecf09e1cb171e2c26\array.$proc$results/sv2v_output.v:118$892'.
No latch inferred for signal `$paramod$a88ee0a5926de7bf46212eeecf09e1cb171e2c26\array.\data_wire[207]' from process `$paramod$a88ee0a5926de7bf46212eeecf09e1cb171e2c26\array.$proc$results/sv2v_output.v:118$891'.
No latch inferred for signal `$paramod$a88ee0a5926de7bf46212eeecf09e1cb171e2c26\array.\data_wire[206]' from process `$paramod$a88ee0a5926de7bf46212eeecf09e1cb171e2c26\array.$proc$results/sv2v_output.v:118$890'.
No latch inferred for signal `$paramod$a88ee0a5926de7bf46212eeecf09e1cb171e2c26\array.\data_wire[205]' from process `$paramod$a88ee0a5926de7bf46212eeecf09e1cb171e2c26\array.$proc$results/sv2v_output.v:118$889'.
No latch inferred for signal `$paramod$a88ee0a5926de7bf46212eeecf09e1cb171e2c26\array.\data_wire[204]' from process `$paramod$a88ee0a5926de7bf46212eeecf09e1cb171e2c26\array.$proc$results/sv2v_output.v:118$888'.
No latch inferred for signal `$paramod$a88ee0a5926de7bf46212eeecf09e1cb171e2c26\array.\data_wire[203]' from process `$paramod$a88ee0a5926de7bf46212eeecf09e1cb171e2c26\array.$proc$results/sv2v_output.v:118$887'.
No latch inferred for signal `$paramod$a88ee0a5926de7bf46212eeecf09e1cb171e2c26\array.\data_wire[202]' from process `$paramod$a88ee0a5926de7bf46212eeecf09e1cb171e2c26\array.$proc$results/sv2v_output.v:118$886'.
No latch inferred for signal `$paramod$a88ee0a5926de7bf46212eeecf09e1cb171e2c26\array.\data_wire[201]' from process `$paramod$a88ee0a5926de7bf46212eeecf09e1cb171e2c26\array.$proc$results/sv2v_output.v:118$885'.
No latch inferred for signal `$paramod$a88ee0a5926de7bf46212eeecf09e1cb171e2c26\array.\data_wire[200]' from process `$paramod$a88ee0a5926de7bf46212eeecf09e1cb171e2c26\array.$proc$results/sv2v_output.v:118$884'.
No latch inferred for signal `$paramod$a88ee0a5926de7bf46212eeecf09e1cb171e2c26\array.\data_wire[199]' from process `$paramod$a88ee0a5926de7bf46212eeecf09e1cb171e2c26\array.$proc$results/sv2v_output.v:118$883'.
No latch inferred for signal `$paramod$a88ee0a5926de7bf46212eeecf09e1cb171e2c26\array.\data_wire[198]' from process `$paramod$a88ee0a5926de7bf46212eeecf09e1cb171e2c26\array.$proc$results/sv2v_output.v:118$882'.
No latch inferred for signal `$paramod$a88ee0a5926de7bf46212eeecf09e1cb171e2c26\array.\data_wire[197]' from process `$paramod$a88ee0a5926de7bf46212eeecf09e1cb171e2c26\array.$proc$results/sv2v_output.v:118$881'.
No latch inferred for signal `$paramod$a88ee0a5926de7bf46212eeecf09e1cb171e2c26\array.\data_wire[196]' from process `$paramod$a88ee0a5926de7bf46212eeecf09e1cb171e2c26\array.$proc$results/sv2v_output.v:118$880'.
No latch inferred for signal `$paramod$a88ee0a5926de7bf46212eeecf09e1cb171e2c26\array.\data_wire[195]' from process `$paramod$a88ee0a5926de7bf46212eeecf09e1cb171e2c26\array.$proc$results/sv2v_output.v:118$879'.
No latch inferred for signal `$paramod$a88ee0a5926de7bf46212eeecf09e1cb171e2c26\array.\data_wire[194]' from process `$paramod$a88ee0a5926de7bf46212eeecf09e1cb171e2c26\array.$proc$results/sv2v_output.v:118$878'.
No latch inferred for signal `$paramod$a88ee0a5926de7bf46212eeecf09e1cb171e2c26\array.\data_wire[193]' from process `$paramod$a88ee0a5926de7bf46212eeecf09e1cb171e2c26\array.$proc$results/sv2v_output.v:118$877'.
No latch inferred for signal `$paramod$a88ee0a5926de7bf46212eeecf09e1cb171e2c26\array.\data_wire[192]' from process `$paramod$a88ee0a5926de7bf46212eeecf09e1cb171e2c26\array.$proc$results/sv2v_output.v:118$876'.
No latch inferred for signal `$paramod$a88ee0a5926de7bf46212eeecf09e1cb171e2c26\array.\data_wire[191]' from process `$paramod$a88ee0a5926de7bf46212eeecf09e1cb171e2c26\array.$proc$results/sv2v_output.v:118$875'.
No latch inferred for signal `$paramod$a88ee0a5926de7bf46212eeecf09e1cb171e2c26\array.\data_wire[190]' from process `$paramod$a88ee0a5926de7bf46212eeecf09e1cb171e2c26\array.$proc$results/sv2v_output.v:118$874'.
No latch inferred for signal `$paramod$a88ee0a5926de7bf46212eeecf09e1cb171e2c26\array.\data_wire[189]' from process `$paramod$a88ee0a5926de7bf46212eeecf09e1cb171e2c26\array.$proc$results/sv2v_output.v:118$873'.
No latch inferred for signal `$paramod$a88ee0a5926de7bf46212eeecf09e1cb171e2c26\array.\data_wire[188]' from process `$paramod$a88ee0a5926de7bf46212eeecf09e1cb171e2c26\array.$proc$results/sv2v_output.v:118$872'.
No latch inferred for signal `$paramod$a88ee0a5926de7bf46212eeecf09e1cb171e2c26\array.\data_wire[187]' from process `$paramod$a88ee0a5926de7bf46212eeecf09e1cb171e2c26\array.$proc$results/sv2v_output.v:118$871'.
No latch inferred for signal `$paramod$a88ee0a5926de7bf46212eeecf09e1cb171e2c26\array.\data_wire[186]' from process `$paramod$a88ee0a5926de7bf46212eeecf09e1cb171e2c26\array.$proc$results/sv2v_output.v:118$870'.
No latch inferred for signal `$paramod$a88ee0a5926de7bf46212eeecf09e1cb171e2c26\array.\data_wire[185]' from process `$paramod$a88ee0a5926de7bf46212eeecf09e1cb171e2c26\array.$proc$results/sv2v_output.v:118$869'.
No latch inferred for signal `$paramod$a88ee0a5926de7bf46212eeecf09e1cb171e2c26\array.\data_wire[184]' from process `$paramod$a88ee0a5926de7bf46212eeecf09e1cb171e2c26\array.$proc$results/sv2v_output.v:118$868'.
No latch inferred for signal `$paramod$a88ee0a5926de7bf46212eeecf09e1cb171e2c26\array.\data_wire[183]' from process `$paramod$a88ee0a5926de7bf46212eeecf09e1cb171e2c26\array.$proc$results/sv2v_output.v:118$867'.
No latch inferred for signal `$paramod$a88ee0a5926de7bf46212eeecf09e1cb171e2c26\array.\data_wire[182]' from process `$paramod$a88ee0a5926de7bf46212eeecf09e1cb171e2c26\array.$proc$results/sv2v_output.v:118$866'.
No latch inferred for signal `$paramod$a88ee0a5926de7bf46212eeecf09e1cb171e2c26\array.\data_wire[181]' from process `$paramod$a88ee0a5926de7bf46212eeecf09e1cb171e2c26\array.$proc$results/sv2v_output.v:118$865'.
No latch inferred for signal `$paramod$a88ee0a5926de7bf46212eeecf09e1cb171e2c26\array.\data_wire[180]' from process `$paramod$a88ee0a5926de7bf46212eeecf09e1cb171e2c26\array.$proc$results/sv2v_output.v:118$864'.
No latch inferred for signal `$paramod$a88ee0a5926de7bf46212eeecf09e1cb171e2c26\array.\data_wire[179]' from process `$paramod$a88ee0a5926de7bf46212eeecf09e1cb171e2c26\array.$proc$results/sv2v_output.v:118$863'.
No latch inferred for signal `$paramod$a88ee0a5926de7bf46212eeecf09e1cb171e2c26\array.\data_wire[178]' from process `$paramod$a88ee0a5926de7bf46212eeecf09e1cb171e2c26\array.$proc$results/sv2v_output.v:118$862'.
No latch inferred for signal `$paramod$a88ee0a5926de7bf46212eeecf09e1cb171e2c26\array.\data_wire[177]' from process `$paramod$a88ee0a5926de7bf46212eeecf09e1cb171e2c26\array.$proc$results/sv2v_output.v:118$861'.
No latch inferred for signal `$paramod$a88ee0a5926de7bf46212eeecf09e1cb171e2c26\array.\data_wire[176]' from process `$paramod$a88ee0a5926de7bf46212eeecf09e1cb171e2c26\array.$proc$results/sv2v_output.v:118$860'.
No latch inferred for signal `$paramod$a88ee0a5926de7bf46212eeecf09e1cb171e2c26\array.\data_wire[175]' from process `$paramod$a88ee0a5926de7bf46212eeecf09e1cb171e2c26\array.$proc$results/sv2v_output.v:118$859'.
No latch inferred for signal `$paramod$a88ee0a5926de7bf46212eeecf09e1cb171e2c26\array.\data_wire[174]' from process `$paramod$a88ee0a5926de7bf46212eeecf09e1cb171e2c26\array.$proc$results/sv2v_output.v:118$858'.
No latch inferred for signal `$paramod$a88ee0a5926de7bf46212eeecf09e1cb171e2c26\array.\data_wire[173]' from process `$paramod$a88ee0a5926de7bf46212eeecf09e1cb171e2c26\array.$proc$results/sv2v_output.v:118$857'.
No latch inferred for signal `$paramod$a88ee0a5926de7bf46212eeecf09e1cb171e2c26\array.\data_wire[172]' from process `$paramod$a88ee0a5926de7bf46212eeecf09e1cb171e2c26\array.$proc$results/sv2v_output.v:118$856'.
No latch inferred for signal `$paramod$a88ee0a5926de7bf46212eeecf09e1cb171e2c26\array.\data_wire[171]' from process `$paramod$a88ee0a5926de7bf46212eeecf09e1cb171e2c26\array.$proc$results/sv2v_output.v:118$855'.
No latch inferred for signal `$paramod$a88ee0a5926de7bf46212eeecf09e1cb171e2c26\array.\data_wire[170]' from process `$paramod$a88ee0a5926de7bf46212eeecf09e1cb171e2c26\array.$proc$results/sv2v_output.v:118$854'.
No latch inferred for signal `$paramod$a88ee0a5926de7bf46212eeecf09e1cb171e2c26\array.\data_wire[169]' from process `$paramod$a88ee0a5926de7bf46212eeecf09e1cb171e2c26\array.$proc$results/sv2v_output.v:118$853'.
No latch inferred for signal `$paramod$a88ee0a5926de7bf46212eeecf09e1cb171e2c26\array.\data_wire[168]' from process `$paramod$a88ee0a5926de7bf46212eeecf09e1cb171e2c26\array.$proc$results/sv2v_output.v:118$852'.
No latch inferred for signal `$paramod$a88ee0a5926de7bf46212eeecf09e1cb171e2c26\array.\data_wire[167]' from process `$paramod$a88ee0a5926de7bf46212eeecf09e1cb171e2c26\array.$proc$results/sv2v_output.v:118$851'.
No latch inferred for signal `$paramod$a88ee0a5926de7bf46212eeecf09e1cb171e2c26\array.\data_wire[166]' from process `$paramod$a88ee0a5926de7bf46212eeecf09e1cb171e2c26\array.$proc$results/sv2v_output.v:118$850'.
No latch inferred for signal `$paramod$a88ee0a5926de7bf46212eeecf09e1cb171e2c26\array.\data_wire[165]' from process `$paramod$a88ee0a5926de7bf46212eeecf09e1cb171e2c26\array.$proc$results/sv2v_output.v:118$849'.
No latch inferred for signal `$paramod$a88ee0a5926de7bf46212eeecf09e1cb171e2c26\array.\data_wire[164]' from process `$paramod$a88ee0a5926de7bf46212eeecf09e1cb171e2c26\array.$proc$results/sv2v_output.v:118$848'.
No latch inferred for signal `$paramod$a88ee0a5926de7bf46212eeecf09e1cb171e2c26\array.\data_wire[163]' from process `$paramod$a88ee0a5926de7bf46212eeecf09e1cb171e2c26\array.$proc$results/sv2v_output.v:118$847'.
No latch inferred for signal `$paramod$a88ee0a5926de7bf46212eeecf09e1cb171e2c26\array.\data_wire[162]' from process `$paramod$a88ee0a5926de7bf46212eeecf09e1cb171e2c26\array.$proc$results/sv2v_output.v:118$846'.
No latch inferred for signal `$paramod$a88ee0a5926de7bf46212eeecf09e1cb171e2c26\array.\data_wire[161]' from process `$paramod$a88ee0a5926de7bf46212eeecf09e1cb171e2c26\array.$proc$results/sv2v_output.v:118$845'.
No latch inferred for signal `$paramod$a88ee0a5926de7bf46212eeecf09e1cb171e2c26\array.\data_wire[160]' from process `$paramod$a88ee0a5926de7bf46212eeecf09e1cb171e2c26\array.$proc$results/sv2v_output.v:118$844'.
No latch inferred for signal `$paramod$a88ee0a5926de7bf46212eeecf09e1cb171e2c26\array.\data_wire[159]' from process `$paramod$a88ee0a5926de7bf46212eeecf09e1cb171e2c26\array.$proc$results/sv2v_output.v:118$843'.
No latch inferred for signal `$paramod$a88ee0a5926de7bf46212eeecf09e1cb171e2c26\array.\data_wire[158]' from process `$paramod$a88ee0a5926de7bf46212eeecf09e1cb171e2c26\array.$proc$results/sv2v_output.v:118$842'.
No latch inferred for signal `$paramod$a88ee0a5926de7bf46212eeecf09e1cb171e2c26\array.\data_wire[157]' from process `$paramod$a88ee0a5926de7bf46212eeecf09e1cb171e2c26\array.$proc$results/sv2v_output.v:118$841'.
No latch inferred for signal `$paramod$a88ee0a5926de7bf46212eeecf09e1cb171e2c26\array.\data_wire[156]' from process `$paramod$a88ee0a5926de7bf46212eeecf09e1cb171e2c26\array.$proc$results/sv2v_output.v:118$840'.
No latch inferred for signal `$paramod$a88ee0a5926de7bf46212eeecf09e1cb171e2c26\array.\data_wire[155]' from process `$paramod$a88ee0a5926de7bf46212eeecf09e1cb171e2c26\array.$proc$results/sv2v_output.v:118$839'.
No latch inferred for signal `$paramod$a88ee0a5926de7bf46212eeecf09e1cb171e2c26\array.\data_wire[154]' from process `$paramod$a88ee0a5926de7bf46212eeecf09e1cb171e2c26\array.$proc$results/sv2v_output.v:118$838'.
No latch inferred for signal `$paramod$a88ee0a5926de7bf46212eeecf09e1cb171e2c26\array.\data_wire[153]' from process `$paramod$a88ee0a5926de7bf46212eeecf09e1cb171e2c26\array.$proc$results/sv2v_output.v:118$837'.
No latch inferred for signal `$paramod$a88ee0a5926de7bf46212eeecf09e1cb171e2c26\array.\data_wire[152]' from process `$paramod$a88ee0a5926de7bf46212eeecf09e1cb171e2c26\array.$proc$results/sv2v_output.v:118$836'.
No latch inferred for signal `$paramod$a88ee0a5926de7bf46212eeecf09e1cb171e2c26\array.\data_wire[151]' from process `$paramod$a88ee0a5926de7bf46212eeecf09e1cb171e2c26\array.$proc$results/sv2v_output.v:118$835'.
No latch inferred for signal `$paramod$a88ee0a5926de7bf46212eeecf09e1cb171e2c26\array.\data_wire[150]' from process `$paramod$a88ee0a5926de7bf46212eeecf09e1cb171e2c26\array.$proc$results/sv2v_output.v:118$834'.
No latch inferred for signal `$paramod$a88ee0a5926de7bf46212eeecf09e1cb171e2c26\array.\data_wire[149]' from process `$paramod$a88ee0a5926de7bf46212eeecf09e1cb171e2c26\array.$proc$results/sv2v_output.v:118$833'.
No latch inferred for signal `$paramod$a88ee0a5926de7bf46212eeecf09e1cb171e2c26\array.\data_wire[148]' from process `$paramod$a88ee0a5926de7bf46212eeecf09e1cb171e2c26\array.$proc$results/sv2v_output.v:118$832'.
No latch inferred for signal `$paramod$a88ee0a5926de7bf46212eeecf09e1cb171e2c26\array.\data_wire[147]' from process `$paramod$a88ee0a5926de7bf46212eeecf09e1cb171e2c26\array.$proc$results/sv2v_output.v:118$831'.
No latch inferred for signal `$paramod$a88ee0a5926de7bf46212eeecf09e1cb171e2c26\array.\data_wire[146]' from process `$paramod$a88ee0a5926de7bf46212eeecf09e1cb171e2c26\array.$proc$results/sv2v_output.v:118$830'.
No latch inferred for signal `$paramod$a88ee0a5926de7bf46212eeecf09e1cb171e2c26\array.\data_wire[145]' from process `$paramod$a88ee0a5926de7bf46212eeecf09e1cb171e2c26\array.$proc$results/sv2v_output.v:118$829'.
No latch inferred for signal `$paramod$a88ee0a5926de7bf46212eeecf09e1cb171e2c26\array.\data_wire[144]' from process `$paramod$a88ee0a5926de7bf46212eeecf09e1cb171e2c26\array.$proc$results/sv2v_output.v:118$828'.
No latch inferred for signal `$paramod$a88ee0a5926de7bf46212eeecf09e1cb171e2c26\array.\data_wire[143]' from process `$paramod$a88ee0a5926de7bf46212eeecf09e1cb171e2c26\array.$proc$results/sv2v_output.v:118$827'.
No latch inferred for signal `$paramod$a88ee0a5926de7bf46212eeecf09e1cb171e2c26\array.\data_wire[142]' from process `$paramod$a88ee0a5926de7bf46212eeecf09e1cb171e2c26\array.$proc$results/sv2v_output.v:118$826'.
No latch inferred for signal `$paramod$a88ee0a5926de7bf46212eeecf09e1cb171e2c26\array.\data_wire[141]' from process `$paramod$a88ee0a5926de7bf46212eeecf09e1cb171e2c26\array.$proc$results/sv2v_output.v:118$825'.
No latch inferred for signal `$paramod$a88ee0a5926de7bf46212eeecf09e1cb171e2c26\array.\data_wire[140]' from process `$paramod$a88ee0a5926de7bf46212eeecf09e1cb171e2c26\array.$proc$results/sv2v_output.v:118$824'.
No latch inferred for signal `$paramod$a88ee0a5926de7bf46212eeecf09e1cb171e2c26\array.\data_wire[139]' from process `$paramod$a88ee0a5926de7bf46212eeecf09e1cb171e2c26\array.$proc$results/sv2v_output.v:118$823'.
No latch inferred for signal `$paramod$a88ee0a5926de7bf46212eeecf09e1cb171e2c26\array.\data_wire[138]' from process `$paramod$a88ee0a5926de7bf46212eeecf09e1cb171e2c26\array.$proc$results/sv2v_output.v:118$822'.
No latch inferred for signal `$paramod$a88ee0a5926de7bf46212eeecf09e1cb171e2c26\array.\data_wire[137]' from process `$paramod$a88ee0a5926de7bf46212eeecf09e1cb171e2c26\array.$proc$results/sv2v_output.v:118$821'.
No latch inferred for signal `$paramod$a88ee0a5926de7bf46212eeecf09e1cb171e2c26\array.\data_wire[136]' from process `$paramod$a88ee0a5926de7bf46212eeecf09e1cb171e2c26\array.$proc$results/sv2v_output.v:118$820'.
No latch inferred for signal `$paramod$a88ee0a5926de7bf46212eeecf09e1cb171e2c26\array.\data_wire[135]' from process `$paramod$a88ee0a5926de7bf46212eeecf09e1cb171e2c26\array.$proc$results/sv2v_output.v:118$819'.
No latch inferred for signal `$paramod$a88ee0a5926de7bf46212eeecf09e1cb171e2c26\array.\data_wire[134]' from process `$paramod$a88ee0a5926de7bf46212eeecf09e1cb171e2c26\array.$proc$results/sv2v_output.v:118$818'.
No latch inferred for signal `$paramod$a88ee0a5926de7bf46212eeecf09e1cb171e2c26\array.\data_wire[133]' from process `$paramod$a88ee0a5926de7bf46212eeecf09e1cb171e2c26\array.$proc$results/sv2v_output.v:118$817'.
No latch inferred for signal `$paramod$a88ee0a5926de7bf46212eeecf09e1cb171e2c26\array.\data_wire[132]' from process `$paramod$a88ee0a5926de7bf46212eeecf09e1cb171e2c26\array.$proc$results/sv2v_output.v:118$816'.
No latch inferred for signal `$paramod$a88ee0a5926de7bf46212eeecf09e1cb171e2c26\array.\data_wire[131]' from process `$paramod$a88ee0a5926de7bf46212eeecf09e1cb171e2c26\array.$proc$results/sv2v_output.v:118$815'.
No latch inferred for signal `$paramod$a88ee0a5926de7bf46212eeecf09e1cb171e2c26\array.\data_wire[130]' from process `$paramod$a88ee0a5926de7bf46212eeecf09e1cb171e2c26\array.$proc$results/sv2v_output.v:118$814'.
No latch inferred for signal `$paramod$a88ee0a5926de7bf46212eeecf09e1cb171e2c26\array.\data_wire[129]' from process `$paramod$a88ee0a5926de7bf46212eeecf09e1cb171e2c26\array.$proc$results/sv2v_output.v:118$813'.
No latch inferred for signal `$paramod$a88ee0a5926de7bf46212eeecf09e1cb171e2c26\array.\data_wire[128]' from process `$paramod$a88ee0a5926de7bf46212eeecf09e1cb171e2c26\array.$proc$results/sv2v_output.v:118$812'.
No latch inferred for signal `$paramod$a88ee0a5926de7bf46212eeecf09e1cb171e2c26\array.\data_wire[127]' from process `$paramod$a88ee0a5926de7bf46212eeecf09e1cb171e2c26\array.$proc$results/sv2v_output.v:118$811'.
No latch inferred for signal `$paramod$a88ee0a5926de7bf46212eeecf09e1cb171e2c26\array.\data_wire[126]' from process `$paramod$a88ee0a5926de7bf46212eeecf09e1cb171e2c26\array.$proc$results/sv2v_output.v:118$810'.
No latch inferred for signal `$paramod$a88ee0a5926de7bf46212eeecf09e1cb171e2c26\array.\data_wire[125]' from process `$paramod$a88ee0a5926de7bf46212eeecf09e1cb171e2c26\array.$proc$results/sv2v_output.v:118$809'.
No latch inferred for signal `$paramod$a88ee0a5926de7bf46212eeecf09e1cb171e2c26\array.\data_wire[124]' from process `$paramod$a88ee0a5926de7bf46212eeecf09e1cb171e2c26\array.$proc$results/sv2v_output.v:118$808'.
No latch inferred for signal `$paramod$a88ee0a5926de7bf46212eeecf09e1cb171e2c26\array.\data_wire[123]' from process `$paramod$a88ee0a5926de7bf46212eeecf09e1cb171e2c26\array.$proc$results/sv2v_output.v:118$807'.
No latch inferred for signal `$paramod$a88ee0a5926de7bf46212eeecf09e1cb171e2c26\array.\data_wire[122]' from process `$paramod$a88ee0a5926de7bf46212eeecf09e1cb171e2c26\array.$proc$results/sv2v_output.v:118$806'.
No latch inferred for signal `$paramod$a88ee0a5926de7bf46212eeecf09e1cb171e2c26\array.\data_wire[121]' from process `$paramod$a88ee0a5926de7bf46212eeecf09e1cb171e2c26\array.$proc$results/sv2v_output.v:118$805'.
No latch inferred for signal `$paramod$a88ee0a5926de7bf46212eeecf09e1cb171e2c26\array.\data_wire[120]' from process `$paramod$a88ee0a5926de7bf46212eeecf09e1cb171e2c26\array.$proc$results/sv2v_output.v:118$804'.
No latch inferred for signal `$paramod$a88ee0a5926de7bf46212eeecf09e1cb171e2c26\array.\data_wire[119]' from process `$paramod$a88ee0a5926de7bf46212eeecf09e1cb171e2c26\array.$proc$results/sv2v_output.v:118$803'.
No latch inferred for signal `$paramod$a88ee0a5926de7bf46212eeecf09e1cb171e2c26\array.\data_wire[118]' from process `$paramod$a88ee0a5926de7bf46212eeecf09e1cb171e2c26\array.$proc$results/sv2v_output.v:118$802'.
No latch inferred for signal `$paramod$a88ee0a5926de7bf46212eeecf09e1cb171e2c26\array.\data_wire[117]' from process `$paramod$a88ee0a5926de7bf46212eeecf09e1cb171e2c26\array.$proc$results/sv2v_output.v:118$801'.
No latch inferred for signal `$paramod$a88ee0a5926de7bf46212eeecf09e1cb171e2c26\array.\data_wire[116]' from process `$paramod$a88ee0a5926de7bf46212eeecf09e1cb171e2c26\array.$proc$results/sv2v_output.v:118$800'.
No latch inferred for signal `$paramod$a88ee0a5926de7bf46212eeecf09e1cb171e2c26\array.\data_wire[115]' from process `$paramod$a88ee0a5926de7bf46212eeecf09e1cb171e2c26\array.$proc$results/sv2v_output.v:118$799'.
No latch inferred for signal `$paramod$a88ee0a5926de7bf46212eeecf09e1cb171e2c26\array.\data_wire[114]' from process `$paramod$a88ee0a5926de7bf46212eeecf09e1cb171e2c26\array.$proc$results/sv2v_output.v:118$798'.
No latch inferred for signal `$paramod$a88ee0a5926de7bf46212eeecf09e1cb171e2c26\array.\data_wire[113]' from process `$paramod$a88ee0a5926de7bf46212eeecf09e1cb171e2c26\array.$proc$results/sv2v_output.v:118$797'.
No latch inferred for signal `$paramod$a88ee0a5926de7bf46212eeecf09e1cb171e2c26\array.\data_wire[112]' from process `$paramod$a88ee0a5926de7bf46212eeecf09e1cb171e2c26\array.$proc$results/sv2v_output.v:118$796'.
No latch inferred for signal `$paramod$a88ee0a5926de7bf46212eeecf09e1cb171e2c26\array.\data_wire[111]' from process `$paramod$a88ee0a5926de7bf46212eeecf09e1cb171e2c26\array.$proc$results/sv2v_output.v:118$795'.
No latch inferred for signal `$paramod$a88ee0a5926de7bf46212eeecf09e1cb171e2c26\array.\data_wire[110]' from process `$paramod$a88ee0a5926de7bf46212eeecf09e1cb171e2c26\array.$proc$results/sv2v_output.v:118$794'.
No latch inferred for signal `$paramod$a88ee0a5926de7bf46212eeecf09e1cb171e2c26\array.\data_wire[109]' from process `$paramod$a88ee0a5926de7bf46212eeecf09e1cb171e2c26\array.$proc$results/sv2v_output.v:118$793'.
No latch inferred for signal `$paramod$a88ee0a5926de7bf46212eeecf09e1cb171e2c26\array.\data_wire[108]' from process `$paramod$a88ee0a5926de7bf46212eeecf09e1cb171e2c26\array.$proc$results/sv2v_output.v:118$792'.
No latch inferred for signal `$paramod$a88ee0a5926de7bf46212eeecf09e1cb171e2c26\array.\data_wire[107]' from process `$paramod$a88ee0a5926de7bf46212eeecf09e1cb171e2c26\array.$proc$results/sv2v_output.v:118$791'.
No latch inferred for signal `$paramod$a88ee0a5926de7bf46212eeecf09e1cb171e2c26\array.\data_wire[106]' from process `$paramod$a88ee0a5926de7bf46212eeecf09e1cb171e2c26\array.$proc$results/sv2v_output.v:118$790'.
No latch inferred for signal `$paramod$a88ee0a5926de7bf46212eeecf09e1cb171e2c26\array.\data_wire[105]' from process `$paramod$a88ee0a5926de7bf46212eeecf09e1cb171e2c26\array.$proc$results/sv2v_output.v:118$789'.
No latch inferred for signal `$paramod$a88ee0a5926de7bf46212eeecf09e1cb171e2c26\array.\data_wire[104]' from process `$paramod$a88ee0a5926de7bf46212eeecf09e1cb171e2c26\array.$proc$results/sv2v_output.v:118$788'.
No latch inferred for signal `$paramod$a88ee0a5926de7bf46212eeecf09e1cb171e2c26\array.\data_wire[103]' from process `$paramod$a88ee0a5926de7bf46212eeecf09e1cb171e2c26\array.$proc$results/sv2v_output.v:118$787'.
No latch inferred for signal `$paramod$a88ee0a5926de7bf46212eeecf09e1cb171e2c26\array.\data_wire[102]' from process `$paramod$a88ee0a5926de7bf46212eeecf09e1cb171e2c26\array.$proc$results/sv2v_output.v:118$786'.
No latch inferred for signal `$paramod$a88ee0a5926de7bf46212eeecf09e1cb171e2c26\array.\data_wire[101]' from process `$paramod$a88ee0a5926de7bf46212eeecf09e1cb171e2c26\array.$proc$results/sv2v_output.v:118$785'.
No latch inferred for signal `$paramod$a88ee0a5926de7bf46212eeecf09e1cb171e2c26\array.\data_wire[100]' from process `$paramod$a88ee0a5926de7bf46212eeecf09e1cb171e2c26\array.$proc$results/sv2v_output.v:118$784'.
No latch inferred for signal `$paramod$a88ee0a5926de7bf46212eeecf09e1cb171e2c26\array.\data_wire[99]' from process `$paramod$a88ee0a5926de7bf46212eeecf09e1cb171e2c26\array.$proc$results/sv2v_output.v:118$783'.
No latch inferred for signal `$paramod$a88ee0a5926de7bf46212eeecf09e1cb171e2c26\array.\data_wire[98]' from process `$paramod$a88ee0a5926de7bf46212eeecf09e1cb171e2c26\array.$proc$results/sv2v_output.v:118$782'.
No latch inferred for signal `$paramod$a88ee0a5926de7bf46212eeecf09e1cb171e2c26\array.\data_wire[97]' from process `$paramod$a88ee0a5926de7bf46212eeecf09e1cb171e2c26\array.$proc$results/sv2v_output.v:118$781'.
No latch inferred for signal `$paramod$a88ee0a5926de7bf46212eeecf09e1cb171e2c26\array.\data_wire[96]' from process `$paramod$a88ee0a5926de7bf46212eeecf09e1cb171e2c26\array.$proc$results/sv2v_output.v:118$780'.
No latch inferred for signal `$paramod$a88ee0a5926de7bf46212eeecf09e1cb171e2c26\array.\data_wire[95]' from process `$paramod$a88ee0a5926de7bf46212eeecf09e1cb171e2c26\array.$proc$results/sv2v_output.v:118$779'.
No latch inferred for signal `$paramod$a88ee0a5926de7bf46212eeecf09e1cb171e2c26\array.\data_wire[94]' from process `$paramod$a88ee0a5926de7bf46212eeecf09e1cb171e2c26\array.$proc$results/sv2v_output.v:118$778'.
No latch inferred for signal `$paramod$a88ee0a5926de7bf46212eeecf09e1cb171e2c26\array.\data_wire[93]' from process `$paramod$a88ee0a5926de7bf46212eeecf09e1cb171e2c26\array.$proc$results/sv2v_output.v:118$777'.
No latch inferred for signal `$paramod$a88ee0a5926de7bf46212eeecf09e1cb171e2c26\array.\data_wire[92]' from process `$paramod$a88ee0a5926de7bf46212eeecf09e1cb171e2c26\array.$proc$results/sv2v_output.v:118$776'.
No latch inferred for signal `$paramod$a88ee0a5926de7bf46212eeecf09e1cb171e2c26\array.\data_wire[91]' from process `$paramod$a88ee0a5926de7bf46212eeecf09e1cb171e2c26\array.$proc$results/sv2v_output.v:118$775'.
No latch inferred for signal `$paramod$a88ee0a5926de7bf46212eeecf09e1cb171e2c26\array.\data_wire[90]' from process `$paramod$a88ee0a5926de7bf46212eeecf09e1cb171e2c26\array.$proc$results/sv2v_output.v:118$774'.
No latch inferred for signal `$paramod$a88ee0a5926de7bf46212eeecf09e1cb171e2c26\array.\data_wire[89]' from process `$paramod$a88ee0a5926de7bf46212eeecf09e1cb171e2c26\array.$proc$results/sv2v_output.v:118$773'.
No latch inferred for signal `$paramod$a88ee0a5926de7bf46212eeecf09e1cb171e2c26\array.\data_wire[88]' from process `$paramod$a88ee0a5926de7bf46212eeecf09e1cb171e2c26\array.$proc$results/sv2v_output.v:118$772'.
No latch inferred for signal `$paramod$a88ee0a5926de7bf46212eeecf09e1cb171e2c26\array.\data_wire[87]' from process `$paramod$a88ee0a5926de7bf46212eeecf09e1cb171e2c26\array.$proc$results/sv2v_output.v:118$771'.
No latch inferred for signal `$paramod$a88ee0a5926de7bf46212eeecf09e1cb171e2c26\array.\data_wire[86]' from process `$paramod$a88ee0a5926de7bf46212eeecf09e1cb171e2c26\array.$proc$results/sv2v_output.v:118$770'.
No latch inferred for signal `$paramod$a88ee0a5926de7bf46212eeecf09e1cb171e2c26\array.\data_wire[85]' from process `$paramod$a88ee0a5926de7bf46212eeecf09e1cb171e2c26\array.$proc$results/sv2v_output.v:118$769'.
No latch inferred for signal `$paramod$a88ee0a5926de7bf46212eeecf09e1cb171e2c26\array.\data_wire[84]' from process `$paramod$a88ee0a5926de7bf46212eeecf09e1cb171e2c26\array.$proc$results/sv2v_output.v:118$768'.
No latch inferred for signal `$paramod$a88ee0a5926de7bf46212eeecf09e1cb171e2c26\array.\data_wire[83]' from process `$paramod$a88ee0a5926de7bf46212eeecf09e1cb171e2c26\array.$proc$results/sv2v_output.v:118$767'.
No latch inferred for signal `$paramod$a88ee0a5926de7bf46212eeecf09e1cb171e2c26\array.\data_wire[82]' from process `$paramod$a88ee0a5926de7bf46212eeecf09e1cb171e2c26\array.$proc$results/sv2v_output.v:118$766'.
No latch inferred for signal `$paramod$a88ee0a5926de7bf46212eeecf09e1cb171e2c26\array.\data_wire[81]' from process `$paramod$a88ee0a5926de7bf46212eeecf09e1cb171e2c26\array.$proc$results/sv2v_output.v:118$765'.
No latch inferred for signal `$paramod$a88ee0a5926de7bf46212eeecf09e1cb171e2c26\array.\data_wire[80]' from process `$paramod$a88ee0a5926de7bf46212eeecf09e1cb171e2c26\array.$proc$results/sv2v_output.v:118$764'.
No latch inferred for signal `$paramod$a88ee0a5926de7bf46212eeecf09e1cb171e2c26\array.\data_wire[79]' from process `$paramod$a88ee0a5926de7bf46212eeecf09e1cb171e2c26\array.$proc$results/sv2v_output.v:118$763'.
No latch inferred for signal `$paramod$a88ee0a5926de7bf46212eeecf09e1cb171e2c26\array.\data_wire[78]' from process `$paramod$a88ee0a5926de7bf46212eeecf09e1cb171e2c26\array.$proc$results/sv2v_output.v:118$762'.
No latch inferred for signal `$paramod$a88ee0a5926de7bf46212eeecf09e1cb171e2c26\array.\data_wire[77]' from process `$paramod$a88ee0a5926de7bf46212eeecf09e1cb171e2c26\array.$proc$results/sv2v_output.v:118$761'.
No latch inferred for signal `$paramod$a88ee0a5926de7bf46212eeecf09e1cb171e2c26\array.\data_wire[76]' from process `$paramod$a88ee0a5926de7bf46212eeecf09e1cb171e2c26\array.$proc$results/sv2v_output.v:118$760'.
No latch inferred for signal `$paramod$a88ee0a5926de7bf46212eeecf09e1cb171e2c26\array.\data_wire[75]' from process `$paramod$a88ee0a5926de7bf46212eeecf09e1cb171e2c26\array.$proc$results/sv2v_output.v:118$759'.
No latch inferred for signal `$paramod$a88ee0a5926de7bf46212eeecf09e1cb171e2c26\array.\data_wire[74]' from process `$paramod$a88ee0a5926de7bf46212eeecf09e1cb171e2c26\array.$proc$results/sv2v_output.v:118$758'.
No latch inferred for signal `$paramod$a88ee0a5926de7bf46212eeecf09e1cb171e2c26\array.\data_wire[73]' from process `$paramod$a88ee0a5926de7bf46212eeecf09e1cb171e2c26\array.$proc$results/sv2v_output.v:118$757'.
No latch inferred for signal `$paramod$a88ee0a5926de7bf46212eeecf09e1cb171e2c26\array.\data_wire[72]' from process `$paramod$a88ee0a5926de7bf46212eeecf09e1cb171e2c26\array.$proc$results/sv2v_output.v:118$756'.
No latch inferred for signal `$paramod$a88ee0a5926de7bf46212eeecf09e1cb171e2c26\array.\data_wire[71]' from process `$paramod$a88ee0a5926de7bf46212eeecf09e1cb171e2c26\array.$proc$results/sv2v_output.v:118$755'.
No latch inferred for signal `$paramod$a88ee0a5926de7bf46212eeecf09e1cb171e2c26\array.\data_wire[70]' from process `$paramod$a88ee0a5926de7bf46212eeecf09e1cb171e2c26\array.$proc$results/sv2v_output.v:118$754'.
No latch inferred for signal `$paramod$a88ee0a5926de7bf46212eeecf09e1cb171e2c26\array.\data_wire[69]' from process `$paramod$a88ee0a5926de7bf46212eeecf09e1cb171e2c26\array.$proc$results/sv2v_output.v:118$753'.
No latch inferred for signal `$paramod$a88ee0a5926de7bf46212eeecf09e1cb171e2c26\array.\data_wire[68]' from process `$paramod$a88ee0a5926de7bf46212eeecf09e1cb171e2c26\array.$proc$results/sv2v_output.v:118$752'.
No latch inferred for signal `$paramod$a88ee0a5926de7bf46212eeecf09e1cb171e2c26\array.\data_wire[67]' from process `$paramod$a88ee0a5926de7bf46212eeecf09e1cb171e2c26\array.$proc$results/sv2v_output.v:118$751'.
No latch inferred for signal `$paramod$a88ee0a5926de7bf46212eeecf09e1cb171e2c26\array.\data_wire[66]' from process `$paramod$a88ee0a5926de7bf46212eeecf09e1cb171e2c26\array.$proc$results/sv2v_output.v:118$750'.
No latch inferred for signal `$paramod$a88ee0a5926de7bf46212eeecf09e1cb171e2c26\array.\data_wire[65]' from process `$paramod$a88ee0a5926de7bf46212eeecf09e1cb171e2c26\array.$proc$results/sv2v_output.v:118$749'.
No latch inferred for signal `$paramod$a88ee0a5926de7bf46212eeecf09e1cb171e2c26\array.\data_wire[64]' from process `$paramod$a88ee0a5926de7bf46212eeecf09e1cb171e2c26\array.$proc$results/sv2v_output.v:118$748'.
No latch inferred for signal `$paramod$a88ee0a5926de7bf46212eeecf09e1cb171e2c26\array.\data_wire[63]' from process `$paramod$a88ee0a5926de7bf46212eeecf09e1cb171e2c26\array.$proc$results/sv2v_output.v:118$747'.
No latch inferred for signal `$paramod$a88ee0a5926de7bf46212eeecf09e1cb171e2c26\array.\data_wire[62]' from process `$paramod$a88ee0a5926de7bf46212eeecf09e1cb171e2c26\array.$proc$results/sv2v_output.v:118$746'.
No latch inferred for signal `$paramod$a88ee0a5926de7bf46212eeecf09e1cb171e2c26\array.\data_wire[61]' from process `$paramod$a88ee0a5926de7bf46212eeecf09e1cb171e2c26\array.$proc$results/sv2v_output.v:118$745'.
No latch inferred for signal `$paramod$a88ee0a5926de7bf46212eeecf09e1cb171e2c26\array.\data_wire[60]' from process `$paramod$a88ee0a5926de7bf46212eeecf09e1cb171e2c26\array.$proc$results/sv2v_output.v:118$744'.
No latch inferred for signal `$paramod$a88ee0a5926de7bf46212eeecf09e1cb171e2c26\array.\data_wire[59]' from process `$paramod$a88ee0a5926de7bf46212eeecf09e1cb171e2c26\array.$proc$results/sv2v_output.v:118$743'.
No latch inferred for signal `$paramod$a88ee0a5926de7bf46212eeecf09e1cb171e2c26\array.\data_wire[58]' from process `$paramod$a88ee0a5926de7bf46212eeecf09e1cb171e2c26\array.$proc$results/sv2v_output.v:118$742'.
No latch inferred for signal `$paramod$a88ee0a5926de7bf46212eeecf09e1cb171e2c26\array.\data_wire[57]' from process `$paramod$a88ee0a5926de7bf46212eeecf09e1cb171e2c26\array.$proc$results/sv2v_output.v:118$741'.
No latch inferred for signal `$paramod$a88ee0a5926de7bf46212eeecf09e1cb171e2c26\array.\data_wire[56]' from process `$paramod$a88ee0a5926de7bf46212eeecf09e1cb171e2c26\array.$proc$results/sv2v_output.v:118$740'.
No latch inferred for signal `$paramod$a88ee0a5926de7bf46212eeecf09e1cb171e2c26\array.\data_wire[55]' from process `$paramod$a88ee0a5926de7bf46212eeecf09e1cb171e2c26\array.$proc$results/sv2v_output.v:118$739'.
No latch inferred for signal `$paramod$a88ee0a5926de7bf46212eeecf09e1cb171e2c26\array.\data_wire[54]' from process `$paramod$a88ee0a5926de7bf46212eeecf09e1cb171e2c26\array.$proc$results/sv2v_output.v:118$738'.
No latch inferred for signal `$paramod$a88ee0a5926de7bf46212eeecf09e1cb171e2c26\array.\data_wire[53]' from process `$paramod$a88ee0a5926de7bf46212eeecf09e1cb171e2c26\array.$proc$results/sv2v_output.v:118$737'.
No latch inferred for signal `$paramod$a88ee0a5926de7bf46212eeecf09e1cb171e2c26\array.\data_wire[52]' from process `$paramod$a88ee0a5926de7bf46212eeecf09e1cb171e2c26\array.$proc$results/sv2v_output.v:118$736'.
No latch inferred for signal `$paramod$a88ee0a5926de7bf46212eeecf09e1cb171e2c26\array.\data_wire[51]' from process `$paramod$a88ee0a5926de7bf46212eeecf09e1cb171e2c26\array.$proc$results/sv2v_output.v:118$735'.
No latch inferred for signal `$paramod$a88ee0a5926de7bf46212eeecf09e1cb171e2c26\array.\data_wire[50]' from process `$paramod$a88ee0a5926de7bf46212eeecf09e1cb171e2c26\array.$proc$results/sv2v_output.v:118$734'.
No latch inferred for signal `$paramod$a88ee0a5926de7bf46212eeecf09e1cb171e2c26\array.\data_wire[49]' from process `$paramod$a88ee0a5926de7bf46212eeecf09e1cb171e2c26\array.$proc$results/sv2v_output.v:118$733'.
No latch inferred for signal `$paramod$a88ee0a5926de7bf46212eeecf09e1cb171e2c26\array.\data_wire[48]' from process `$paramod$a88ee0a5926de7bf46212eeecf09e1cb171e2c26\array.$proc$results/sv2v_output.v:118$732'.
No latch inferred for signal `$paramod$a88ee0a5926de7bf46212eeecf09e1cb171e2c26\array.\data_wire[47]' from process `$paramod$a88ee0a5926de7bf46212eeecf09e1cb171e2c26\array.$proc$results/sv2v_output.v:118$731'.
No latch inferred for signal `$paramod$a88ee0a5926de7bf46212eeecf09e1cb171e2c26\array.\data_wire[46]' from process `$paramod$a88ee0a5926de7bf46212eeecf09e1cb171e2c26\array.$proc$results/sv2v_output.v:118$730'.
No latch inferred for signal `$paramod$a88ee0a5926de7bf46212eeecf09e1cb171e2c26\array.\data_wire[45]' from process `$paramod$a88ee0a5926de7bf46212eeecf09e1cb171e2c26\array.$proc$results/sv2v_output.v:118$729'.
No latch inferred for signal `$paramod$a88ee0a5926de7bf46212eeecf09e1cb171e2c26\array.\data_wire[44]' from process `$paramod$a88ee0a5926de7bf46212eeecf09e1cb171e2c26\array.$proc$results/sv2v_output.v:118$728'.
No latch inferred for signal `$paramod$a88ee0a5926de7bf46212eeecf09e1cb171e2c26\array.\data_wire[43]' from process `$paramod$a88ee0a5926de7bf46212eeecf09e1cb171e2c26\array.$proc$results/sv2v_output.v:118$727'.
No latch inferred for signal `$paramod$a88ee0a5926de7bf46212eeecf09e1cb171e2c26\array.\data_wire[42]' from process `$paramod$a88ee0a5926de7bf46212eeecf09e1cb171e2c26\array.$proc$results/sv2v_output.v:118$726'.
No latch inferred for signal `$paramod$a88ee0a5926de7bf46212eeecf09e1cb171e2c26\array.\data_wire[41]' from process `$paramod$a88ee0a5926de7bf46212eeecf09e1cb171e2c26\array.$proc$results/sv2v_output.v:118$725'.
No latch inferred for signal `$paramod$a88ee0a5926de7bf46212eeecf09e1cb171e2c26\array.\data_wire[40]' from process `$paramod$a88ee0a5926de7bf46212eeecf09e1cb171e2c26\array.$proc$results/sv2v_output.v:118$724'.
No latch inferred for signal `$paramod$a88ee0a5926de7bf46212eeecf09e1cb171e2c26\array.\data_wire[39]' from process `$paramod$a88ee0a5926de7bf46212eeecf09e1cb171e2c26\array.$proc$results/sv2v_output.v:118$723'.
No latch inferred for signal `$paramod$a88ee0a5926de7bf46212eeecf09e1cb171e2c26\array.\data_wire[38]' from process `$paramod$a88ee0a5926de7bf46212eeecf09e1cb171e2c26\array.$proc$results/sv2v_output.v:118$722'.
No latch inferred for signal `$paramod$a88ee0a5926de7bf46212eeecf09e1cb171e2c26\array.\data_wire[37]' from process `$paramod$a88ee0a5926de7bf46212eeecf09e1cb171e2c26\array.$proc$results/sv2v_output.v:118$721'.
No latch inferred for signal `$paramod$a88ee0a5926de7bf46212eeecf09e1cb171e2c26\array.\data_wire[36]' from process `$paramod$a88ee0a5926de7bf46212eeecf09e1cb171e2c26\array.$proc$results/sv2v_output.v:118$720'.
No latch inferred for signal `$paramod$a88ee0a5926de7bf46212eeecf09e1cb171e2c26\array.\data_wire[35]' from process `$paramod$a88ee0a5926de7bf46212eeecf09e1cb171e2c26\array.$proc$results/sv2v_output.v:118$719'.
No latch inferred for signal `$paramod$a88ee0a5926de7bf46212eeecf09e1cb171e2c26\array.\data_wire[34]' from process `$paramod$a88ee0a5926de7bf46212eeecf09e1cb171e2c26\array.$proc$results/sv2v_output.v:118$718'.
No latch inferred for signal `$paramod$a88ee0a5926de7bf46212eeecf09e1cb171e2c26\array.\data_wire[33]' from process `$paramod$a88ee0a5926de7bf46212eeecf09e1cb171e2c26\array.$proc$results/sv2v_output.v:118$717'.
No latch inferred for signal `$paramod$a88ee0a5926de7bf46212eeecf09e1cb171e2c26\array.\data_wire[32]' from process `$paramod$a88ee0a5926de7bf46212eeecf09e1cb171e2c26\array.$proc$results/sv2v_output.v:118$716'.
No latch inferred for signal `$paramod$a88ee0a5926de7bf46212eeecf09e1cb171e2c26\array.\data_wire[31]' from process `$paramod$a88ee0a5926de7bf46212eeecf09e1cb171e2c26\array.$proc$results/sv2v_output.v:118$715'.
No latch inferred for signal `$paramod$a88ee0a5926de7bf46212eeecf09e1cb171e2c26\array.\data_wire[30]' from process `$paramod$a88ee0a5926de7bf46212eeecf09e1cb171e2c26\array.$proc$results/sv2v_output.v:118$714'.
No latch inferred for signal `$paramod$a88ee0a5926de7bf46212eeecf09e1cb171e2c26\array.\data_wire[29]' from process `$paramod$a88ee0a5926de7bf46212eeecf09e1cb171e2c26\array.$proc$results/sv2v_output.v:118$713'.
No latch inferred for signal `$paramod$a88ee0a5926de7bf46212eeecf09e1cb171e2c26\array.\data_wire[28]' from process `$paramod$a88ee0a5926de7bf46212eeecf09e1cb171e2c26\array.$proc$results/sv2v_output.v:118$712'.
No latch inferred for signal `$paramod$a88ee0a5926de7bf46212eeecf09e1cb171e2c26\array.\data_wire[27]' from process `$paramod$a88ee0a5926de7bf46212eeecf09e1cb171e2c26\array.$proc$results/sv2v_output.v:118$711'.
No latch inferred for signal `$paramod$a88ee0a5926de7bf46212eeecf09e1cb171e2c26\array.\data_wire[26]' from process `$paramod$a88ee0a5926de7bf46212eeecf09e1cb171e2c26\array.$proc$results/sv2v_output.v:118$710'.
No latch inferred for signal `$paramod$a88ee0a5926de7bf46212eeecf09e1cb171e2c26\array.\data_wire[25]' from process `$paramod$a88ee0a5926de7bf46212eeecf09e1cb171e2c26\array.$proc$results/sv2v_output.v:118$709'.
No latch inferred for signal `$paramod$a88ee0a5926de7bf46212eeecf09e1cb171e2c26\array.\data_wire[24]' from process `$paramod$a88ee0a5926de7bf46212eeecf09e1cb171e2c26\array.$proc$results/sv2v_output.v:118$708'.
No latch inferred for signal `$paramod$a88ee0a5926de7bf46212eeecf09e1cb171e2c26\array.\data_wire[23]' from process `$paramod$a88ee0a5926de7bf46212eeecf09e1cb171e2c26\array.$proc$results/sv2v_output.v:118$707'.
No latch inferred for signal `$paramod$a88ee0a5926de7bf46212eeecf09e1cb171e2c26\array.\data_wire[22]' from process `$paramod$a88ee0a5926de7bf46212eeecf09e1cb171e2c26\array.$proc$results/sv2v_output.v:118$706'.
No latch inferred for signal `$paramod$a88ee0a5926de7bf46212eeecf09e1cb171e2c26\array.\data_wire[21]' from process `$paramod$a88ee0a5926de7bf46212eeecf09e1cb171e2c26\array.$proc$results/sv2v_output.v:118$705'.
No latch inferred for signal `$paramod$a88ee0a5926de7bf46212eeecf09e1cb171e2c26\array.\data_wire[20]' from process `$paramod$a88ee0a5926de7bf46212eeecf09e1cb171e2c26\array.$proc$results/sv2v_output.v:118$704'.
No latch inferred for signal `$paramod$a88ee0a5926de7bf46212eeecf09e1cb171e2c26\array.\data_wire[19]' from process `$paramod$a88ee0a5926de7bf46212eeecf09e1cb171e2c26\array.$proc$results/sv2v_output.v:118$703'.
No latch inferred for signal `$paramod$a88ee0a5926de7bf46212eeecf09e1cb171e2c26\array.\data_wire[18]' from process `$paramod$a88ee0a5926de7bf46212eeecf09e1cb171e2c26\array.$proc$results/sv2v_output.v:118$702'.
No latch inferred for signal `$paramod$a88ee0a5926de7bf46212eeecf09e1cb171e2c26\array.\data_wire[17]' from process `$paramod$a88ee0a5926de7bf46212eeecf09e1cb171e2c26\array.$proc$results/sv2v_output.v:118$701'.
No latch inferred for signal `$paramod$a88ee0a5926de7bf46212eeecf09e1cb171e2c26\array.\data_wire[16]' from process `$paramod$a88ee0a5926de7bf46212eeecf09e1cb171e2c26\array.$proc$results/sv2v_output.v:118$700'.
No latch inferred for signal `$paramod$a88ee0a5926de7bf46212eeecf09e1cb171e2c26\array.\data_wire[15]' from process `$paramod$a88ee0a5926de7bf46212eeecf09e1cb171e2c26\array.$proc$results/sv2v_output.v:104$699'.
No latch inferred for signal `$paramod$a88ee0a5926de7bf46212eeecf09e1cb171e2c26\array.\data_wire[14]' from process `$paramod$a88ee0a5926de7bf46212eeecf09e1cb171e2c26\array.$proc$results/sv2v_output.v:104$698'.
No latch inferred for signal `$paramod$a88ee0a5926de7bf46212eeecf09e1cb171e2c26\array.\data_wire[13]' from process `$paramod$a88ee0a5926de7bf46212eeecf09e1cb171e2c26\array.$proc$results/sv2v_output.v:104$697'.
No latch inferred for signal `$paramod$a88ee0a5926de7bf46212eeecf09e1cb171e2c26\array.\data_wire[12]' from process `$paramod$a88ee0a5926de7bf46212eeecf09e1cb171e2c26\array.$proc$results/sv2v_output.v:104$696'.
No latch inferred for signal `$paramod$a88ee0a5926de7bf46212eeecf09e1cb171e2c26\array.\data_wire[11]' from process `$paramod$a88ee0a5926de7bf46212eeecf09e1cb171e2c26\array.$proc$results/sv2v_output.v:104$695'.
No latch inferred for signal `$paramod$a88ee0a5926de7bf46212eeecf09e1cb171e2c26\array.\data_wire[10]' from process `$paramod$a88ee0a5926de7bf46212eeecf09e1cb171e2c26\array.$proc$results/sv2v_output.v:104$694'.
No latch inferred for signal `$paramod$a88ee0a5926de7bf46212eeecf09e1cb171e2c26\array.\data_wire[9]' from process `$paramod$a88ee0a5926de7bf46212eeecf09e1cb171e2c26\array.$proc$results/sv2v_output.v:104$693'.
No latch inferred for signal `$paramod$a88ee0a5926de7bf46212eeecf09e1cb171e2c26\array.\data_wire[8]' from process `$paramod$a88ee0a5926de7bf46212eeecf09e1cb171e2c26\array.$proc$results/sv2v_output.v:104$692'.
No latch inferred for signal `$paramod$a88ee0a5926de7bf46212eeecf09e1cb171e2c26\array.\data_wire[7]' from process `$paramod$a88ee0a5926de7bf46212eeecf09e1cb171e2c26\array.$proc$results/sv2v_output.v:104$691'.
No latch inferred for signal `$paramod$a88ee0a5926de7bf46212eeecf09e1cb171e2c26\array.\data_wire[6]' from process `$paramod$a88ee0a5926de7bf46212eeecf09e1cb171e2c26\array.$proc$results/sv2v_output.v:104$690'.
No latch inferred for signal `$paramod$a88ee0a5926de7bf46212eeecf09e1cb171e2c26\array.\data_wire[5]' from process `$paramod$a88ee0a5926de7bf46212eeecf09e1cb171e2c26\array.$proc$results/sv2v_output.v:104$689'.
No latch inferred for signal `$paramod$a88ee0a5926de7bf46212eeecf09e1cb171e2c26\array.\data_wire[4]' from process `$paramod$a88ee0a5926de7bf46212eeecf09e1cb171e2c26\array.$proc$results/sv2v_output.v:104$688'.
No latch inferred for signal `$paramod$a88ee0a5926de7bf46212eeecf09e1cb171e2c26\array.\data_wire[3]' from process `$paramod$a88ee0a5926de7bf46212eeecf09e1cb171e2c26\array.$proc$results/sv2v_output.v:104$687'.
No latch inferred for signal `$paramod$a88ee0a5926de7bf46212eeecf09e1cb171e2c26\array.\data_wire[2]' from process `$paramod$a88ee0a5926de7bf46212eeecf09e1cb171e2c26\array.$proc$results/sv2v_output.v:104$686'.
No latch inferred for signal `$paramod$a88ee0a5926de7bf46212eeecf09e1cb171e2c26\array.\data_wire[1]' from process `$paramod$a88ee0a5926de7bf46212eeecf09e1cb171e2c26\array.$proc$results/sv2v_output.v:104$685'.
No latch inferred for signal `$paramod$a88ee0a5926de7bf46212eeecf09e1cb171e2c26\array.\data_wire[0]' from process `$paramod$a88ee0a5926de7bf46212eeecf09e1cb171e2c26\array.$proc$results/sv2v_output.v:104$684'.

3.2.9. Executing PROC_DFF pass (convert process syncs to FFs).
Creating register for signal `$paramod$6d9fec60875be2cf56709ced5e593476aeaf643f\pe.\data_out' using process `$paramod$6d9fec60875be2cf56709ced5e593476aeaf643f\pe.$proc$results/sv2v_output.v:22$957'.
  created $adff cell `$procdff$1054' with positive edge clock and positive level reset.
Creating register for signal `$paramod$6d9fec60875be2cf56709ced5e593476aeaf643f\pe.\acc_out' using process `$paramod$6d9fec60875be2cf56709ced5e593476aeaf643f\pe.$proc$results/sv2v_output.v:22$957'.
  created $adff cell `$procdff$1059' with positive edge clock and positive level reset.
Creating register for signal `$paramod$6d9fec60875be2cf56709ced5e593476aeaf643f\pe.\weight_r' using process `$paramod$6d9fec60875be2cf56709ced5e593476aeaf643f\pe.$proc$results/sv2v_output.v:22$957'.
  created $adff cell `$procdff$1064' with positive edge clock and positive level reset.

3.2.10. Executing PROC_MEMWR pass (convert process memory writes to cells).

3.2.11. Executing PROC_CLEAN pass (remove empty switches from decision trees).
Found and cleaned up 1 empty switch in `$paramod$6d9fec60875be2cf56709ced5e593476aeaf643f\pe.$proc$results/sv2v_output.v:22$957'.
Removing empty process `$paramod$6d9fec60875be2cf56709ced5e593476aeaf643f\pe.$proc$results/sv2v_output.v:22$957'.
Removing empty process `$paramod$ddb646b36b98b3bde174fb312724e3655b16564f\pe_col.$proc$results/sv2v_output.v:73$1040'.
Removing empty process `$paramod$ddb646b36b98b3bde174fb312724e3655b16564f\pe_col.$proc$results/sv2v_output.v:73$1039'.
Removing empty process `$paramod$ddb646b36b98b3bde174fb312724e3655b16564f\pe_col.$proc$results/sv2v_output.v:73$1038'.
Removing empty process `$paramod$ddb646b36b98b3bde174fb312724e3655b16564f\pe_col.$proc$results/sv2v_output.v:73$1037'.
Removing empty process `$paramod$ddb646b36b98b3bde174fb312724e3655b16564f\pe_col.$proc$results/sv2v_output.v:73$1036'.
Removing empty process `$paramod$ddb646b36b98b3bde174fb312724e3655b16564f\pe_col.$proc$results/sv2v_output.v:73$1035'.
Removing empty process `$paramod$ddb646b36b98b3bde174fb312724e3655b16564f\pe_col.$proc$results/sv2v_output.v:73$1034'.
Removing empty process `$paramod$ddb646b36b98b3bde174fb312724e3655b16564f\pe_col.$proc$results/sv2v_output.v:73$1033'.
Removing empty process `$paramod$ddb646b36b98b3bde174fb312724e3655b16564f\pe_col.$proc$results/sv2v_output.v:73$1032'.
Removing empty process `$paramod$ddb646b36b98b3bde174fb312724e3655b16564f\pe_col.$proc$results/sv2v_output.v:73$1031'.
Removing empty process `$paramod$ddb646b36b98b3bde174fb312724e3655b16564f\pe_col.$proc$results/sv2v_output.v:73$1030'.
Removing empty process `$paramod$ddb646b36b98b3bde174fb312724e3655b16564f\pe_col.$proc$results/sv2v_output.v:73$1029'.
Removing empty process `$paramod$ddb646b36b98b3bde174fb312724e3655b16564f\pe_col.$proc$results/sv2v_output.v:73$1028'.
Removing empty process `$paramod$ddb646b36b98b3bde174fb312724e3655b16564f\pe_col.$proc$results/sv2v_output.v:73$1027'.
Removing empty process `$paramod$ddb646b36b98b3bde174fb312724e3655b16564f\pe_col.$proc$results/sv2v_output.v:73$1026'.
Removing empty process `$paramod$ddb646b36b98b3bde174fb312724e3655b16564f\pe_col.$proc$results/sv2v_output.v:73$1025'.
Removing empty process `$paramod$ddb646b36b98b3bde174fb312724e3655b16564f\pe_col.$proc$results/sv2v_output.v:58$1024'.
Removing empty process `$paramod$a88ee0a5926de7bf46212eeecf09e1cb171e2c26\array.$proc$results/sv2v_output.v:118$955'.
Removing empty process `$paramod$a88ee0a5926de7bf46212eeecf09e1cb171e2c26\array.$proc$results/sv2v_output.v:118$954'.
Removing empty process `$paramod$a88ee0a5926de7bf46212eeecf09e1cb171e2c26\array.$proc$results/sv2v_output.v:118$953'.
Removing empty process `$paramod$a88ee0a5926de7bf46212eeecf09e1cb171e2c26\array.$proc$results/sv2v_output.v:118$952'.
Removing empty process `$paramod$a88ee0a5926de7bf46212eeecf09e1cb171e2c26\array.$proc$results/sv2v_output.v:118$951'.
Removing empty process `$paramod$a88ee0a5926de7bf46212eeecf09e1cb171e2c26\array.$proc$results/sv2v_output.v:118$950'.
Removing empty process `$paramod$a88ee0a5926de7bf46212eeecf09e1cb171e2c26\array.$proc$results/sv2v_output.v:118$949'.
Removing empty process `$paramod$a88ee0a5926de7bf46212eeecf09e1cb171e2c26\array.$proc$results/sv2v_output.v:118$948'.
Removing empty process `$paramod$a88ee0a5926de7bf46212eeecf09e1cb171e2c26\array.$proc$results/sv2v_output.v:118$947'.
Removing empty process `$paramod$a88ee0a5926de7bf46212eeecf09e1cb171e2c26\array.$proc$results/sv2v_output.v:118$946'.
Removing empty process `$paramod$a88ee0a5926de7bf46212eeecf09e1cb171e2c26\array.$proc$results/sv2v_output.v:118$945'.
Removing empty process `$paramod$a88ee0a5926de7bf46212eeecf09e1cb171e2c26\array.$proc$results/sv2v_output.v:118$944'.
Removing empty process `$paramod$a88ee0a5926de7bf46212eeecf09e1cb171e2c26\array.$proc$results/sv2v_output.v:118$943'.
Removing empty process `$paramod$a88ee0a5926de7bf46212eeecf09e1cb171e2c26\array.$proc$results/sv2v_output.v:118$942'.
Removing empty process `$paramod$a88ee0a5926de7bf46212eeecf09e1cb171e2c26\array.$proc$results/sv2v_output.v:118$941'.
Removing empty process `$paramod$a88ee0a5926de7bf46212eeecf09e1cb171e2c26\array.$proc$results/sv2v_output.v:118$940'.
Removing empty process `$paramod$a88ee0a5926de7bf46212eeecf09e1cb171e2c26\array.$proc$results/sv2v_output.v:118$939'.
Removing empty process `$paramod$a88ee0a5926de7bf46212eeecf09e1cb171e2c26\array.$proc$results/sv2v_output.v:118$938'.
Removing empty process `$paramod$a88ee0a5926de7bf46212eeecf09e1cb171e2c26\array.$proc$results/sv2v_output.v:118$937'.
Removing empty process `$paramod$a88ee0a5926de7bf46212eeecf09e1cb171e2c26\array.$proc$results/sv2v_output.v:118$936'.
Removing empty process `$paramod$a88ee0a5926de7bf46212eeecf09e1cb171e2c26\array.$proc$results/sv2v_output.v:118$935'.
Removing empty process `$paramod$a88ee0a5926de7bf46212eeecf09e1cb171e2c26\array.$proc$results/sv2v_output.v:118$934'.
Removing empty process `$paramod$a88ee0a5926de7bf46212eeecf09e1cb171e2c26\array.$proc$results/sv2v_output.v:118$933'.
Removing empty process `$paramod$a88ee0a5926de7bf46212eeecf09e1cb171e2c26\array.$proc$results/sv2v_output.v:118$932'.
Removing empty process `$paramod$a88ee0a5926de7bf46212eeecf09e1cb171e2c26\array.$proc$results/sv2v_output.v:118$931'.
Removing empty process `$paramod$a88ee0a5926de7bf46212eeecf09e1cb171e2c26\array.$proc$results/sv2v_output.v:118$930'.
Removing empty process `$paramod$a88ee0a5926de7bf46212eeecf09e1cb171e2c26\array.$proc$results/sv2v_output.v:118$929'.
Removing empty process `$paramod$a88ee0a5926de7bf46212eeecf09e1cb171e2c26\array.$proc$results/sv2v_output.v:118$928'.
Removing empty process `$paramod$a88ee0a5926de7bf46212eeecf09e1cb171e2c26\array.$proc$results/sv2v_output.v:118$927'.
Removing empty process `$paramod$a88ee0a5926de7bf46212eeecf09e1cb171e2c26\array.$proc$results/sv2v_output.v:118$926'.
Removing empty process `$paramod$a88ee0a5926de7bf46212eeecf09e1cb171e2c26\array.$proc$results/sv2v_output.v:118$925'.
Removing empty process `$paramod$a88ee0a5926de7bf46212eeecf09e1cb171e2c26\array.$proc$results/sv2v_output.v:118$924'.
Removing empty process `$paramod$a88ee0a5926de7bf46212eeecf09e1cb171e2c26\array.$proc$results/sv2v_output.v:118$923'.
Removing empty process `$paramod$a88ee0a5926de7bf46212eeecf09e1cb171e2c26\array.$proc$results/sv2v_output.v:118$922'.
Removing empty process `$paramod$a88ee0a5926de7bf46212eeecf09e1cb171e2c26\array.$proc$results/sv2v_output.v:118$921'.
Removing empty process `$paramod$a88ee0a5926de7bf46212eeecf09e1cb171e2c26\array.$proc$results/sv2v_output.v:118$920'.
Removing empty process `$paramod$a88ee0a5926de7bf46212eeecf09e1cb171e2c26\array.$proc$results/sv2v_output.v:118$919'.
Removing empty process `$paramod$a88ee0a5926de7bf46212eeecf09e1cb171e2c26\array.$proc$results/sv2v_output.v:118$918'.
Removing empty process `$paramod$a88ee0a5926de7bf46212eeecf09e1cb171e2c26\array.$proc$results/sv2v_output.v:118$917'.
Removing empty process `$paramod$a88ee0a5926de7bf46212eeecf09e1cb171e2c26\array.$proc$results/sv2v_output.v:118$916'.
Removing empty process `$paramod$a88ee0a5926de7bf46212eeecf09e1cb171e2c26\array.$proc$results/sv2v_output.v:118$915'.
Removing empty process `$paramod$a88ee0a5926de7bf46212eeecf09e1cb171e2c26\array.$proc$results/sv2v_output.v:118$914'.
Removing empty process `$paramod$a88ee0a5926de7bf46212eeecf09e1cb171e2c26\array.$proc$results/sv2v_output.v:118$913'.
Removing empty process `$paramod$a88ee0a5926de7bf46212eeecf09e1cb171e2c26\array.$proc$results/sv2v_output.v:118$912'.
Removing empty process `$paramod$a88ee0a5926de7bf46212eeecf09e1cb171e2c26\array.$proc$results/sv2v_output.v:118$911'.
Removing empty process `$paramod$a88ee0a5926de7bf46212eeecf09e1cb171e2c26\array.$proc$results/sv2v_output.v:118$910'.
Removing empty process `$paramod$a88ee0a5926de7bf46212eeecf09e1cb171e2c26\array.$proc$results/sv2v_output.v:118$909'.
Removing empty process `$paramod$a88ee0a5926de7bf46212eeecf09e1cb171e2c26\array.$proc$results/sv2v_output.v:118$908'.
Removing empty process `$paramod$a88ee0a5926de7bf46212eeecf09e1cb171e2c26\array.$proc$results/sv2v_output.v:118$907'.
Removing empty process `$paramod$a88ee0a5926de7bf46212eeecf09e1cb171e2c26\array.$proc$results/sv2v_output.v:118$906'.
Removing empty process `$paramod$a88ee0a5926de7bf46212eeecf09e1cb171e2c26\array.$proc$results/sv2v_output.v:118$905'.
Removing empty process `$paramod$a88ee0a5926de7bf46212eeecf09e1cb171e2c26\array.$proc$results/sv2v_output.v:118$904'.
Removing empty process `$paramod$a88ee0a5926de7bf46212eeecf09e1cb171e2c26\array.$proc$results/sv2v_output.v:118$903'.
Removing empty process `$paramod$a88ee0a5926de7bf46212eeecf09e1cb171e2c26\array.$proc$results/sv2v_output.v:118$902'.
Removing empty process `$paramod$a88ee0a5926de7bf46212eeecf09e1cb171e2c26\array.$proc$results/sv2v_output.v:118$901'.
Removing empty process `$paramod$a88ee0a5926de7bf46212eeecf09e1cb171e2c26\array.$proc$results/sv2v_output.v:118$900'.
Removing empty process `$paramod$a88ee0a5926de7bf46212eeecf09e1cb171e2c26\array.$proc$results/sv2v_output.v:118$899'.
Removing empty process `$paramod$a88ee0a5926de7bf46212eeecf09e1cb171e2c26\array.$proc$results/sv2v_output.v:118$898'.
Removing empty process `$paramod$a88ee0a5926de7bf46212eeecf09e1cb171e2c26\array.$proc$results/sv2v_output.v:118$897'.
Removing empty process `$paramod$a88ee0a5926de7bf46212eeecf09e1cb171e2c26\array.$proc$results/sv2v_output.v:118$896'.
Removing empty process `$paramod$a88ee0a5926de7bf46212eeecf09e1cb171e2c26\array.$proc$results/sv2v_output.v:118$895'.
Removing empty process `$paramod$a88ee0a5926de7bf46212eeecf09e1cb171e2c26\array.$proc$results/sv2v_output.v:118$894'.
Removing empty process `$paramod$a88ee0a5926de7bf46212eeecf09e1cb171e2c26\array.$proc$results/sv2v_output.v:118$893'.
Removing empty process `$paramod$a88ee0a5926de7bf46212eeecf09e1cb171e2c26\array.$proc$results/sv2v_output.v:118$892'.
Removing empty process `$paramod$a88ee0a5926de7bf46212eeecf09e1cb171e2c26\array.$proc$results/sv2v_output.v:118$891'.
Removing empty process `$paramod$a88ee0a5926de7bf46212eeecf09e1cb171e2c26\array.$proc$results/sv2v_output.v:118$890'.
Removing empty process `$paramod$a88ee0a5926de7bf46212eeecf09e1cb171e2c26\array.$proc$results/sv2v_output.v:118$889'.
Removing empty process `$paramod$a88ee0a5926de7bf46212eeecf09e1cb171e2c26\array.$proc$results/sv2v_output.v:118$888'.
Removing empty process `$paramod$a88ee0a5926de7bf46212eeecf09e1cb171e2c26\array.$proc$results/sv2v_output.v:118$887'.
Removing empty process `$paramod$a88ee0a5926de7bf46212eeecf09e1cb171e2c26\array.$proc$results/sv2v_output.v:118$886'.
Removing empty process `$paramod$a88ee0a5926de7bf46212eeecf09e1cb171e2c26\array.$proc$results/sv2v_output.v:118$885'.
Removing empty process `$paramod$a88ee0a5926de7bf46212eeecf09e1cb171e2c26\array.$proc$results/sv2v_output.v:118$884'.
Removing empty process `$paramod$a88ee0a5926de7bf46212eeecf09e1cb171e2c26\array.$proc$results/sv2v_output.v:118$883'.
Removing empty process `$paramod$a88ee0a5926de7bf46212eeecf09e1cb171e2c26\array.$proc$results/sv2v_output.v:118$882'.
Removing empty process `$paramod$a88ee0a5926de7bf46212eeecf09e1cb171e2c26\array.$proc$results/sv2v_output.v:118$881'.
Removing empty process `$paramod$a88ee0a5926de7bf46212eeecf09e1cb171e2c26\array.$proc$results/sv2v_output.v:118$880'.
Removing empty process `$paramod$a88ee0a5926de7bf46212eeecf09e1cb171e2c26\array.$proc$results/sv2v_output.v:118$879'.
Removing empty process `$paramod$a88ee0a5926de7bf46212eeecf09e1cb171e2c26\array.$proc$results/sv2v_output.v:118$878'.
Removing empty process `$paramod$a88ee0a5926de7bf46212eeecf09e1cb171e2c26\array.$proc$results/sv2v_output.v:118$877'.
Removing empty process `$paramod$a88ee0a5926de7bf46212eeecf09e1cb171e2c26\array.$proc$results/sv2v_output.v:118$876'.
Removing empty process `$paramod$a88ee0a5926de7bf46212eeecf09e1cb171e2c26\array.$proc$results/sv2v_output.v:118$875'.
Removing empty process `$paramod$a88ee0a5926de7bf46212eeecf09e1cb171e2c26\array.$proc$results/sv2v_output.v:118$874'.
Removing empty process `$paramod$a88ee0a5926de7bf46212eeecf09e1cb171e2c26\array.$proc$results/sv2v_output.v:118$873'.
Removing empty process `$paramod$a88ee0a5926de7bf46212eeecf09e1cb171e2c26\array.$proc$results/sv2v_output.v:118$872'.
Removing empty process `$paramod$a88ee0a5926de7bf46212eeecf09e1cb171e2c26\array.$proc$results/sv2v_output.v:118$871'.
Removing empty process `$paramod$a88ee0a5926de7bf46212eeecf09e1cb171e2c26\array.$proc$results/sv2v_output.v:118$870'.
Removing empty process `$paramod$a88ee0a5926de7bf46212eeecf09e1cb171e2c26\array.$proc$results/sv2v_output.v:118$869'.
Removing empty process `$paramod$a88ee0a5926de7bf46212eeecf09e1cb171e2c26\array.$proc$results/sv2v_output.v:118$868'.
Removing empty process `$paramod$a88ee0a5926de7bf46212eeecf09e1cb171e2c26\array.$proc$results/sv2v_output.v:118$867'.
Removing empty process `$paramod$a88ee0a5926de7bf46212eeecf09e1cb171e2c26\array.$proc$results/sv2v_output.v:118$866'.
Removing empty process `$paramod$a88ee0a5926de7bf46212eeecf09e1cb171e2c26\array.$proc$results/sv2v_output.v:118$865'.
Removing empty process `$paramod$a88ee0a5926de7bf46212eeecf09e1cb171e2c26\array.$proc$results/sv2v_output.v:118$864'.
Removing empty process `$paramod$a88ee0a5926de7bf46212eeecf09e1cb171e2c26\array.$proc$results/sv2v_output.v:118$863'.
Removing empty process `$paramod$a88ee0a5926de7bf46212eeecf09e1cb171e2c26\array.$proc$results/sv2v_output.v:118$862'.
Removing empty process `$paramod$a88ee0a5926de7bf46212eeecf09e1cb171e2c26\array.$proc$results/sv2v_output.v:118$861'.
Removing empty process `$paramod$a88ee0a5926de7bf46212eeecf09e1cb171e2c26\array.$proc$results/sv2v_output.v:118$860'.
Removing empty process `$paramod$a88ee0a5926de7bf46212eeecf09e1cb171e2c26\array.$proc$results/sv2v_output.v:118$859'.
Removing empty process `$paramod$a88ee0a5926de7bf46212eeecf09e1cb171e2c26\array.$proc$results/sv2v_output.v:118$858'.
Removing empty process `$paramod$a88ee0a5926de7bf46212eeecf09e1cb171e2c26\array.$proc$results/sv2v_output.v:118$857'.
Removing empty process `$paramod$a88ee0a5926de7bf46212eeecf09e1cb171e2c26\array.$proc$results/sv2v_output.v:118$856'.
Removing empty process `$paramod$a88ee0a5926de7bf46212eeecf09e1cb171e2c26\array.$proc$results/sv2v_output.v:118$855'.
Removing empty process `$paramod$a88ee0a5926de7bf46212eeecf09e1cb171e2c26\array.$proc$results/sv2v_output.v:118$854'.
Removing empty process `$paramod$a88ee0a5926de7bf46212eeecf09e1cb171e2c26\array.$proc$results/sv2v_output.v:118$853'.
Removing empty process `$paramod$a88ee0a5926de7bf46212eeecf09e1cb171e2c26\array.$proc$results/sv2v_output.v:118$852'.
Removing empty process `$paramod$a88ee0a5926de7bf46212eeecf09e1cb171e2c26\array.$proc$results/sv2v_output.v:118$851'.
Removing empty process `$paramod$a88ee0a5926de7bf46212eeecf09e1cb171e2c26\array.$proc$results/sv2v_output.v:118$850'.
Removing empty process `$paramod$a88ee0a5926de7bf46212eeecf09e1cb171e2c26\array.$proc$results/sv2v_output.v:118$849'.
Removing empty process `$paramod$a88ee0a5926de7bf46212eeecf09e1cb171e2c26\array.$proc$results/sv2v_output.v:118$848'.
Removing empty process `$paramod$a88ee0a5926de7bf46212eeecf09e1cb171e2c26\array.$proc$results/sv2v_output.v:118$847'.
Removing empty process `$paramod$a88ee0a5926de7bf46212eeecf09e1cb171e2c26\array.$proc$results/sv2v_output.v:118$846'.
Removing empty process `$paramod$a88ee0a5926de7bf46212eeecf09e1cb171e2c26\array.$proc$results/sv2v_output.v:118$845'.
Removing empty process `$paramod$a88ee0a5926de7bf46212eeecf09e1cb171e2c26\array.$proc$results/sv2v_output.v:118$844'.
Removing empty process `$paramod$a88ee0a5926de7bf46212eeecf09e1cb171e2c26\array.$proc$results/sv2v_output.v:118$843'.
Removing empty process `$paramod$a88ee0a5926de7bf46212eeecf09e1cb171e2c26\array.$proc$results/sv2v_output.v:118$842'.
Removing empty process `$paramod$a88ee0a5926de7bf46212eeecf09e1cb171e2c26\array.$proc$results/sv2v_output.v:118$841'.
Removing empty process `$paramod$a88ee0a5926de7bf46212eeecf09e1cb171e2c26\array.$proc$results/sv2v_output.v:118$840'.
Removing empty process `$paramod$a88ee0a5926de7bf46212eeecf09e1cb171e2c26\array.$proc$results/sv2v_output.v:118$839'.
Removing empty process `$paramod$a88ee0a5926de7bf46212eeecf09e1cb171e2c26\array.$proc$results/sv2v_output.v:118$838'.
Removing empty process `$paramod$a88ee0a5926de7bf46212eeecf09e1cb171e2c26\array.$proc$results/sv2v_output.v:118$837'.
Removing empty process `$paramod$a88ee0a5926de7bf46212eeecf09e1cb171e2c26\array.$proc$results/sv2v_output.v:118$836'.
Removing empty process `$paramod$a88ee0a5926de7bf46212eeecf09e1cb171e2c26\array.$proc$results/sv2v_output.v:118$835'.
Removing empty process `$paramod$a88ee0a5926de7bf46212eeecf09e1cb171e2c26\array.$proc$results/sv2v_output.v:118$834'.
Removing empty process `$paramod$a88ee0a5926de7bf46212eeecf09e1cb171e2c26\array.$proc$results/sv2v_output.v:118$833'.
Removing empty process `$paramod$a88ee0a5926de7bf46212eeecf09e1cb171e2c26\array.$proc$results/sv2v_output.v:118$832'.
Removing empty process `$paramod$a88ee0a5926de7bf46212eeecf09e1cb171e2c26\array.$proc$results/sv2v_output.v:118$831'.
Removing empty process `$paramod$a88ee0a5926de7bf46212eeecf09e1cb171e2c26\array.$proc$results/sv2v_output.v:118$830'.
Removing empty process `$paramod$a88ee0a5926de7bf46212eeecf09e1cb171e2c26\array.$proc$results/sv2v_output.v:118$829'.
Removing empty process `$paramod$a88ee0a5926de7bf46212eeecf09e1cb171e2c26\array.$proc$results/sv2v_output.v:118$828'.
Removing empty process `$paramod$a88ee0a5926de7bf46212eeecf09e1cb171e2c26\array.$proc$results/sv2v_output.v:118$827'.
Removing empty process `$paramod$a88ee0a5926de7bf46212eeecf09e1cb171e2c26\array.$proc$results/sv2v_output.v:118$826'.
Removing empty process `$paramod$a88ee0a5926de7bf46212eeecf09e1cb171e2c26\array.$proc$results/sv2v_output.v:118$825'.
Removing empty process `$paramod$a88ee0a5926de7bf46212eeecf09e1cb171e2c26\array.$proc$results/sv2v_output.v:118$824'.
Removing empty process `$paramod$a88ee0a5926de7bf46212eeecf09e1cb171e2c26\array.$proc$results/sv2v_output.v:118$823'.
Removing empty process `$paramod$a88ee0a5926de7bf46212eeecf09e1cb171e2c26\array.$proc$results/sv2v_output.v:118$822'.
Removing empty process `$paramod$a88ee0a5926de7bf46212eeecf09e1cb171e2c26\array.$proc$results/sv2v_output.v:118$821'.
Removing empty process `$paramod$a88ee0a5926de7bf46212eeecf09e1cb171e2c26\array.$proc$results/sv2v_output.v:118$820'.
Removing empty process `$paramod$a88ee0a5926de7bf46212eeecf09e1cb171e2c26\array.$proc$results/sv2v_output.v:118$819'.
Removing empty process `$paramod$a88ee0a5926de7bf46212eeecf09e1cb171e2c26\array.$proc$results/sv2v_output.v:118$818'.
Removing empty process `$paramod$a88ee0a5926de7bf46212eeecf09e1cb171e2c26\array.$proc$results/sv2v_output.v:118$817'.
Removing empty process `$paramod$a88ee0a5926de7bf46212eeecf09e1cb171e2c26\array.$proc$results/sv2v_output.v:118$816'.
Removing empty process `$paramod$a88ee0a5926de7bf46212eeecf09e1cb171e2c26\array.$proc$results/sv2v_output.v:118$815'.
Removing empty process `$paramod$a88ee0a5926de7bf46212eeecf09e1cb171e2c26\array.$proc$results/sv2v_output.v:118$814'.
Removing empty process `$paramod$a88ee0a5926de7bf46212eeecf09e1cb171e2c26\array.$proc$results/sv2v_output.v:118$813'.
Removing empty process `$paramod$a88ee0a5926de7bf46212eeecf09e1cb171e2c26\array.$proc$results/sv2v_output.v:118$812'.
Removing empty process `$paramod$a88ee0a5926de7bf46212eeecf09e1cb171e2c26\array.$proc$results/sv2v_output.v:118$811'.
Removing empty process `$paramod$a88ee0a5926de7bf46212eeecf09e1cb171e2c26\array.$proc$results/sv2v_output.v:118$810'.
Removing empty process `$paramod$a88ee0a5926de7bf46212eeecf09e1cb171e2c26\array.$proc$results/sv2v_output.v:118$809'.
Removing empty process `$paramod$a88ee0a5926de7bf46212eeecf09e1cb171e2c26\array.$proc$results/sv2v_output.v:118$808'.
Removing empty process `$paramod$a88ee0a5926de7bf46212eeecf09e1cb171e2c26\array.$proc$results/sv2v_output.v:118$807'.
Removing empty process `$paramod$a88ee0a5926de7bf46212eeecf09e1cb171e2c26\array.$proc$results/sv2v_output.v:118$806'.
Removing empty process `$paramod$a88ee0a5926de7bf46212eeecf09e1cb171e2c26\array.$proc$results/sv2v_output.v:118$805'.
Removing empty process `$paramod$a88ee0a5926de7bf46212eeecf09e1cb171e2c26\array.$proc$results/sv2v_output.v:118$804'.
Removing empty process `$paramod$a88ee0a5926de7bf46212eeecf09e1cb171e2c26\array.$proc$results/sv2v_output.v:118$803'.
Removing empty process `$paramod$a88ee0a5926de7bf46212eeecf09e1cb171e2c26\array.$proc$results/sv2v_output.v:118$802'.
Removing empty process `$paramod$a88ee0a5926de7bf46212eeecf09e1cb171e2c26\array.$proc$results/sv2v_output.v:118$801'.
Removing empty process `$paramod$a88ee0a5926de7bf46212eeecf09e1cb171e2c26\array.$proc$results/sv2v_output.v:118$800'.
Removing empty process `$paramod$a88ee0a5926de7bf46212eeecf09e1cb171e2c26\array.$proc$results/sv2v_output.v:118$799'.
Removing empty process `$paramod$a88ee0a5926de7bf46212eeecf09e1cb171e2c26\array.$proc$results/sv2v_output.v:118$798'.
Removing empty process `$paramod$a88ee0a5926de7bf46212eeecf09e1cb171e2c26\array.$proc$results/sv2v_output.v:118$797'.
Removing empty process `$paramod$a88ee0a5926de7bf46212eeecf09e1cb171e2c26\array.$proc$results/sv2v_output.v:118$796'.
Removing empty process `$paramod$a88ee0a5926de7bf46212eeecf09e1cb171e2c26\array.$proc$results/sv2v_output.v:118$795'.
Removing empty process `$paramod$a88ee0a5926de7bf46212eeecf09e1cb171e2c26\array.$proc$results/sv2v_output.v:118$794'.
Removing empty process `$paramod$a88ee0a5926de7bf46212eeecf09e1cb171e2c26\array.$proc$results/sv2v_output.v:118$793'.
Removing empty process `$paramod$a88ee0a5926de7bf46212eeecf09e1cb171e2c26\array.$proc$results/sv2v_output.v:118$792'.
Removing empty process `$paramod$a88ee0a5926de7bf46212eeecf09e1cb171e2c26\array.$proc$results/sv2v_output.v:118$791'.
Removing empty process `$paramod$a88ee0a5926de7bf46212eeecf09e1cb171e2c26\array.$proc$results/sv2v_output.v:118$790'.
Removing empty process `$paramod$a88ee0a5926de7bf46212eeecf09e1cb171e2c26\array.$proc$results/sv2v_output.v:118$789'.
Removing empty process `$paramod$a88ee0a5926de7bf46212eeecf09e1cb171e2c26\array.$proc$results/sv2v_output.v:118$788'.
Removing empty process `$paramod$a88ee0a5926de7bf46212eeecf09e1cb171e2c26\array.$proc$results/sv2v_output.v:118$787'.
Removing empty process `$paramod$a88ee0a5926de7bf46212eeecf09e1cb171e2c26\array.$proc$results/sv2v_output.v:118$786'.
Removing empty process `$paramod$a88ee0a5926de7bf46212eeecf09e1cb171e2c26\array.$proc$results/sv2v_output.v:118$785'.
Removing empty process `$paramod$a88ee0a5926de7bf46212eeecf09e1cb171e2c26\array.$proc$results/sv2v_output.v:118$784'.
Removing empty process `$paramod$a88ee0a5926de7bf46212eeecf09e1cb171e2c26\array.$proc$results/sv2v_output.v:118$783'.
Removing empty process `$paramod$a88ee0a5926de7bf46212eeecf09e1cb171e2c26\array.$proc$results/sv2v_output.v:118$782'.
Removing empty process `$paramod$a88ee0a5926de7bf46212eeecf09e1cb171e2c26\array.$proc$results/sv2v_output.v:118$781'.
Removing empty process `$paramod$a88ee0a5926de7bf46212eeecf09e1cb171e2c26\array.$proc$results/sv2v_output.v:118$780'.
Removing empty process `$paramod$a88ee0a5926de7bf46212eeecf09e1cb171e2c26\array.$proc$results/sv2v_output.v:118$779'.
Removing empty process `$paramod$a88ee0a5926de7bf46212eeecf09e1cb171e2c26\array.$proc$results/sv2v_output.v:118$778'.
Removing empty process `$paramod$a88ee0a5926de7bf46212eeecf09e1cb171e2c26\array.$proc$results/sv2v_output.v:118$777'.
Removing empty process `$paramod$a88ee0a5926de7bf46212eeecf09e1cb171e2c26\array.$proc$results/sv2v_output.v:118$776'.
Removing empty process `$paramod$a88ee0a5926de7bf46212eeecf09e1cb171e2c26\array.$proc$results/sv2v_output.v:118$775'.
Removing empty process `$paramod$a88ee0a5926de7bf46212eeecf09e1cb171e2c26\array.$proc$results/sv2v_output.v:118$774'.
Removing empty process `$paramod$a88ee0a5926de7bf46212eeecf09e1cb171e2c26\array.$proc$results/sv2v_output.v:118$773'.
Removing empty process `$paramod$a88ee0a5926de7bf46212eeecf09e1cb171e2c26\array.$proc$results/sv2v_output.v:118$772'.
Removing empty process `$paramod$a88ee0a5926de7bf46212eeecf09e1cb171e2c26\array.$proc$results/sv2v_output.v:118$771'.
Removing empty process `$paramod$a88ee0a5926de7bf46212eeecf09e1cb171e2c26\array.$proc$results/sv2v_output.v:118$770'.
Removing empty process `$paramod$a88ee0a5926de7bf46212eeecf09e1cb171e2c26\array.$proc$results/sv2v_output.v:118$769'.
Removing empty process `$paramod$a88ee0a5926de7bf46212eeecf09e1cb171e2c26\array.$proc$results/sv2v_output.v:118$768'.
Removing empty process `$paramod$a88ee0a5926de7bf46212eeecf09e1cb171e2c26\array.$proc$results/sv2v_output.v:118$767'.
Removing empty process `$paramod$a88ee0a5926de7bf46212eeecf09e1cb171e2c26\array.$proc$results/sv2v_output.v:118$766'.
Removing empty process `$paramod$a88ee0a5926de7bf46212eeecf09e1cb171e2c26\array.$proc$results/sv2v_output.v:118$765'.
Removing empty process `$paramod$a88ee0a5926de7bf46212eeecf09e1cb171e2c26\array.$proc$results/sv2v_output.v:118$764'.
Removing empty process `$paramod$a88ee0a5926de7bf46212eeecf09e1cb171e2c26\array.$proc$results/sv2v_output.v:118$763'.
Removing empty process `$paramod$a88ee0a5926de7bf46212eeecf09e1cb171e2c26\array.$proc$results/sv2v_output.v:118$762'.
Removing empty process `$paramod$a88ee0a5926de7bf46212eeecf09e1cb171e2c26\array.$proc$results/sv2v_output.v:118$761'.
Removing empty process `$paramod$a88ee0a5926de7bf46212eeecf09e1cb171e2c26\array.$proc$results/sv2v_output.v:118$760'.
Removing empty process `$paramod$a88ee0a5926de7bf46212eeecf09e1cb171e2c26\array.$proc$results/sv2v_output.v:118$759'.
Removing empty process `$paramod$a88ee0a5926de7bf46212eeecf09e1cb171e2c26\array.$proc$results/sv2v_output.v:118$758'.
Removing empty process `$paramod$a88ee0a5926de7bf46212eeecf09e1cb171e2c26\array.$proc$results/sv2v_output.v:118$757'.
Removing empty process `$paramod$a88ee0a5926de7bf46212eeecf09e1cb171e2c26\array.$proc$results/sv2v_output.v:118$756'.
Removing empty process `$paramod$a88ee0a5926de7bf46212eeecf09e1cb171e2c26\array.$proc$results/sv2v_output.v:118$755'.
Removing empty process `$paramod$a88ee0a5926de7bf46212eeecf09e1cb171e2c26\array.$proc$results/sv2v_output.v:118$754'.
Removing empty process `$paramod$a88ee0a5926de7bf46212eeecf09e1cb171e2c26\array.$proc$results/sv2v_output.v:118$753'.
Removing empty process `$paramod$a88ee0a5926de7bf46212eeecf09e1cb171e2c26\array.$proc$results/sv2v_output.v:118$752'.
Removing empty process `$paramod$a88ee0a5926de7bf46212eeecf09e1cb171e2c26\array.$proc$results/sv2v_output.v:118$751'.
Removing empty process `$paramod$a88ee0a5926de7bf46212eeecf09e1cb171e2c26\array.$proc$results/sv2v_output.v:118$750'.
Removing empty process `$paramod$a88ee0a5926de7bf46212eeecf09e1cb171e2c26\array.$proc$results/sv2v_output.v:118$749'.
Removing empty process `$paramod$a88ee0a5926de7bf46212eeecf09e1cb171e2c26\array.$proc$results/sv2v_output.v:118$748'.
Removing empty process `$paramod$a88ee0a5926de7bf46212eeecf09e1cb171e2c26\array.$proc$results/sv2v_output.v:118$747'.
Removing empty process `$paramod$a88ee0a5926de7bf46212eeecf09e1cb171e2c26\array.$proc$results/sv2v_output.v:118$746'.
Removing empty process `$paramod$a88ee0a5926de7bf46212eeecf09e1cb171e2c26\array.$proc$results/sv2v_output.v:118$745'.
Removing empty process `$paramod$a88ee0a5926de7bf46212eeecf09e1cb171e2c26\array.$proc$results/sv2v_output.v:118$744'.
Removing empty process `$paramod$a88ee0a5926de7bf46212eeecf09e1cb171e2c26\array.$proc$results/sv2v_output.v:118$743'.
Removing empty process `$paramod$a88ee0a5926de7bf46212eeecf09e1cb171e2c26\array.$proc$results/sv2v_output.v:118$742'.
Removing empty process `$paramod$a88ee0a5926de7bf46212eeecf09e1cb171e2c26\array.$proc$results/sv2v_output.v:118$741'.
Removing empty process `$paramod$a88ee0a5926de7bf46212eeecf09e1cb171e2c26\array.$proc$results/sv2v_output.v:118$740'.
Removing empty process `$paramod$a88ee0a5926de7bf46212eeecf09e1cb171e2c26\array.$proc$results/sv2v_output.v:118$739'.
Removing empty process `$paramod$a88ee0a5926de7bf46212eeecf09e1cb171e2c26\array.$proc$results/sv2v_output.v:118$738'.
Removing empty process `$paramod$a88ee0a5926de7bf46212eeecf09e1cb171e2c26\array.$proc$results/sv2v_output.v:118$737'.
Removing empty process `$paramod$a88ee0a5926de7bf46212eeecf09e1cb171e2c26\array.$proc$results/sv2v_output.v:118$736'.
Removing empty process `$paramod$a88ee0a5926de7bf46212eeecf09e1cb171e2c26\array.$proc$results/sv2v_output.v:118$735'.
Removing empty process `$paramod$a88ee0a5926de7bf46212eeecf09e1cb171e2c26\array.$proc$results/sv2v_output.v:118$734'.
Removing empty process `$paramod$a88ee0a5926de7bf46212eeecf09e1cb171e2c26\array.$proc$results/sv2v_output.v:118$733'.
Removing empty process `$paramod$a88ee0a5926de7bf46212eeecf09e1cb171e2c26\array.$proc$results/sv2v_output.v:118$732'.
Removing empty process `$paramod$a88ee0a5926de7bf46212eeecf09e1cb171e2c26\array.$proc$results/sv2v_output.v:118$731'.
Removing empty process `$paramod$a88ee0a5926de7bf46212eeecf09e1cb171e2c26\array.$proc$results/sv2v_output.v:118$730'.
Removing empty process `$paramod$a88ee0a5926de7bf46212eeecf09e1cb171e2c26\array.$proc$results/sv2v_output.v:118$729'.
Removing empty process `$paramod$a88ee0a5926de7bf46212eeecf09e1cb171e2c26\array.$proc$results/sv2v_output.v:118$728'.
Removing empty process `$paramod$a88ee0a5926de7bf46212eeecf09e1cb171e2c26\array.$proc$results/sv2v_output.v:118$727'.
Removing empty process `$paramod$a88ee0a5926de7bf46212eeecf09e1cb171e2c26\array.$proc$results/sv2v_output.v:118$726'.
Removing empty process `$paramod$a88ee0a5926de7bf46212eeecf09e1cb171e2c26\array.$proc$results/sv2v_output.v:118$725'.
Removing empty process `$paramod$a88ee0a5926de7bf46212eeecf09e1cb171e2c26\array.$proc$results/sv2v_output.v:118$724'.
Removing empty process `$paramod$a88ee0a5926de7bf46212eeecf09e1cb171e2c26\array.$proc$results/sv2v_output.v:118$723'.
Removing empty process `$paramod$a88ee0a5926de7bf46212eeecf09e1cb171e2c26\array.$proc$results/sv2v_output.v:118$722'.
Removing empty process `$paramod$a88ee0a5926de7bf46212eeecf09e1cb171e2c26\array.$proc$results/sv2v_output.v:118$721'.
Removing empty process `$paramod$a88ee0a5926de7bf46212eeecf09e1cb171e2c26\array.$proc$results/sv2v_output.v:118$720'.
Removing empty process `$paramod$a88ee0a5926de7bf46212eeecf09e1cb171e2c26\array.$proc$results/sv2v_output.v:118$719'.
Removing empty process `$paramod$a88ee0a5926de7bf46212eeecf09e1cb171e2c26\array.$proc$results/sv2v_output.v:118$718'.
Removing empty process `$paramod$a88ee0a5926de7bf46212eeecf09e1cb171e2c26\array.$proc$results/sv2v_output.v:118$717'.
Removing empty process `$paramod$a88ee0a5926de7bf46212eeecf09e1cb171e2c26\array.$proc$results/sv2v_output.v:118$716'.
Removing empty process `$paramod$a88ee0a5926de7bf46212eeecf09e1cb171e2c26\array.$proc$results/sv2v_output.v:118$715'.
Removing empty process `$paramod$a88ee0a5926de7bf46212eeecf09e1cb171e2c26\array.$proc$results/sv2v_output.v:118$714'.
Removing empty process `$paramod$a88ee0a5926de7bf46212eeecf09e1cb171e2c26\array.$proc$results/sv2v_output.v:118$713'.
Removing empty process `$paramod$a88ee0a5926de7bf46212eeecf09e1cb171e2c26\array.$proc$results/sv2v_output.v:118$712'.
Removing empty process `$paramod$a88ee0a5926de7bf46212eeecf09e1cb171e2c26\array.$proc$results/sv2v_output.v:118$711'.
Removing empty process `$paramod$a88ee0a5926de7bf46212eeecf09e1cb171e2c26\array.$proc$results/sv2v_output.v:118$710'.
Removing empty process `$paramod$a88ee0a5926de7bf46212eeecf09e1cb171e2c26\array.$proc$results/sv2v_output.v:118$709'.
Removing empty process `$paramod$a88ee0a5926de7bf46212eeecf09e1cb171e2c26\array.$proc$results/sv2v_output.v:118$708'.
Removing empty process `$paramod$a88ee0a5926de7bf46212eeecf09e1cb171e2c26\array.$proc$results/sv2v_output.v:118$707'.
Removing empty process `$paramod$a88ee0a5926de7bf46212eeecf09e1cb171e2c26\array.$proc$results/sv2v_output.v:118$706'.
Removing empty process `$paramod$a88ee0a5926de7bf46212eeecf09e1cb171e2c26\array.$proc$results/sv2v_output.v:118$705'.
Removing empty process `$paramod$a88ee0a5926de7bf46212eeecf09e1cb171e2c26\array.$proc$results/sv2v_output.v:118$704'.
Removing empty process `$paramod$a88ee0a5926de7bf46212eeecf09e1cb171e2c26\array.$proc$results/sv2v_output.v:118$703'.
Removing empty process `$paramod$a88ee0a5926de7bf46212eeecf09e1cb171e2c26\array.$proc$results/sv2v_output.v:118$702'.
Removing empty process `$paramod$a88ee0a5926de7bf46212eeecf09e1cb171e2c26\array.$proc$results/sv2v_output.v:118$701'.
Removing empty process `$paramod$a88ee0a5926de7bf46212eeecf09e1cb171e2c26\array.$proc$results/sv2v_output.v:118$700'.
Removing empty process `$paramod$a88ee0a5926de7bf46212eeecf09e1cb171e2c26\array.$proc$results/sv2v_output.v:104$699'.
Removing empty process `$paramod$a88ee0a5926de7bf46212eeecf09e1cb171e2c26\array.$proc$results/sv2v_output.v:104$698'.
Removing empty process `$paramod$a88ee0a5926de7bf46212eeecf09e1cb171e2c26\array.$proc$results/sv2v_output.v:104$697'.
Removing empty process `$paramod$a88ee0a5926de7bf46212eeecf09e1cb171e2c26\array.$proc$results/sv2v_output.v:104$696'.
Removing empty process `$paramod$a88ee0a5926de7bf46212eeecf09e1cb171e2c26\array.$proc$results/sv2v_output.v:104$695'.
Removing empty process `$paramod$a88ee0a5926de7bf46212eeecf09e1cb171e2c26\array.$proc$results/sv2v_output.v:104$694'.
Removing empty process `$paramod$a88ee0a5926de7bf46212eeecf09e1cb171e2c26\array.$proc$results/sv2v_output.v:104$693'.
Removing empty process `$paramod$a88ee0a5926de7bf46212eeecf09e1cb171e2c26\array.$proc$results/sv2v_output.v:104$692'.
Removing empty process `$paramod$a88ee0a5926de7bf46212eeecf09e1cb171e2c26\array.$proc$results/sv2v_output.v:104$691'.
Removing empty process `$paramod$a88ee0a5926de7bf46212eeecf09e1cb171e2c26\array.$proc$results/sv2v_output.v:104$690'.
Removing empty process `$paramod$a88ee0a5926de7bf46212eeecf09e1cb171e2c26\array.$proc$results/sv2v_output.v:104$689'.
Removing empty process `$paramod$a88ee0a5926de7bf46212eeecf09e1cb171e2c26\array.$proc$results/sv2v_output.v:104$688'.
Removing empty process `$paramod$a88ee0a5926de7bf46212eeecf09e1cb171e2c26\array.$proc$results/sv2v_output.v:104$687'.
Removing empty process `$paramod$a88ee0a5926de7bf46212eeecf09e1cb171e2c26\array.$proc$results/sv2v_output.v:104$686'.
Removing empty process `$paramod$a88ee0a5926de7bf46212eeecf09e1cb171e2c26\array.$proc$results/sv2v_output.v:104$685'.
Removing empty process `$paramod$a88ee0a5926de7bf46212eeecf09e1cb171e2c26\array.$proc$results/sv2v_output.v:104$684'.
Cleaned up 1 empty switch.

3.2.12. Executing OPT_EXPR pass (perform const folding).
Optimizing module $paramod$6d9fec60875be2cf56709ced5e593476aeaf643f\pe.
<suppressed ~6 debug messages>
Optimizing module $paramod$ddb646b36b98b3bde174fb312724e3655b16564f\pe_col.
Optimizing module $paramod$a88ee0a5926de7bf46212eeecf09e1cb171e2c26\array.

3.3. Executing OPT_EXPR pass (perform const folding).
Optimizing module $paramod$6d9fec60875be2cf56709ced5e593476aeaf643f\pe.
Optimizing module $paramod$ddb646b36b98b3bde174fb312724e3655b16564f\pe_col.
Optimizing module $paramod$a88ee0a5926de7bf46212eeecf09e1cb171e2c26\array.

3.4. Executing OPT_CLEAN pass (remove unused cells and wires).
Finding unused cells or wires in module $paramod$6d9fec60875be2cf56709ced5e593476aeaf643f\pe..
Finding unused cells or wires in module $paramod$ddb646b36b98b3bde174fb312724e3655b16564f\pe_col..
Finding unused cells or wires in module $paramod$a88ee0a5926de7bf46212eeecf09e1cb171e2c26\array..
Removed 4 unused cells and 415 unused wires.
<suppressed ~7 debug messages>

3.5. Executing CHECK pass (checking for obvious problems).
Checking module $paramod$6d9fec60875be2cf56709ced5e593476aeaf643f\pe...
Checking module $paramod$ddb646b36b98b3bde174fb312724e3655b16564f\pe_col...
Checking module $paramod$a88ee0a5926de7bf46212eeecf09e1cb171e2c26\array...
Found and reported 0 problems.

3.6. Executing OPT pass (performing simple optimizations).

3.6.1. Executing OPT_EXPR pass (perform const folding).
Optimizing module $paramod$6d9fec60875be2cf56709ced5e593476aeaf643f\pe.
Optimizing module $paramod$ddb646b36b98b3bde174fb312724e3655b16564f\pe_col.
Optimizing module $paramod$a88ee0a5926de7bf46212eeecf09e1cb171e2c26\array.

3.6.2. Executing OPT_MERGE pass (detect identical cells).
Finding identical cells in module `$paramod$6d9fec60875be2cf56709ced5e593476aeaf643f\pe'.
Computing hashes of 8 cells of `$paramod$6d9fec60875be2cf56709ced5e593476aeaf643f\pe'.
Finding duplicate cells in `$paramod$6d9fec60875be2cf56709ced5e593476aeaf643f\pe'.
Finding identical cells in module `$paramod$ddb646b36b98b3bde174fb312724e3655b16564f\pe_col'.
Computing hashes of 16 cells of `$paramod$ddb646b36b98b3bde174fb312724e3655b16564f\pe_col'.
Finding duplicate cells in `$paramod$ddb646b36b98b3bde174fb312724e3655b16564f\pe_col'.
Finding identical cells in module `$paramod$a88ee0a5926de7bf46212eeecf09e1cb171e2c26\array'.
Computing hashes of 16 cells of `$paramod$a88ee0a5926de7bf46212eeecf09e1cb171e2c26\array'.
Finding duplicate cells in `$paramod$a88ee0a5926de7bf46212eeecf09e1cb171e2c26\array'.
Removed a total of 0 cells.

3.6.3. Executing OPT_MUXTREE pass (detect dead branches in mux trees).
Running muxtree optimizer on module $paramod$6d9fec60875be2cf56709ced5e593476aeaf643f\pe..
  Creating internal representation of mux trees.
  Evaluating internal representation of mux trees.
  Analyzing evaluation results.
Running muxtree optimizer on module $paramod$ddb646b36b98b3bde174fb312724e3655b16564f\pe_col..
  Creating internal representation of mux trees.
  No muxes found in this module.
Running muxtree optimizer on module $paramod$a88ee0a5926de7bf46212eeecf09e1cb171e2c26\array..
  Creating internal representation of mux trees.
  No muxes found in this module.
Removed 0 multiplexer ports.
<suppressed ~6 debug messages>

3.6.4. Executing OPT_REDUCE pass (consolidate $*mux and $reduce_* inputs).
  Optimizing cells in module $paramod$6d9fec60875be2cf56709ced5e593476aeaf643f\pe.
  Optimizing cells in module $paramod$ddb646b36b98b3bde174fb312724e3655b16564f\pe_col.
  Optimizing cells in module $paramod$a88ee0a5926de7bf46212eeecf09e1cb171e2c26\array.
Performed a total of 0 changes.

3.6.5. Executing OPT_MERGE pass (detect identical cells).
Finding identical cells in module `$paramod$6d9fec60875be2cf56709ced5e593476aeaf643f\pe'.
Computing hashes of 8 cells of `$paramod$6d9fec60875be2cf56709ced5e593476aeaf643f\pe'.
Finding duplicate cells in `$paramod$6d9fec60875be2cf56709ced5e593476aeaf643f\pe'.
Finding identical cells in module `$paramod$ddb646b36b98b3bde174fb312724e3655b16564f\pe_col'.
Computing hashes of 16 cells of `$paramod$ddb646b36b98b3bde174fb312724e3655b16564f\pe_col'.
Finding duplicate cells in `$paramod$ddb646b36b98b3bde174fb312724e3655b16564f\pe_col'.
Finding identical cells in module `$paramod$a88ee0a5926de7bf46212eeecf09e1cb171e2c26\array'.
Computing hashes of 16 cells of `$paramod$a88ee0a5926de7bf46212eeecf09e1cb171e2c26\array'.
Finding duplicate cells in `$paramod$a88ee0a5926de7bf46212eeecf09e1cb171e2c26\array'.
Removed a total of 0 cells.

3.6.6. Executing OPT_DFF pass (perform DFF optimizations).

3.6.7. Executing OPT_CLEAN pass (remove unused cells and wires).
Finding unused cells or wires in module $paramod$6d9fec60875be2cf56709ced5e593476aeaf643f\pe..
Finding unused cells or wires in module $paramod$ddb646b36b98b3bde174fb312724e3655b16564f\pe_col..
Finding unused cells or wires in module $paramod$a88ee0a5926de7bf46212eeecf09e1cb171e2c26\array..

3.6.8. Executing OPT_EXPR pass (perform const folding).
Optimizing module $paramod$6d9fec60875be2cf56709ced5e593476aeaf643f\pe.
Optimizing module $paramod$ddb646b36b98b3bde174fb312724e3655b16564f\pe_col.
Optimizing module $paramod$a88ee0a5926de7bf46212eeecf09e1cb171e2c26\array.

3.6.9. Finished fast OPT passes. (There is nothing left to do.)

3.7. Executing FSM pass (extract and optimize FSM).

3.7.1. Executing FSM_DETECT pass (finding FSMs in design).

3.7.2. Executing FSM_EXTRACT pass (extracting FSM from design).

3.7.3. Executing FSM_OPT pass (simple optimizations of FSMs).

3.7.4. Executing OPT_CLEAN pass (remove unused cells and wires).
Finding unused cells or wires in module $paramod$6d9fec60875be2cf56709ced5e593476aeaf643f\pe..
Finding unused cells or wires in module $paramod$ddb646b36b98b3bde174fb312724e3655b16564f\pe_col..
Finding unused cells or wires in module $paramod$a88ee0a5926de7bf46212eeecf09e1cb171e2c26\array..

3.7.5. Executing FSM_OPT pass (simple optimizations of FSMs).

3.7.6. Executing FSM_RECODE pass (re-assigning FSM state encoding).

3.7.7. Executing FSM_INFO pass (dumping all available information on FSM cells).

3.7.8. Executing FSM_MAP pass (mapping FSMs to basic logic).

3.8. Executing OPT pass (performing simple optimizations).

3.8.1. Executing OPT_EXPR pass (perform const folding).
Optimizing module $paramod$6d9fec60875be2cf56709ced5e593476aeaf643f\pe.
Optimizing module $paramod$ddb646b36b98b3bde174fb312724e3655b16564f\pe_col.
Optimizing module $paramod$a88ee0a5926de7bf46212eeecf09e1cb171e2c26\array.

3.8.2. Executing OPT_MERGE pass (detect identical cells).
Finding identical cells in module `$paramod$6d9fec60875be2cf56709ced5e593476aeaf643f\pe'.
Computing hashes of 8 cells of `$paramod$6d9fec60875be2cf56709ced5e593476aeaf643f\pe'.
Finding duplicate cells in `$paramod$6d9fec60875be2cf56709ced5e593476aeaf643f\pe'.
Finding identical cells in module `$paramod$ddb646b36b98b3bde174fb312724e3655b16564f\pe_col'.
Computing hashes of 16 cells of `$paramod$ddb646b36b98b3bde174fb312724e3655b16564f\pe_col'.
Finding duplicate cells in `$paramod$ddb646b36b98b3bde174fb312724e3655b16564f\pe_col'.
Finding identical cells in module `$paramod$a88ee0a5926de7bf46212eeecf09e1cb171e2c26\array'.
Computing hashes of 16 cells of `$paramod$a88ee0a5926de7bf46212eeecf09e1cb171e2c26\array'.
Finding duplicate cells in `$paramod$a88ee0a5926de7bf46212eeecf09e1cb171e2c26\array'.
Removed a total of 0 cells.

3.8.3. Executing OPT_MUXTREE pass (detect dead branches in mux trees).
Running muxtree optimizer on module $paramod$6d9fec60875be2cf56709ced5e593476aeaf643f\pe..
  Creating internal representation of mux trees.
  Evaluating internal representation of mux trees.
  Analyzing evaluation results.
Running muxtree optimizer on module $paramod$ddb646b36b98b3bde174fb312724e3655b16564f\pe_col..
  Creating internal representation of mux trees.
  No muxes found in this module.
Running muxtree optimizer on module $paramod$a88ee0a5926de7bf46212eeecf09e1cb171e2c26\array..
  Creating internal representation of mux trees.
  No muxes found in this module.
Removed 0 multiplexer ports.
<suppressed ~6 debug messages>

3.8.4. Executing OPT_REDUCE pass (consolidate $*mux and $reduce_* inputs).
  Optimizing cells in module $paramod$6d9fec60875be2cf56709ced5e593476aeaf643f\pe.
  Optimizing cells in module $paramod$ddb646b36b98b3bde174fb312724e3655b16564f\pe_col.
  Optimizing cells in module $paramod$a88ee0a5926de7bf46212eeecf09e1cb171e2c26\array.
Performed a total of 0 changes.

3.8.5. Executing OPT_MERGE pass (detect identical cells).
Finding identical cells in module `$paramod$6d9fec60875be2cf56709ced5e593476aeaf643f\pe'.
Computing hashes of 8 cells of `$paramod$6d9fec60875be2cf56709ced5e593476aeaf643f\pe'.
Finding duplicate cells in `$paramod$6d9fec60875be2cf56709ced5e593476aeaf643f\pe'.
Finding identical cells in module `$paramod$ddb646b36b98b3bde174fb312724e3655b16564f\pe_col'.
Computing hashes of 16 cells of `$paramod$ddb646b36b98b3bde174fb312724e3655b16564f\pe_col'.
Finding duplicate cells in `$paramod$ddb646b36b98b3bde174fb312724e3655b16564f\pe_col'.
Finding identical cells in module `$paramod$a88ee0a5926de7bf46212eeecf09e1cb171e2c26\array'.
Computing hashes of 16 cells of `$paramod$a88ee0a5926de7bf46212eeecf09e1cb171e2c26\array'.
Finding duplicate cells in `$paramod$a88ee0a5926de7bf46212eeecf09e1cb171e2c26\array'.
Removed a total of 0 cells.

3.8.6. Executing OPT_DFF pass (perform DFF optimizations).
Adding EN signal on $procdff$1064 ($adff) from module $paramod$6d9fec60875be2cf56709ced5e593476aeaf643f\pe (D = \acc_in, Q = \weight_r).

3.8.7. Executing OPT_CLEAN pass (remove unused cells and wires).
Finding unused cells or wires in module $paramod$6d9fec60875be2cf56709ced5e593476aeaf643f\pe..
Finding unused cells or wires in module $paramod$ddb646b36b98b3bde174fb312724e3655b16564f\pe_col..
Finding unused cells or wires in module $paramod$a88ee0a5926de7bf46212eeecf09e1cb171e2c26\array..
Removed 1 unused cells and 1 unused wires.
<suppressed ~2 debug messages>

3.8.8. Executing OPT_EXPR pass (perform const folding).
Optimizing module $paramod$6d9fec60875be2cf56709ced5e593476aeaf643f\pe.
Optimizing module $paramod$ddb646b36b98b3bde174fb312724e3655b16564f\pe_col.
Optimizing module $paramod$a88ee0a5926de7bf46212eeecf09e1cb171e2c26\array.

3.8.9. Rerunning OPT passes. (Maybe there is more to do..)

3.8.10. Executing OPT_MUXTREE pass (detect dead branches in mux trees).
Running muxtree optimizer on module $paramod$6d9fec60875be2cf56709ced5e593476aeaf643f\pe..
  Creating internal representation of mux trees.
  Evaluating internal representation of mux trees.
  Analyzing evaluation results.
Running muxtree optimizer on module $paramod$ddb646b36b98b3bde174fb312724e3655b16564f\pe_col..
  Creating internal representation of mux trees.
  No muxes found in this module.
Running muxtree optimizer on module $paramod$a88ee0a5926de7bf46212eeecf09e1cb171e2c26\array..
  Creating internal representation of mux trees.
  No muxes found in this module.
Removed 0 multiplexer ports.
<suppressed ~4 debug messages>

3.8.11. Executing OPT_REDUCE pass (consolidate $*mux and $reduce_* inputs).
  Optimizing cells in module $paramod$6d9fec60875be2cf56709ced5e593476aeaf643f\pe.
  Optimizing cells in module $paramod$ddb646b36b98b3bde174fb312724e3655b16564f\pe_col.
  Optimizing cells in module $paramod$a88ee0a5926de7bf46212eeecf09e1cb171e2c26\array.
Performed a total of 0 changes.

3.8.12. Executing OPT_MERGE pass (detect identical cells).
Finding identical cells in module `$paramod$6d9fec60875be2cf56709ced5e593476aeaf643f\pe'.
Computing hashes of 7 cells of `$paramod$6d9fec60875be2cf56709ced5e593476aeaf643f\pe'.
Finding duplicate cells in `$paramod$6d9fec60875be2cf56709ced5e593476aeaf643f\pe'.
Finding identical cells in module `$paramod$ddb646b36b98b3bde174fb312724e3655b16564f\pe_col'.
Computing hashes of 16 cells of `$paramod$ddb646b36b98b3bde174fb312724e3655b16564f\pe_col'.
Finding duplicate cells in `$paramod$ddb646b36b98b3bde174fb312724e3655b16564f\pe_col'.
Finding identical cells in module `$paramod$a88ee0a5926de7bf46212eeecf09e1cb171e2c26\array'.
Computing hashes of 16 cells of `$paramod$a88ee0a5926de7bf46212eeecf09e1cb171e2c26\array'.
Finding duplicate cells in `$paramod$a88ee0a5926de7bf46212eeecf09e1cb171e2c26\array'.
Removed a total of 0 cells.

3.8.13. Executing OPT_DFF pass (perform DFF optimizations).

3.8.14. Executing OPT_CLEAN pass (remove unused cells and wires).
Finding unused cells or wires in module $paramod$6d9fec60875be2cf56709ced5e593476aeaf643f\pe..
Finding unused cells or wires in module $paramod$ddb646b36b98b3bde174fb312724e3655b16564f\pe_col..
Finding unused cells or wires in module $paramod$a88ee0a5926de7bf46212eeecf09e1cb171e2c26\array..

3.8.15. Executing OPT_EXPR pass (perform const folding).
Optimizing module $paramod$6d9fec60875be2cf56709ced5e593476aeaf643f\pe.
Optimizing module $paramod$ddb646b36b98b3bde174fb312724e3655b16564f\pe_col.
Optimizing module $paramod$a88ee0a5926de7bf46212eeecf09e1cb171e2c26\array.

3.8.16. Finished fast OPT passes. (There is nothing left to do.)

3.9. Executing WREDUCE pass (reducing word size of cells).

3.10. Executing PEEPOPT pass (run peephole optimizers).

3.11. Executing OPT_CLEAN pass (remove unused cells and wires).
Finding unused cells or wires in module $paramod$6d9fec60875be2cf56709ced5e593476aeaf643f\pe..
Finding unused cells or wires in module $paramod$ddb646b36b98b3bde174fb312724e3655b16564f\pe_col..
Finding unused cells or wires in module $paramod$a88ee0a5926de7bf46212eeecf09e1cb171e2c26\array..

3.12. Executing ALUMACC pass (create $alu and $macc cells).
Extracting $alu and $macc cells in module $paramod$6d9fec60875be2cf56709ced5e593476aeaf643f\pe:
  creating $macc model for $add$results/sv2v_output.v:35$959 ($add).
  creating $macc model for $mul$results/sv2v_output.v:21$956 ($mul).
  merging $macc model for $mul$results/sv2v_output.v:21$956 into $add$results/sv2v_output.v:35$959.
  creating $macc cell for $add$results/sv2v_output.v:35$959: $auto$alumacc.cc:382:replace_macc$1066
  created 0 $alu and 1 $macc cells.
Extracting $alu and $macc cells in module $paramod$ddb646b36b98b3bde174fb312724e3655b16564f\pe_col:
  created 0 $alu and 0 $macc cells.
Extracting $alu and $macc cells in module $paramod$a88ee0a5926de7bf46212eeecf09e1cb171e2c26\array:
  created 0 $alu and 0 $macc cells.

3.13. Executing SHARE pass (SAT-based resource sharing).

3.14. Executing OPT pass (performing simple optimizations).

3.14.1. Executing OPT_EXPR pass (perform const folding).
Optimizing module $paramod$6d9fec60875be2cf56709ced5e593476aeaf643f\pe.
Optimizing module $paramod$ddb646b36b98b3bde174fb312724e3655b16564f\pe_col.
Optimizing module $paramod$a88ee0a5926de7bf46212eeecf09e1cb171e2c26\array.

3.14.2. Executing OPT_MERGE pass (detect identical cells).
Finding identical cells in module `$paramod$6d9fec60875be2cf56709ced5e593476aeaf643f\pe'.
Computing hashes of 7 cells of `$paramod$6d9fec60875be2cf56709ced5e593476aeaf643f\pe'.
Finding duplicate cells in `$paramod$6d9fec60875be2cf56709ced5e593476aeaf643f\pe'.
Finding identical cells in module `$paramod$ddb646b36b98b3bde174fb312724e3655b16564f\pe_col'.
Computing hashes of 16 cells of `$paramod$ddb646b36b98b3bde174fb312724e3655b16564f\pe_col'.
Finding duplicate cells in `$paramod$ddb646b36b98b3bde174fb312724e3655b16564f\pe_col'.
Finding identical cells in module `$paramod$a88ee0a5926de7bf46212eeecf09e1cb171e2c26\array'.
Computing hashes of 16 cells of `$paramod$a88ee0a5926de7bf46212eeecf09e1cb171e2c26\array'.
Finding duplicate cells in `$paramod$a88ee0a5926de7bf46212eeecf09e1cb171e2c26\array'.
Removed a total of 0 cells.

3.14.3. Executing OPT_MUXTREE pass (detect dead branches in mux trees).
Running muxtree optimizer on module $paramod$6d9fec60875be2cf56709ced5e593476aeaf643f\pe..
  Creating internal representation of mux trees.
  Evaluating internal representation of mux trees.
  Analyzing evaluation results.
Running muxtree optimizer on module $paramod$ddb646b36b98b3bde174fb312724e3655b16564f\pe_col..
  Creating internal representation of mux trees.
  No muxes found in this module.
Running muxtree optimizer on module $paramod$a88ee0a5926de7bf46212eeecf09e1cb171e2c26\array..
  Creating internal representation of mux trees.
  No muxes found in this module.
Removed 0 multiplexer ports.
<suppressed ~4 debug messages>

3.14.4. Executing OPT_REDUCE pass (consolidate $*mux and $reduce_* inputs).
  Optimizing cells in module $paramod$6d9fec60875be2cf56709ced5e593476aeaf643f\pe.
  Optimizing cells in module $paramod$ddb646b36b98b3bde174fb312724e3655b16564f\pe_col.
  Optimizing cells in module $paramod$a88ee0a5926de7bf46212eeecf09e1cb171e2c26\array.
Performed a total of 0 changes.

3.14.5. Executing OPT_MERGE pass (detect identical cells).
Finding identical cells in module `$paramod$6d9fec60875be2cf56709ced5e593476aeaf643f\pe'.
Computing hashes of 7 cells of `$paramod$6d9fec60875be2cf56709ced5e593476aeaf643f\pe'.
Finding duplicate cells in `$paramod$6d9fec60875be2cf56709ced5e593476aeaf643f\pe'.
Finding identical cells in module `$paramod$ddb646b36b98b3bde174fb312724e3655b16564f\pe_col'.
Computing hashes of 16 cells of `$paramod$ddb646b36b98b3bde174fb312724e3655b16564f\pe_col'.
Finding duplicate cells in `$paramod$ddb646b36b98b3bde174fb312724e3655b16564f\pe_col'.
Finding identical cells in module `$paramod$a88ee0a5926de7bf46212eeecf09e1cb171e2c26\array'.
Computing hashes of 16 cells of `$paramod$a88ee0a5926de7bf46212eeecf09e1cb171e2c26\array'.
Finding duplicate cells in `$paramod$a88ee0a5926de7bf46212eeecf09e1cb171e2c26\array'.
Removed a total of 0 cells.

3.14.6. Executing OPT_DFF pass (perform DFF optimizations).

3.14.7. Executing OPT_CLEAN pass (remove unused cells and wires).
Finding unused cells or wires in module $paramod$6d9fec60875be2cf56709ced5e593476aeaf643f\pe..
Finding unused cells or wires in module $paramod$ddb646b36b98b3bde174fb312724e3655b16564f\pe_col..
Finding unused cells or wires in module $paramod$a88ee0a5926de7bf46212eeecf09e1cb171e2c26\array..
Removed 1 unused cells and 1 unused wires.
<suppressed ~2 debug messages>

3.14.8. Executing OPT_EXPR pass (perform const folding).
Optimizing module $paramod$6d9fec60875be2cf56709ced5e593476aeaf643f\pe.
Optimizing module $paramod$ddb646b36b98b3bde174fb312724e3655b16564f\pe_col.
Optimizing module $paramod$a88ee0a5926de7bf46212eeecf09e1cb171e2c26\array.

3.14.9. Rerunning OPT passes. (Maybe there is more to do..)

3.14.10. Executing OPT_MUXTREE pass (detect dead branches in mux trees).
Running muxtree optimizer on module $paramod$6d9fec60875be2cf56709ced5e593476aeaf643f\pe..
  Creating internal representation of mux trees.
  Evaluating internal representation of mux trees.
  Analyzing evaluation results.
Running muxtree optimizer on module $paramod$ddb646b36b98b3bde174fb312724e3655b16564f\pe_col..
  Creating internal representation of mux trees.
  No muxes found in this module.
Running muxtree optimizer on module $paramod$a88ee0a5926de7bf46212eeecf09e1cb171e2c26\array..
  Creating internal representation of mux trees.
  No muxes found in this module.
Removed 0 multiplexer ports.
<suppressed ~4 debug messages>

3.14.11. Executing OPT_REDUCE pass (consolidate $*mux and $reduce_* inputs).
  Optimizing cells in module $paramod$6d9fec60875be2cf56709ced5e593476aeaf643f\pe.
  Optimizing cells in module $paramod$ddb646b36b98b3bde174fb312724e3655b16564f\pe_col.
  Optimizing cells in module $paramod$a88ee0a5926de7bf46212eeecf09e1cb171e2c26\array.
Performed a total of 0 changes.

3.14.12. Executing OPT_MERGE pass (detect identical cells).
Finding identical cells in module `$paramod$6d9fec60875be2cf56709ced5e593476aeaf643f\pe'.
Computing hashes of 6 cells of `$paramod$6d9fec60875be2cf56709ced5e593476aeaf643f\pe'.
Finding duplicate cells in `$paramod$6d9fec60875be2cf56709ced5e593476aeaf643f\pe'.
Finding identical cells in module `$paramod$ddb646b36b98b3bde174fb312724e3655b16564f\pe_col'.
Computing hashes of 16 cells of `$paramod$ddb646b36b98b3bde174fb312724e3655b16564f\pe_col'.
Finding duplicate cells in `$paramod$ddb646b36b98b3bde174fb312724e3655b16564f\pe_col'.
Finding identical cells in module `$paramod$a88ee0a5926de7bf46212eeecf09e1cb171e2c26\array'.
Computing hashes of 16 cells of `$paramod$a88ee0a5926de7bf46212eeecf09e1cb171e2c26\array'.
Finding duplicate cells in `$paramod$a88ee0a5926de7bf46212eeecf09e1cb171e2c26\array'.
Removed a total of 0 cells.

3.14.13. Executing OPT_DFF pass (perform DFF optimizations).

3.14.14. Executing OPT_CLEAN pass (remove unused cells and wires).
Finding unused cells or wires in module $paramod$6d9fec60875be2cf56709ced5e593476aeaf643f\pe..
Finding unused cells or wires in module $paramod$ddb646b36b98b3bde174fb312724e3655b16564f\pe_col..
Finding unused cells or wires in module $paramod$a88ee0a5926de7bf46212eeecf09e1cb171e2c26\array..

3.14.15. Executing OPT_EXPR pass (perform const folding).
Optimizing module $paramod$6d9fec60875be2cf56709ced5e593476aeaf643f\pe.
Optimizing module $paramod$ddb646b36b98b3bde174fb312724e3655b16564f\pe_col.
Optimizing module $paramod$a88ee0a5926de7bf46212eeecf09e1cb171e2c26\array.

3.14.16. Finished fast OPT passes. (There is nothing left to do.)

3.15. Executing MEMORY pass.

3.15.1. Executing OPT_MEM pass (optimize memories).
Performed a total of 0 transformations.

3.15.2. Executing OPT_MEM_PRIORITY pass (removing unnecessary memory write priority relations).
Performed a total of 0 transformations.

3.15.3. Executing OPT_MEM_FEEDBACK pass (finding memory read-to-write feedback paths).

3.15.4. Executing MEMORY_BMUX2ROM pass (converting muxes to ROMs).

3.15.5. Executing MEMORY_DFF pass (merging $dff cells to $memrd).

3.15.6. Executing OPT_CLEAN pass (remove unused cells and wires).
Finding unused cells or wires in module $paramod$6d9fec60875be2cf56709ced5e593476aeaf643f\pe..
Finding unused cells or wires in module $paramod$ddb646b36b98b3bde174fb312724e3655b16564f\pe_col..
Finding unused cells or wires in module $paramod$a88ee0a5926de7bf46212eeecf09e1cb171e2c26\array..

3.15.7. Executing MEMORY_SHARE pass (consolidating $memrd/$memwr cells).

3.15.8. Executing OPT_MEM_WIDEN pass (optimize memories where all ports are wide).
Performed a total of 0 transformations.

3.15.9. Executing OPT_CLEAN pass (remove unused cells and wires).
Finding unused cells or wires in module $paramod$6d9fec60875be2cf56709ced5e593476aeaf643f\pe..
Finding unused cells or wires in module $paramod$ddb646b36b98b3bde174fb312724e3655b16564f\pe_col..
Finding unused cells or wires in module $paramod$a88ee0a5926de7bf46212eeecf09e1cb171e2c26\array..

3.15.10. Executing MEMORY_COLLECT pass (generating $mem cells).

3.16. Executing OPT_CLEAN pass (remove unused cells and wires).
Finding unused cells or wires in module $paramod$6d9fec60875be2cf56709ced5e593476aeaf643f\pe..
Finding unused cells or wires in module $paramod$ddb646b36b98b3bde174fb312724e3655b16564f\pe_col..
Finding unused cells or wires in module $paramod$a88ee0a5926de7bf46212eeecf09e1cb171e2c26\array..

3.17. Executing OPT pass (performing simple optimizations).

3.17.1. Executing OPT_EXPR pass (perform const folding).
Optimizing module $paramod$6d9fec60875be2cf56709ced5e593476aeaf643f\pe.
Optimizing module $paramod$ddb646b36b98b3bde174fb312724e3655b16564f\pe_col.
Optimizing module $paramod$a88ee0a5926de7bf46212eeecf09e1cb171e2c26\array.

3.17.2. Executing OPT_MERGE pass (detect identical cells).
Finding identical cells in module `$paramod$6d9fec60875be2cf56709ced5e593476aeaf643f\pe'.
Computing hashes of 6 cells of `$paramod$6d9fec60875be2cf56709ced5e593476aeaf643f\pe'.
Finding duplicate cells in `$paramod$6d9fec60875be2cf56709ced5e593476aeaf643f\pe'.
Finding identical cells in module `$paramod$ddb646b36b98b3bde174fb312724e3655b16564f\pe_col'.
Computing hashes of 16 cells of `$paramod$ddb646b36b98b3bde174fb312724e3655b16564f\pe_col'.
Finding duplicate cells in `$paramod$ddb646b36b98b3bde174fb312724e3655b16564f\pe_col'.
Finding identical cells in module `$paramod$a88ee0a5926de7bf46212eeecf09e1cb171e2c26\array'.
Computing hashes of 16 cells of `$paramod$a88ee0a5926de7bf46212eeecf09e1cb171e2c26\array'.
Finding duplicate cells in `$paramod$a88ee0a5926de7bf46212eeecf09e1cb171e2c26\array'.
Removed a total of 0 cells.

3.17.3. Executing OPT_DFF pass (perform DFF optimizations).

3.17.4. Executing OPT_CLEAN pass (remove unused cells and wires).
Finding unused cells or wires in module $paramod$6d9fec60875be2cf56709ced5e593476aeaf643f\pe..
Finding unused cells or wires in module $paramod$ddb646b36b98b3bde174fb312724e3655b16564f\pe_col..
Finding unused cells or wires in module $paramod$a88ee0a5926de7bf46212eeecf09e1cb171e2c26\array..

3.17.5. Finished fast OPT passes.

3.18. Executing MEMORY_MAP pass (converting memories to logic and flip-flops).

3.19. Executing OPT pass (performing simple optimizations).

3.19.1. Executing OPT_EXPR pass (perform const folding).
Optimizing module $paramod$6d9fec60875be2cf56709ced5e593476aeaf643f\pe.
Optimizing module $paramod$ddb646b36b98b3bde174fb312724e3655b16564f\pe_col.
Optimizing module $paramod$a88ee0a5926de7bf46212eeecf09e1cb171e2c26\array.

3.19.2. Executing OPT_MERGE pass (detect identical cells).
Finding identical cells in module `$paramod$6d9fec60875be2cf56709ced5e593476aeaf643f\pe'.
Computing hashes of 6 cells of `$paramod$6d9fec60875be2cf56709ced5e593476aeaf643f\pe'.
Finding duplicate cells in `$paramod$6d9fec60875be2cf56709ced5e593476aeaf643f\pe'.
Finding identical cells in module `$paramod$ddb646b36b98b3bde174fb312724e3655b16564f\pe_col'.
Computing hashes of 16 cells of `$paramod$ddb646b36b98b3bde174fb312724e3655b16564f\pe_col'.
Finding duplicate cells in `$paramod$ddb646b36b98b3bde174fb312724e3655b16564f\pe_col'.
Finding identical cells in module `$paramod$a88ee0a5926de7bf46212eeecf09e1cb171e2c26\array'.
Computing hashes of 16 cells of `$paramod$a88ee0a5926de7bf46212eeecf09e1cb171e2c26\array'.
Finding duplicate cells in `$paramod$a88ee0a5926de7bf46212eeecf09e1cb171e2c26\array'.
Removed a total of 0 cells.

3.19.3. Executing OPT_MUXTREE pass (detect dead branches in mux trees).
Running muxtree optimizer on module $paramod$6d9fec60875be2cf56709ced5e593476aeaf643f\pe..
  Creating internal representation of mux trees.
  Evaluating internal representation of mux trees.
  Analyzing evaluation results.
Running muxtree optimizer on module $paramod$ddb646b36b98b3bde174fb312724e3655b16564f\pe_col..
  Creating internal representation of mux trees.
  No muxes found in this module.
Running muxtree optimizer on module $paramod$a88ee0a5926de7bf46212eeecf09e1cb171e2c26\array..
  Creating internal representation of mux trees.
  No muxes found in this module.
Removed 0 multiplexer ports.
<suppressed ~4 debug messages>

3.19.4. Executing OPT_REDUCE pass (consolidate $*mux and $reduce_* inputs).
  Optimizing cells in module $paramod$6d9fec60875be2cf56709ced5e593476aeaf643f\pe.
  Optimizing cells in module $paramod$ddb646b36b98b3bde174fb312724e3655b16564f\pe_col.
  Optimizing cells in module $paramod$a88ee0a5926de7bf46212eeecf09e1cb171e2c26\array.
Performed a total of 0 changes.

3.19.5. Executing OPT_MERGE pass (detect identical cells).
Finding identical cells in module `$paramod$6d9fec60875be2cf56709ced5e593476aeaf643f\pe'.
Computing hashes of 6 cells of `$paramod$6d9fec60875be2cf56709ced5e593476aeaf643f\pe'.
Finding duplicate cells in `$paramod$6d9fec60875be2cf56709ced5e593476aeaf643f\pe'.
Finding identical cells in module `$paramod$ddb646b36b98b3bde174fb312724e3655b16564f\pe_col'.
Computing hashes of 16 cells of `$paramod$ddb646b36b98b3bde174fb312724e3655b16564f\pe_col'.
Finding duplicate cells in `$paramod$ddb646b36b98b3bde174fb312724e3655b16564f\pe_col'.
Finding identical cells in module `$paramod$a88ee0a5926de7bf46212eeecf09e1cb171e2c26\array'.
Computing hashes of 16 cells of `$paramod$a88ee0a5926de7bf46212eeecf09e1cb171e2c26\array'.
Finding duplicate cells in `$paramod$a88ee0a5926de7bf46212eeecf09e1cb171e2c26\array'.
Removed a total of 0 cells.

3.19.6. Executing OPT_SHARE pass.

3.19.7. Executing OPT_DFF pass (perform DFF optimizations).

3.19.8. Executing OPT_CLEAN pass (remove unused cells and wires).
Finding unused cells or wires in module $paramod$6d9fec60875be2cf56709ced5e593476aeaf643f\pe..
Finding unused cells or wires in module $paramod$ddb646b36b98b3bde174fb312724e3655b16564f\pe_col..
Finding unused cells or wires in module $paramod$a88ee0a5926de7bf46212eeecf09e1cb171e2c26\array..

3.19.9. Executing OPT_EXPR pass (perform const folding).
Optimizing module $paramod$6d9fec60875be2cf56709ced5e593476aeaf643f\pe.
Optimizing module $paramod$ddb646b36b98b3bde174fb312724e3655b16564f\pe_col.
Optimizing module $paramod$a88ee0a5926de7bf46212eeecf09e1cb171e2c26\array.

3.19.10. Finished fast OPT passes. (There is nothing left to do.)

3.20. Executing TECHMAP pass (map to technology primitives).

3.20.1. Executing Verilog-2005 frontend: /usr/local/bin/../share/yosys/techmap.v
Parsing Verilog input from `/usr/local/bin/../share/yosys/techmap.v' to AST representation.
Generating RTLIL representation for module `\_90_simplemap_bool_ops'.
Generating RTLIL representation for module `\_90_simplemap_reduce_ops'.
Generating RTLIL representation for module `\_90_simplemap_logic_ops'.
Generating RTLIL representation for module `\_90_simplemap_compare_ops'.
Generating RTLIL representation for module `\_90_simplemap_various'.
Generating RTLIL representation for module `\_90_simplemap_registers'.
Generating RTLIL representation for module `\_90_shift_ops_shr_shl_sshl_sshr'.
Generating RTLIL representation for module `\_90_shift_shiftx'.
Generating RTLIL representation for module `\_90_fa'.
Generating RTLIL representation for module `\_90_lcu_brent_kung'.
Generating RTLIL representation for module `\_90_alu'.
Generating RTLIL representation for module `\_90_macc'.
Generating RTLIL representation for module `\_90_alumacc'.
Generating RTLIL representation for module `$__div_mod_u'.
Generating RTLIL representation for module `$__div_mod_trunc'.
Generating RTLIL representation for module `\_90_div'.
Generating RTLIL representation for module `\_90_mod'.
Generating RTLIL representation for module `$__div_mod_floor'.
Generating RTLIL representation for module `\_90_divfloor'.
Generating RTLIL representation for module `\_90_modfloor'.
Generating RTLIL representation for module `\_90_pow'.
Generating RTLIL representation for module `\_90_demux'.
Generating RTLIL representation for module `\_90_lut'.
Generating RTLIL representation for module `$connect'.
Generating RTLIL representation for module `$input_port'.
Successfully finished Verilog frontend.

3.20.2. Continuing TECHMAP pass.
Using extmapper maccmap for cells of type $macc_v2.
  add \weight_r * \data_in (32x32 bits, signed)
  add \acc_in (32 bits, signed)
Using extmapper simplemap for cells of type $adffe.
Using extmapper simplemap for cells of type $mux.
Using extmapper simplemap for cells of type $adff.
Using template $paramod\_90_fa\WIDTH=32'00000000000000000000000000100000 for cells of type $fa.
Using template $paramod\_90_fa\WIDTH=32'00000000000000000000000000011111 for cells of type $fa.
Using template $paramod$fbc7873bff55778c0b3173955b7e4bce1d9d6834\_90_alu for cells of type $alu.
Using extmapper simplemap for cells of type $and.
Using extmapper simplemap for cells of type $not.
Using extmapper simplemap for cells of type $pos.
Using template $paramod\_90_lcu_brent_kung\WIDTH=32'00000000000000000000000000100000 for cells of type $lcu.
Using extmapper simplemap for cells of type $xor.
Using extmapper simplemap for cells of type $or.
No more expansions possible.
<suppressed ~643 debug messages>

3.21. Executing OPT pass (performing simple optimizations).

3.21.1. Executing OPT_EXPR pass (perform const folding).
Optimizing module $paramod$6d9fec60875be2cf56709ced5e593476aeaf643f\pe.
<suppressed ~3180 debug messages>
Optimizing module $paramod$ddb646b36b98b3bde174fb312724e3655b16564f\pe_col.
Optimizing module $paramod$a88ee0a5926de7bf46212eeecf09e1cb171e2c26\array.

3.21.2. Executing OPT_MERGE pass (detect identical cells).
Finding identical cells in module `$paramod$6d9fec60875be2cf56709ced5e593476aeaf643f\pe'.
Computing hashes of 3519 cells of `$paramod$6d9fec60875be2cf56709ced5e593476aeaf643f\pe'.
Finding duplicate cells in `$paramod$6d9fec60875be2cf56709ced5e593476aeaf643f\pe'.
Finding identical cells in module `$paramod$ddb646b36b98b3bde174fb312724e3655b16564f\pe_col'.
Computing hashes of 16 cells of `$paramod$ddb646b36b98b3bde174fb312724e3655b16564f\pe_col'.
Finding duplicate cells in `$paramod$ddb646b36b98b3bde174fb312724e3655b16564f\pe_col'.
Finding identical cells in module `$paramod$a88ee0a5926de7bf46212eeecf09e1cb171e2c26\array'.
Computing hashes of 16 cells of `$paramod$a88ee0a5926de7bf46212eeecf09e1cb171e2c26\array'.
Finding duplicate cells in `$paramod$a88ee0a5926de7bf46212eeecf09e1cb171e2c26\array'.
Removed a total of 0 cells.

3.21.3. Executing OPT_DFF pass (perform DFF optimizations).

3.21.4. Executing OPT_CLEAN pass (remove unused cells and wires).
Finding unused cells or wires in module $paramod$6d9fec60875be2cf56709ced5e593476aeaf643f\pe..
Finding unused cells or wires in module $paramod$ddb646b36b98b3bde174fb312724e3655b16564f\pe_col..
Finding unused cells or wires in module $paramod$a88ee0a5926de7bf46212eeecf09e1cb171e2c26\array..
Removed 142 unused cells and 392 unused wires.
<suppressed ~143 debug messages>

3.21.5. Finished fast OPT passes.

3.22. Executing ABC pass (technology mapping using ABC).

3.22.1. Extracting gate netlist of module `$paramod$6d9fec60875be2cf56709ced5e593476aeaf643f\pe' to `<abc-temp-dir>/input.blif'..

3.22.1.1. Executed ABC.
Extracted 3281 gates and 3379 wires to a netlist network with 97 inputs and 64 outputs.
Running ABC script: <abc-temp-dir>/abc.script
ABC: UC Berkeley, ABC 1.01 (compiled May 29 2026 19:41:28)
ABC: abc 01> empty
ABC: abc 01> source <abc-temp-dir>/abc.script
ABC: + read_blif <abc-temp-dir>/input.blif 
ABC: + read_library <abc-temp-dir>/stdcells.genlib 
ABC: + strash 
ABC: + &get -n 
ABC: + &fraig -x 
ABC: + &put 
ABC: + scorr 
ABC: Warning: The network is combinational (run "fraig" or "fraig_sweep").
ABC: + dc2 
ABC: + dretime 
ABC: + strash 
ABC: + &get -n 
ABC: + &dch -f 
ABC: + &nf 
ABC: + &put 
ABC: + write_blif <abc-temp-dir>/output.blif 
ABC: 
ABC: YOSYS_ABC_DONE 

3.22.1.2. Re-integrating ABC results.
ABC RESULTS:               AND cells:      624
ABC RESULTS:            ANDNOT cells:       35
ABC RESULTS:               MUX cells:       32
ABC RESULTS:              NAND cells:     1386
ABC RESULTS:               NOR cells:        3
ABC RESULTS:                OR cells:       28
ABC RESULTS:             ORNOT cells:        1
ABC RESULTS:              XNOR cells:      161
ABC RESULTS:               XOR cells:      953
ABC RESULTS:        internal signals:     3218
ABC RESULTS:           input signals:       97
ABC RESULTS:          output signals:       64
Removing temp directory.

3.22.2. Extracting gate netlist of module `$paramod$ddb646b36b98b3bde174fb312724e3655b16564f\pe_col' to `<abc-temp-dir>/input.blif'..

3.22.2.1. Executed ABC.
Extracted 0 gates and 0 wires to a netlist network with 0 inputs and 0 outputs.
Don't call ABC as there is nothing to map.
Removing temp directory.

3.22.3. Extracting gate netlist of module `$paramod$a88ee0a5926de7bf46212eeecf09e1cb171e2c26\array' to `<abc-temp-dir>/input.blif'..

3.22.3.1. Executed ABC.
Extracted 0 gates and 0 wires to a netlist network with 0 inputs and 0 outputs.
Don't call ABC as there is nothing to map.
Removing temp directory.
Removing global temp directory.

3.23. Executing OPT pass (performing simple optimizations).

3.23.1. Executing OPT_EXPR pass (perform const folding).
Optimizing module $paramod$6d9fec60875be2cf56709ced5e593476aeaf643f\pe.
Optimizing module $paramod$ddb646b36b98b3bde174fb312724e3655b16564f\pe_col.
Optimizing module $paramod$a88ee0a5926de7bf46212eeecf09e1cb171e2c26\array.

3.23.2. Executing OPT_MERGE pass (detect identical cells).
Finding identical cells in module `$paramod$6d9fec60875be2cf56709ced5e593476aeaf643f\pe'.
Computing hashes of 3319 cells of `$paramod$6d9fec60875be2cf56709ced5e593476aeaf643f\pe'.
Finding duplicate cells in `$paramod$6d9fec60875be2cf56709ced5e593476aeaf643f\pe'.
Finding identical cells in module `$paramod$ddb646b36b98b3bde174fb312724e3655b16564f\pe_col'.
Computing hashes of 16 cells of `$paramod$ddb646b36b98b3bde174fb312724e3655b16564f\pe_col'.
Finding duplicate cells in `$paramod$ddb646b36b98b3bde174fb312724e3655b16564f\pe_col'.
Finding identical cells in module `$paramod$a88ee0a5926de7bf46212eeecf09e1cb171e2c26\array'.
Computing hashes of 16 cells of `$paramod$a88ee0a5926de7bf46212eeecf09e1cb171e2c26\array'.
Finding duplicate cells in `$paramod$a88ee0a5926de7bf46212eeecf09e1cb171e2c26\array'.
Removed a total of 0 cells.

3.23.3. Executing OPT_DFF pass (perform DFF optimizations).

3.23.4. Executing OPT_CLEAN pass (remove unused cells and wires).
Finding unused cells or wires in module $paramod$6d9fec60875be2cf56709ced5e593476aeaf643f\pe..
Finding unused cells or wires in module $paramod$ddb646b36b98b3bde174fb312724e3655b16564f\pe_col..
Finding unused cells or wires in module $paramod$a88ee0a5926de7bf46212eeecf09e1cb171e2c26\array..
Removed 0 unused cells and 435 unused wires.
<suppressed ~1 debug messages>

3.23.5. Finished fast OPT passes.

3.24. Executing HIERARCHY pass (managing design hierarchy).
Attribute `top' found on module `$paramod$a88ee0a5926de7bf46212eeecf09e1cb171e2c26\array'. Setting top module to $paramod$a88ee0a5926de7bf46212eeecf09e1cb171e2c26\array.

3.24.1. Analyzing design hierarchy..
Top module:  $paramod$a88ee0a5926de7bf46212eeecf09e1cb171e2c26\array
Used module:     $paramod$ddb646b36b98b3bde174fb312724e3655b16564f\pe_col
Used module:         $paramod$6d9fec60875be2cf56709ced5e593476aeaf643f\pe

3.24.2. Analyzing design hierarchy..
Top module:  $paramod$a88ee0a5926de7bf46212eeecf09e1cb171e2c26\array
Used module:     $paramod$ddb646b36b98b3bde174fb312724e3655b16564f\pe_col
Used module:         $paramod$6d9fec60875be2cf56709ced5e593476aeaf643f\pe
Removed 0 unused modules.

3.25. Printing statistics.

=== $paramod$6d9fec60875be2cf56709ced5e593476aeaf643f\pe ===

        +----------Local Count, excluding submodules.
        | 
     3169 wires
     3386 wire bits
        8 public wires
      163 public wire bits
        7 ports
      131 port bits
     3319 cells
       35   $_ANDNOT_
      624   $_AND_
       32   $_DFFE_PN0P_
       64   $_DFF_PN0_
       32   $_MUX_
     1386   $_NAND_
        3   $_NOR_
        1   $_ORNOT_
       28   $_OR_
      161   $_XNOR_
      953   $_XOR_

=== $paramod$ddb646b36b98b3bde174fb312724e3655b16564f\pe_col ===

        +----------Local Count, excluding submodules.
        | 
       24 wires
     1635 wire bits
       24 public wires
     1635 public wire bits
        7 ports
     1091 port bits
       16 submodules
       16   $paramod$6d9fec60875be2cf56709ced5e593476aeaf643f\pe

=== $paramod$a88ee0a5926de7bf46212eeecf09e1cb171e2c26\array ===

        +----------Local Count, excluding submodules.
        | 
      311 wires
    27154 wire bits
      311 public wires
    27154 public wire bits
        7 ports
     2066 port bits
       16 submodules
       16   $paramod$ddb646b36b98b3bde174fb312724e3655b16564f\pe_col

=== design hierarchy ===

        +----------Count including submodules.
        | 
   849664 $paramod$a88ee0a5926de7bf46212eeecf09e1cb171e2c26\array
     3319   $paramod$6d9fec60875be2cf56709ced5e593476aeaf643f\pe

        +----------Count including submodules.
        | 
   811959 wires
   920130 wire bits
     2743 public wires
    95042 public wire bits
     1911 ports
    53058 port bits
        - memories
        - memory bits
        - processes
   849664 cells
     8960   $_ANDNOT_
   159744   $_AND_
     8192   $_DFFE_PN0P_
    16384   $_DFF_PN0_
     8192   $_MUX_
   354816   $_NAND_
      768   $_NOR_
      256   $_ORNOT_
     7168   $_OR_
    41216   $_XNOR_
   243968   $_XOR_
       16 submodules
       16   $paramod$ddb646b36b98b3bde174fb312724e3655b16564f\pe_col

3.26. Executing CHECK pass (checking for obvious problems).
Checking module $paramod$6d9fec60875be2cf56709ced5e593476aeaf643f\pe...
Checking module $paramod$ddb646b36b98b3bde174fb312724e3655b16564f\pe_col...
Checking module $paramod$a88ee0a5926de7bf46212eeecf09e1cb171e2c26\array...
Found and reported 0 problems.

4. Executing DFFLIBMAP pass (mapping DFF cells to sequential cells from liberty file).
  cell sky130_fd_sc_hd__dfxtp_1 (noninv, pins=3, area=20.02) is a direct match for cell type $_DFF_P_.
  cell sky130_fd_sc_hd__dfrtn_1 (noninv, pins=4, area=25.02) is a direct match for cell type $_DFF_NN0_.
  cell sky130_fd_sc_hd__dfrtp_1 (noninv, pins=4, area=25.02) is a direct match for cell type $_DFF_PN0_.
  cell sky130_fd_sc_hd__dfstp_2 (noninv, pins=4, area=26.28) is a direct match for cell type $_DFF_PN1_.
  cell sky130_fd_sc_hd__edfxtp_1 (noninv, pins=4, area=30.03) is a direct match for cell type $_DFFE_PP_.
  cell sky130_fd_sc_hd__dfbbn_1 (noninv, pins=6, area=32.53) is a direct match for cell type $_DFFSR_NNN_.
  cell sky130_fd_sc_hd__dfbbp_1 (noninv, pins=6, area=32.53) is a direct match for cell type $_DFFSR_PNN_.
  final dff cell mappings:
    unmapped dff cell: $_DFF_N_
    \sky130_fd_sc_hd__dfxtp_1 _DFF_P_ (.CLK( C), .D( D), .Q( Q));
    \sky130_fd_sc_hd__dfrtn_1 _DFF_NN0_ (.CLK_N( C), .D( D), .Q( Q), .RESET_B( R));
    unmapped dff cell: $_DFF_NN1_
    unmapped dff cell: $_DFF_NP0_
    unmapped dff cell: $_DFF_NP1_
    \sky130_fd_sc_hd__dfrtp_1 _DFF_PN0_ (.CLK( C), .D( D), .Q( Q), .RESET_B( R));
    \sky130_fd_sc_hd__dfstp_2 _DFF_PN1_ (.CLK( C), .D( D), .Q( Q), .SET_B( R));
    unmapped dff cell: $_DFF_PP0_
    unmapped dff cell: $_DFF_PP1_
    unmapped dff cell: $_DFFE_NN_
    unmapped dff cell: $_DFFE_NP_
    unmapped dff cell: $_DFFE_PN_
    \sky130_fd_sc_hd__edfxtp_1 _DFFE_PP_ (.CLK( C), .D( D), .DE( E), .Q( Q));
    \sky130_fd_sc_hd__dfbbn_1 _DFFSR_NNN_ (.CLK_N( C), .D( D), .Q( Q), .Q_N(~Q), .RESET_B( R), .SET_B( S));
    unmapped dff cell: $_DFFSR_NNP_
    unmapped dff cell: $_DFFSR_NPN_
    unmapped dff cell: $_DFFSR_NPP_
    \sky130_fd_sc_hd__dfbbp_1 _DFFSR_PNN_ (.CLK( C), .D( D), .Q( Q), .Q_N(~Q), .RESET_B( R), .SET_B( S));
    unmapped dff cell: $_DFFSR_PNP_
    unmapped dff cell: $_DFFSR_PPN_
    unmapped dff cell: $_DFFSR_PPP_

4.1. Executing DFFLEGALIZE pass (convert FFs to types supported by the target).
<suppressed ~24 debug messages>
Mapping DFF cells in module `$paramod$6d9fec60875be2cf56709ced5e593476aeaf643f\pe':
  mapped 96 $_DFF_PN0_ cells to \sky130_fd_sc_hd__dfrtp_1 cells.
Mapping DFF cells in module `$paramod$ddb646b36b98b3bde174fb312724e3655b16564f\pe_col':
Mapping DFF cells in module `$paramod$a88ee0a5926de7bf46212eeecf09e1cb171e2c26\array':

5. Executing ABC pass (technology mapping using ABC).

5.1. Extracting gate netlist of module `$paramod$6d9fec60875be2cf56709ced5e593476aeaf643f\pe' to `<abc-temp-dir>/input.blif'..
ABC: using cached merged SCL: /tmp/yosys-liberty-scl-cache/yosys_merged_e9e26d0c.scl (1 files)

5.1.1. Executed ABC.
Extracted 3255 gates and 3352 wires to a netlist network with 97 inputs and 96 outputs.
Running ABC script: <abc-temp-dir>/abc.script
ABC: UC Berkeley, ABC 1.01 (compiled May 29 2026 19:41:28)
ABC: abc 01> empty
ABC: abc 01> source <abc-temp-dir>/abc.script
ABC: + read_blif <abc-temp-dir>/input.blif 
ABC: + read_scl /tmp/yosys-liberty-scl-cache/yosys_merged_e9e26d0c.scl 
ABC: Warning: Detected 9 multi-output cells (for example, "sky130_fd_sc_hd__fa_1").
ABC: + strash 
ABC: + &get -n 
ABC: + &fraig -x 
ABC: + &put 
ABC: + scorr 
ABC: Warning: The network is combinational (run "fraig" or "fraig_sweep").
ABC: + dc2 
ABC: + dretime 
ABC: + strash 
ABC: + &get -n 
ABC: + &dch -f 
ABC: + &nf 
ABC: + &put 
ABC: + write_blif <abc-temp-dir>/output.blif 
ABC: 
ABC: YOSYS_ABC_DONE 

5.1.2. Re-integrating ABC results.
ABC RESULTS:   sky130_fd_sc_hd__a21boi_0 cells:        6
ABC RESULTS:   sky130_fd_sc_hd__a21o_1 cells:       12
ABC RESULTS:   sky130_fd_sc_hd__a21oi_1 cells:       70
ABC RESULTS:   sky130_fd_sc_hd__a22o_1 cells:       21
ABC RESULTS:   sky130_fd_sc_hd__a22oi_1 cells:       24
ABC RESULTS:   sky130_fd_sc_hd__a31o_1 cells:        1
ABC RESULTS:   sky130_fd_sc_hd__a31oi_1 cells:        5
ABC RESULTS:   sky130_fd_sc_hd__a32o_1 cells:        2
ABC RESULTS:   sky130_fd_sc_hd__a32oi_1 cells:        1
ABC RESULTS:   sky130_fd_sc_hd__and2_0 cells:       44
ABC RESULTS:   sky130_fd_sc_hd__and3_1 cells:       20
ABC RESULTS:   sky130_fd_sc_hd__and3b_1 cells:        1
ABC RESULTS:   sky130_fd_sc_hd__and4_1 cells:        2
ABC RESULTS:   sky130_fd_sc_hd__clkinv_1 cells:       83
ABC RESULTS:   sky130_fd_sc_hd__lpflow_inputiso1p_1 cells:       18
ABC RESULTS:   sky130_fd_sc_hd__lpflow_isobufsrc_1 cells:      127
ABC RESULTS:   sky130_fd_sc_hd__maj3_1 cells:      192
ABC RESULTS:   sky130_fd_sc_hd__mux2_1 cells:        2
ABC RESULTS:   sky130_fd_sc_hd__nand2_1 cells:      682
ABC RESULTS:   sky130_fd_sc_hd__nand2b_1 cells:       54
ABC RESULTS:   sky130_fd_sc_hd__nand3_1 cells:       38
ABC RESULTS:   sky130_fd_sc_hd__nand3b_1 cells:        1
ABC RESULTS:   sky130_fd_sc_hd__nand4_1 cells:       20
ABC RESULTS:   sky130_fd_sc_hd__nor2_1 cells:      176
ABC RESULTS:   sky130_fd_sc_hd__nor2b_1 cells:       11
ABC RESULTS:   sky130_fd_sc_hd__nor3_1 cells:       53
ABC RESULTS:   sky130_fd_sc_hd__nor3b_1 cells:        3
ABC RESULTS:   sky130_fd_sc_hd__nor4_1 cells:        2
ABC RESULTS:   sky130_fd_sc_hd__nor4b_1 cells:        1
ABC RESULTS:   sky130_fd_sc_hd__o21a_1 cells:        7
ABC RESULTS:   sky130_fd_sc_hd__o21ai_0 cells:      181
ABC RESULTS:   sky130_fd_sc_hd__o21bai_1 cells:       13
ABC RESULTS:   sky130_fd_sc_hd__o22a_1 cells:       24
ABC RESULTS:   sky130_fd_sc_hd__o22ai_1 cells:        4
ABC RESULTS:   sky130_fd_sc_hd__o31a_1 cells:        1
ABC RESULTS:   sky130_fd_sc_hd__o31ai_1 cells:        3
ABC RESULTS:   sky130_fd_sc_hd__o32ai_1 cells:        1
ABC RESULTS:   sky130_fd_sc_hd__o41ai_1 cells:        1
ABC RESULTS:   sky130_fd_sc_hd__or3_1 cells:        7
ABC RESULTS:   sky130_fd_sc_hd__xnor2_1 cells:      495
ABC RESULTS:   sky130_fd_sc_hd__xnor3_1 cells:       27
ABC RESULTS:   sky130_fd_sc_hd__xor2_1 cells:      340
ABC RESULTS:   sky130_fd_sc_hd__xor3_1 cells:       21
ABC RESULTS:        internal signals:     3159
ABC RESULTS:           input signals:       97
ABC RESULTS:          output signals:       96
Removing temp directory.

5.2. Extracting gate netlist of module `$paramod$ddb646b36b98b3bde174fb312724e3655b16564f\pe_col' to `<abc-temp-dir>/input.blif'..
ABC: using cached merged SCL: /tmp/yosys-liberty-scl-cache/yosys_merged_e9e26d0c.scl (1 files)

5.2.1. Executed ABC.
Extracted 0 gates and 0 wires to a netlist network with 0 inputs and 0 outputs.
Don't call ABC as there is nothing to map.
Removing temp directory.

5.3. Extracting gate netlist of module `$paramod$a88ee0a5926de7bf46212eeecf09e1cb171e2c26\array' to `<abc-temp-dir>/input.blif'..
ABC: using cached merged SCL: /tmp/yosys-liberty-scl-cache/yosys_merged_e9e26d0c.scl (1 files)

5.3.1. Executed ABC.
Extracted 0 gates and 0 wires to a netlist network with 0 inputs and 0 outputs.
Don't call ABC as there is nothing to map.
Removing temp directory.
Removing global temp directory.

6. Printing statistics.

=== $paramod$6d9fec60875be2cf56709ced5e593476aeaf643f\pe ===

        +----------Local Count, excluding submodules.
        |        +-Local Area, excluding submodules.
        |        | 
     6095        - wires
     6312        - wire bits
        8        - public wires
      163        - public wire bits
        7        - ports
      131        - port bits
     2893  2.1E+04 cells
        6   45.043   sky130_fd_sc_hd__a21boi_0
       12   90.086   sky130_fd_sc_hd__a21o_1
       70  350.336   sky130_fd_sc_hd__a21oi_1
       21  183.926   sky130_fd_sc_hd__a22o_1
       24  180.173   sky130_fd_sc_hd__a22oi_1
        1    8.758   sky130_fd_sc_hd__a31o_1
        5    31.28   sky130_fd_sc_hd__a31oi_1
        2   20.019   sky130_fd_sc_hd__a32o_1
        1    8.758   sky130_fd_sc_hd__a32oi_1
       44  275.264   sky130_fd_sc_hd__and2_0
       20   125.12   sky130_fd_sc_hd__and3_1
        1    8.758   sky130_fd_sc_hd__and3b_1
        2   17.517   sky130_fd_sc_hd__and4_1
       83  311.549   sky130_fd_sc_hd__clkinv_1
       96  2.4E+03   sky130_fd_sc_hd__dfrtp_1
       18  112.608   sky130_fd_sc_hd__lpflow_inputiso1p_1
      127  794.512   sky130_fd_sc_hd__lpflow_isobufsrc_1
      192 1.92E+03   sky130_fd_sc_hd__maj3_1
        2   22.522   sky130_fd_sc_hd__mux2_1
      682 2.56E+03   sky130_fd_sc_hd__nand2_1
       54  337.824   sky130_fd_sc_hd__nand2b_1
       38  190.182   sky130_fd_sc_hd__nand3_1
        1    7.507   sky130_fd_sc_hd__nand3b_1
       20   125.12   sky130_fd_sc_hd__nand4_1
      176  660.634   sky130_fd_sc_hd__nor2_1
       11   68.816   sky130_fd_sc_hd__nor2b_1
       53  265.254   sky130_fd_sc_hd__nor3_1
        3   22.522   sky130_fd_sc_hd__nor3b_1
        2   12.512   sky130_fd_sc_hd__nor4_1
        1    8.758   sky130_fd_sc_hd__nor4b_1
        7    52.55   sky130_fd_sc_hd__o21a_1
      181  905.869   sky130_fd_sc_hd__o21ai_0
       13   97.594   sky130_fd_sc_hd__o21bai_1
       24  210.202   sky130_fd_sc_hd__o22a_1
        4   25.024   sky130_fd_sc_hd__o22ai_1
        1    8.758   sky130_fd_sc_hd__o31a_1
        3   22.522   sky130_fd_sc_hd__o31ai_1
        1    8.758   sky130_fd_sc_hd__o32ai_1
        1    8.758   sky130_fd_sc_hd__o41ai_1
        7   43.792   sky130_fd_sc_hd__or3_1
      495 4.34E+03   sky130_fd_sc_hd__xnor2_1
       27  608.083   sky130_fd_sc_hd__xnor3_1
      340 2.98E+03   sky130_fd_sc_hd__xor2_1
       21  499.229   sky130_fd_sc_hd__xor3_1

   Chip area for module '$paramod$6d9fec60875be2cf56709ced5e593476aeaf643f\pe': 20973.865600
     of which used for sequential elements: 2402.304000 (11.45%)

=== $paramod$ddb646b36b98b3bde174fb312724e3655b16564f\pe_col ===

        +----------Local Count, excluding submodules.
        |        +-Local Area, excluding submodules.
        |        | 
       24        - wires
     1635        - wire bits
       24        - public wires
     1635        - public wire bits
        7        - ports
     1091        - port bits
       16        - submodules
       16        -   $paramod$6d9fec60875be2cf56709ced5e593476aeaf643f\pe

   Chip area for module '$paramod$ddb646b36b98b3bde174fb312724e3655b16564f\pe_col': 0.000000
     of which used for sequential elements: 0.000000 (-nan%)

=== $paramod$a88ee0a5926de7bf46212eeecf09e1cb171e2c26\array ===

        +----------Local Count, excluding submodules.
        |        +-Local Area, excluding submodules.
        |        | 
      311        - wires
    27154        - wire bits
      311        - public wires
    27154        - public wire bits
        7        - ports
     2066        - port bits
       16        - submodules
       16        -   $paramod$ddb646b36b98b3bde174fb312724e3655b16564f\pe_col

   Chip area for module '$paramod$a88ee0a5926de7bf46212eeecf09e1cb171e2c26\array': 0.000000
     of which used for sequential elements: 0.000000 (-nan%)

=== design hierarchy ===

        +----------Count including submodules.
        |        +-Area including submodules.
        |        | 
   740608 5.37E+06 $paramod$a88ee0a5926de7bf46212eeecf09e1cb171e2c26\array
     2893  2.1E+04   $paramod$6d9fec60875be2cf56709ced5e593476aeaf643f\pe

        +----------Count including submodules.
        |        +-Area including submodules.
        |        | 
  1561015        - wires
  1669186        - wire bits
     2743        - public wires
    95042        - public wire bits
     1911        - ports
    53058        - port bits
        -        - memories
        -        - memory bits
        -        - processes
   740608 5.37E+06 cells
     1536 1.15E+04   sky130_fd_sc_hd__a21boi_0
     3072 2.31E+04   sky130_fd_sc_hd__a21o_1
    17920 8.97E+04   sky130_fd_sc_hd__a21oi_1
     5376 4.71E+04   sky130_fd_sc_hd__a22o_1
     6144 4.61E+04   sky130_fd_sc_hd__a22oi_1
      256  2242.15   sky130_fd_sc_hd__a31o_1
     1280  8007.68   sky130_fd_sc_hd__a31oi_1
      512 5.12E+03   sky130_fd_sc_hd__a32o_1
      256  2242.15   sky130_fd_sc_hd__a32oi_1
    11264 7.05E+04   sky130_fd_sc_hd__and2_0
     5120  3.2E+04   sky130_fd_sc_hd__and3_1
      256  2242.15   sky130_fd_sc_hd__and3b_1
      512 4.48E+03   sky130_fd_sc_hd__and4_1
    21248 7.98E+04   sky130_fd_sc_hd__clkinv_1
    24576 6.15E+05   sky130_fd_sc_hd__dfrtp_1
     4608 2.88E+04   sky130_fd_sc_hd__lpflow_inputiso1p_1
    32512 2.03E+05   sky130_fd_sc_hd__lpflow_isobufsrc_1
    49152 4.92E+05   sky130_fd_sc_hd__maj3_1
      512  5765.53   sky130_fd_sc_hd__mux2_1
   174592 6.55E+05   sky130_fd_sc_hd__nand2_1
    13824 8.65E+04   sky130_fd_sc_hd__nand2b_1
     9728 4.87E+04   sky130_fd_sc_hd__nand3_1
      256 1.92E+03   sky130_fd_sc_hd__nand3b_1
     5120  3.2E+04   sky130_fd_sc_hd__nand4_1
    45056 1.69E+05   sky130_fd_sc_hd__nor2_1
     2816 1.76E+04   sky130_fd_sc_hd__nor2b_1
    13568 6.79E+04   sky130_fd_sc_hd__nor3_1
      768  5765.53   sky130_fd_sc_hd__nor3b_1
      512  3.2E+03   sky130_fd_sc_hd__nor4_1
      256  2242.15   sky130_fd_sc_hd__nor4b_1
     1792 1.35E+04   sky130_fd_sc_hd__o21a_1
    46336 2.32E+05   sky130_fd_sc_hd__o21ai_0
     3328  2.5E+04   sky130_fd_sc_hd__o21bai_1
     6144 5.38E+04   sky130_fd_sc_hd__o22a_1
     1024 6.41E+03   sky130_fd_sc_hd__o22ai_1
      256  2242.15   sky130_fd_sc_hd__o31a_1
      768  5765.53   sky130_fd_sc_hd__o31ai_1
      256  2242.15   sky130_fd_sc_hd__o32ai_1
      256  2242.15   sky130_fd_sc_hd__o41ai_1
     1792 1.12E+04   sky130_fd_sc_hd__or3_1
   126720 1.11E+06   sky130_fd_sc_hd__xnor2_1
     6912 1.56E+05   sky130_fd_sc_hd__xnor3_1
    87040 7.62E+05   sky130_fd_sc_hd__xor2_1
     5376 1.28E+05   sky130_fd_sc_hd__xor3_1
       16 5.37E+06 submodules
       16 5.37E+06   $paramod$ddb646b36b98b3bde174fb312724e3655b16564f\pe_col

   Chip area for top module '$paramod$a88ee0a5926de7bf46212eeecf09e1cb171e2c26\array': 5369309.593600
     of which used for sequential elements: 614989.824000 (11.45%)

Renaming module $paramod$a88ee0a5926de7bf46212eeecf09e1cb171e2c26\array to array.

7. Executing Verilog backend.

7.1. Executing BMUXMAP pass.

7.2. Executing DEMUXMAP pass.
Dumping module `$paramod$6d9fec60875be2cf56709ced5e593476aeaf643f\pe'.
Dumping module `$paramod$ddb646b36b98b3bde174fb312724e3655b16564f\pe_col'.
Dumping module `\array'.

End of script. Logfile hash: 50bd4bc47d, time: 2.62s, user: 1.76s, system: 0.17s, MEM: 60.70 MB peak
Yosys 0.65+71 (git sha1 e56c6a954, g++ 11.4.0-1ubuntu1~22.04.3 -fPIC -O3)
Time spent: 30% 2x abc (0 sec), 24% 2x stat (0 sec), ...
