
 /----------------------------------------------------------------------------\
 |  yosys -- Yosys Open SYnthesis Suite                                       |
 |  Copyright (C) 2012 - 2026  Claire Xenia Wolf <claire@yosyshq.com>         |
 |  Distributed under an ISC-like license, type "license" to see terms        |
 \----------------------------------------------------------------------------/
 Yosys 0.65+71 (git sha1 e56c6a954, g++ 11.4.0-1ubuntu1~22.04.3 -fPIC -O3)

-- Running command `
    read_verilog results/sv2v_output.v;
    chparam -set ROWS 8             -set COLS 8             -set DATA_WIDTH 8             -set ACC_WIDTH 32             array
    synth -top array;
    dfflibmap -liberty /home/bharathw/.ciel/ciel/sky130/versions/0fe599b2afb6708d281543108caf8310912f54af/sky130A/libs.ref/sky130_fd_sc_hd/lib/sky130_fd_sc_hd__tt_025C_1v80.lib;
    abc -liberty /home/bharathw/.ciel/ciel/sky130/versions/0fe599b2afb6708d281543108caf8310912f54af/sky130A/libs.ref/sky130_fd_sc_hd/lib/sky130_fd_sc_hd__tt_025C_1v80.lib;
    stat -liberty /home/bharathw/.ciel/ciel/sky130/versions/0fe599b2afb6708d281543108caf8310912f54af/sky130A/libs.ref/sky130_fd_sc_hd/lib/sky130_fd_sc_hd__tt_025C_1v80.lib;
    rename -top array
    write_verilog gate_level.v
' --

1. Executing Verilog-2005 frontend: results/sv2v_output.v
Parsing Verilog input from `results/sv2v_output.v' to AST representation.
Generating RTLIL representation for module `\pe'.
Generating RTLIL representation for module `\pe_col'.
Generating RTLIL representation for module `\array'.
Successfully finished Verilog frontend.
Parameter \ROWS = 8
Parameter \COLS = 8
Parameter \DATA_WIDTH = 8
Parameter \ACC_WIDTH = 32

2. Executing AST frontend in derive mode using pre-parsed AST for module `\array'.
Parameter \ROWS = 8
Parameter \COLS = 8
Parameter \DATA_WIDTH = 8
Parameter \ACC_WIDTH = 32
Generating RTLIL representation for module `$paramod$8a1ba2cf01c95fdc0bf9d63d187ed5ed97eea327\array'.

3. Executing SYNTH pass.

3.1. Executing HIERARCHY pass (managing design hierarchy).

3.1.1. Analyzing design hierarchy..
Top module:  \array
Used module:     \pe_col
Used module:         \pe
Parameter \DATA_WIDTH = 8
Parameter \ACC_WIDTH = 32

3.1.2. Executing AST frontend in derive mode using pre-parsed AST for module `\pe'.
Parameter \DATA_WIDTH = 8
Parameter \ACC_WIDTH = 32
Generating RTLIL representation for module `$paramod$8392c0aee371eac30cfcd917af9a6c37ac869d3e\pe'.
Parameter \DATA_WIDTH = 8
Parameter \ACC_WIDTH = 32
Found cached RTLIL representation for module `$paramod$8392c0aee371eac30cfcd917af9a6c37ac869d3e\pe'.
Parameter \DATA_WIDTH = 8
Parameter \ACC_WIDTH = 32
Found cached RTLIL representation for module `$paramod$8392c0aee371eac30cfcd917af9a6c37ac869d3e\pe'.
Parameter \DATA_WIDTH = 8
Parameter \ACC_WIDTH = 32
Found cached RTLIL representation for module `$paramod$8392c0aee371eac30cfcd917af9a6c37ac869d3e\pe'.
Parameter \DATA_WIDTH = 8
Parameter \ACC_WIDTH = 32
Found cached RTLIL representation for module `$paramod$8392c0aee371eac30cfcd917af9a6c37ac869d3e\pe'.
Parameter \DATA_WIDTH = 8
Parameter \ACC_WIDTH = 32
Found cached RTLIL representation for module `$paramod$8392c0aee371eac30cfcd917af9a6c37ac869d3e\pe'.
Parameter \DATA_WIDTH = 8
Parameter \ACC_WIDTH = 32
Found cached RTLIL representation for module `$paramod$8392c0aee371eac30cfcd917af9a6c37ac869d3e\pe'.
Parameter \DATA_WIDTH = 8
Parameter \ACC_WIDTH = 32
Found cached RTLIL representation for module `$paramod$8392c0aee371eac30cfcd917af9a6c37ac869d3e\pe'.
Parameter \DATA_WIDTH = 8
Parameter \ACC_WIDTH = 32
Found cached RTLIL representation for module `$paramod$8392c0aee371eac30cfcd917af9a6c37ac869d3e\pe'.
Parameter \DATA_WIDTH = 8
Parameter \ACC_WIDTH = 32
Found cached RTLIL representation for module `$paramod$8392c0aee371eac30cfcd917af9a6c37ac869d3e\pe'.
Parameter \DATA_WIDTH = 8
Parameter \ACC_WIDTH = 32
Found cached RTLIL representation for module `$paramod$8392c0aee371eac30cfcd917af9a6c37ac869d3e\pe'.
Parameter \DATA_WIDTH = 8
Parameter \ACC_WIDTH = 32
Found cached RTLIL representation for module `$paramod$8392c0aee371eac30cfcd917af9a6c37ac869d3e\pe'.
Parameter \DATA_WIDTH = 8
Parameter \ACC_WIDTH = 32
Found cached RTLIL representation for module `$paramod$8392c0aee371eac30cfcd917af9a6c37ac869d3e\pe'.
Parameter \DATA_WIDTH = 8
Parameter \ACC_WIDTH = 32
Found cached RTLIL representation for module `$paramod$8392c0aee371eac30cfcd917af9a6c37ac869d3e\pe'.
Parameter \DATA_WIDTH = 8
Parameter \ACC_WIDTH = 32
Found cached RTLIL representation for module `$paramod$8392c0aee371eac30cfcd917af9a6c37ac869d3e\pe'.
Parameter \DATA_WIDTH = 8
Parameter \ACC_WIDTH = 32
Found cached RTLIL representation for module `$paramod$8392c0aee371eac30cfcd917af9a6c37ac869d3e\pe'.
Reprocessing module pe_col because instantiated module $paramod$8392c0aee371eac30cfcd917af9a6c37ac869d3e\pe has become available.
Generating RTLIL representation for module `\pe_col'.
Parameter \ROWS = 8
Parameter \DATA_WIDTH = 8
Parameter \ACC_WIDTH = 32

3.1.3. Executing AST frontend in derive mode using pre-parsed AST for module `\pe_col'.
Parameter \ROWS = 8
Parameter \DATA_WIDTH = 8
Parameter \ACC_WIDTH = 32
Generating RTLIL representation for module `$paramod$2d9d52210384a3dbb8614ce1c183f001b222b95a\pe_col'.
Parameter \ROWS = 8
Parameter \DATA_WIDTH = 8
Parameter \ACC_WIDTH = 32
Found cached RTLIL representation for module `$paramod$2d9d52210384a3dbb8614ce1c183f001b222b95a\pe_col'.
Parameter \ROWS = 8
Parameter \DATA_WIDTH = 8
Parameter \ACC_WIDTH = 32
Found cached RTLIL representation for module `$paramod$2d9d52210384a3dbb8614ce1c183f001b222b95a\pe_col'.
Parameter \ROWS = 8
Parameter \DATA_WIDTH = 8
Parameter \ACC_WIDTH = 32
Found cached RTLIL representation for module `$paramod$2d9d52210384a3dbb8614ce1c183f001b222b95a\pe_col'.
Parameter \ROWS = 8
Parameter \DATA_WIDTH = 8
Parameter \ACC_WIDTH = 32
Found cached RTLIL representation for module `$paramod$2d9d52210384a3dbb8614ce1c183f001b222b95a\pe_col'.
Parameter \ROWS = 8
Parameter \DATA_WIDTH = 8
Parameter \ACC_WIDTH = 32
Found cached RTLIL representation for module `$paramod$2d9d52210384a3dbb8614ce1c183f001b222b95a\pe_col'.
Parameter \ROWS = 8
Parameter \DATA_WIDTH = 8
Parameter \ACC_WIDTH = 32
Found cached RTLIL representation for module `$paramod$2d9d52210384a3dbb8614ce1c183f001b222b95a\pe_col'.
Parameter \ROWS = 8
Parameter \DATA_WIDTH = 8
Parameter \ACC_WIDTH = 32
Found cached RTLIL representation for module `$paramod$2d9d52210384a3dbb8614ce1c183f001b222b95a\pe_col'.
Reprocessing module array because instantiated module $paramod$2d9d52210384a3dbb8614ce1c183f001b222b95a\pe_col has become available.
Generating RTLIL representation for module `$paramod$8a1ba2cf01c95fdc0bf9d63d187ed5ed97eea327\array'.

3.1.4. Analyzing design hierarchy..
Top module:  $paramod$8a1ba2cf01c95fdc0bf9d63d187ed5ed97eea327\array
Used module:     \pe_col
Used module:         \pe
Parameter \DATA_WIDTH = 8
Parameter \ACC_WIDTH = 32
Found cached RTLIL representation for module `$paramod$8392c0aee371eac30cfcd917af9a6c37ac869d3e\pe'.
Parameter \DATA_WIDTH = 8
Parameter \ACC_WIDTH = 32
Found cached RTLIL representation for module `$paramod$8392c0aee371eac30cfcd917af9a6c37ac869d3e\pe'.
Parameter \DATA_WIDTH = 8
Parameter \ACC_WIDTH = 32
Found cached RTLIL representation for module `$paramod$8392c0aee371eac30cfcd917af9a6c37ac869d3e\pe'.
Parameter \DATA_WIDTH = 8
Parameter \ACC_WIDTH = 32
Found cached RTLIL representation for module `$paramod$8392c0aee371eac30cfcd917af9a6c37ac869d3e\pe'.
Parameter \DATA_WIDTH = 8
Parameter \ACC_WIDTH = 32
Found cached RTLIL representation for module `$paramod$8392c0aee371eac30cfcd917af9a6c37ac869d3e\pe'.
Parameter \DATA_WIDTH = 8
Parameter \ACC_WIDTH = 32
Found cached RTLIL representation for module `$paramod$8392c0aee371eac30cfcd917af9a6c37ac869d3e\pe'.
Parameter \DATA_WIDTH = 8
Parameter \ACC_WIDTH = 32
Found cached RTLIL representation for module `$paramod$8392c0aee371eac30cfcd917af9a6c37ac869d3e\pe'.
Parameter \DATA_WIDTH = 8
Parameter \ACC_WIDTH = 32
Found cached RTLIL representation for module `$paramod$8392c0aee371eac30cfcd917af9a6c37ac869d3e\pe'.
Parameter \DATA_WIDTH = 8
Parameter \ACC_WIDTH = 32
Found cached RTLIL representation for module `$paramod$8392c0aee371eac30cfcd917af9a6c37ac869d3e\pe'.
Parameter \DATA_WIDTH = 8
Parameter \ACC_WIDTH = 32
Found cached RTLIL representation for module `$paramod$8392c0aee371eac30cfcd917af9a6c37ac869d3e\pe'.
Parameter \DATA_WIDTH = 8
Parameter \ACC_WIDTH = 32
Found cached RTLIL representation for module `$paramod$8392c0aee371eac30cfcd917af9a6c37ac869d3e\pe'.
Parameter \DATA_WIDTH = 8
Parameter \ACC_WIDTH = 32
Found cached RTLIL representation for module `$paramod$8392c0aee371eac30cfcd917af9a6c37ac869d3e\pe'.
Parameter \DATA_WIDTH = 8
Parameter \ACC_WIDTH = 32
Found cached RTLIL representation for module `$paramod$8392c0aee371eac30cfcd917af9a6c37ac869d3e\pe'.
Parameter \DATA_WIDTH = 8
Parameter \ACC_WIDTH = 32
Found cached RTLIL representation for module `$paramod$8392c0aee371eac30cfcd917af9a6c37ac869d3e\pe'.
Parameter \DATA_WIDTH = 8
Parameter \ACC_WIDTH = 32
Found cached RTLIL representation for module `$paramod$8392c0aee371eac30cfcd917af9a6c37ac869d3e\pe'.
Parameter \DATA_WIDTH = 8
Parameter \ACC_WIDTH = 32
Found cached RTLIL representation for module `$paramod$8392c0aee371eac30cfcd917af9a6c37ac869d3e\pe'.
Parameter \ROWS = 8
Parameter \DATA_WIDTH = 8
Parameter \ACC_WIDTH = 32
Found cached RTLIL representation for module `$paramod$2d9d52210384a3dbb8614ce1c183f001b222b95a\pe_col'.
Parameter \ROWS = 8
Parameter \DATA_WIDTH = 8
Parameter \ACC_WIDTH = 32
Found cached RTLIL representation for module `$paramod$2d9d52210384a3dbb8614ce1c183f001b222b95a\pe_col'.
Parameter \ROWS = 8
Parameter \DATA_WIDTH = 8
Parameter \ACC_WIDTH = 32
Found cached RTLIL representation for module `$paramod$2d9d52210384a3dbb8614ce1c183f001b222b95a\pe_col'.
Parameter \ROWS = 8
Parameter \DATA_WIDTH = 8
Parameter \ACC_WIDTH = 32
Found cached RTLIL representation for module `$paramod$2d9d52210384a3dbb8614ce1c183f001b222b95a\pe_col'.
Parameter \ROWS = 8
Parameter \DATA_WIDTH = 8
Parameter \ACC_WIDTH = 32
Found cached RTLIL representation for module `$paramod$2d9d52210384a3dbb8614ce1c183f001b222b95a\pe_col'.
Parameter \ROWS = 8
Parameter \DATA_WIDTH = 8
Parameter \ACC_WIDTH = 32
Found cached RTLIL representation for module `$paramod$2d9d52210384a3dbb8614ce1c183f001b222b95a\pe_col'.
Parameter \ROWS = 8
Parameter \DATA_WIDTH = 8
Parameter \ACC_WIDTH = 32
Found cached RTLIL representation for module `$paramod$2d9d52210384a3dbb8614ce1c183f001b222b95a\pe_col'.
Parameter \ROWS = 8
Parameter \DATA_WIDTH = 8
Parameter \ACC_WIDTH = 32
Found cached RTLIL representation for module `$paramod$2d9d52210384a3dbb8614ce1c183f001b222b95a\pe_col'.

3.1.5. Analyzing design hierarchy..
Top module:  $paramod$8a1ba2cf01c95fdc0bf9d63d187ed5ed97eea327\array
Used module:     $paramod$2d9d52210384a3dbb8614ce1c183f001b222b95a\pe_col
Used module:         \pe
Parameter \DATA_WIDTH = 8
Parameter \ACC_WIDTH = 32
Found cached RTLIL representation for module `$paramod$8392c0aee371eac30cfcd917af9a6c37ac869d3e\pe'.
Parameter \DATA_WIDTH = 8
Parameter \ACC_WIDTH = 32
Found cached RTLIL representation for module `$paramod$8392c0aee371eac30cfcd917af9a6c37ac869d3e\pe'.
Parameter \DATA_WIDTH = 8
Parameter \ACC_WIDTH = 32
Found cached RTLIL representation for module `$paramod$8392c0aee371eac30cfcd917af9a6c37ac869d3e\pe'.
Parameter \DATA_WIDTH = 8
Parameter \ACC_WIDTH = 32
Found cached RTLIL representation for module `$paramod$8392c0aee371eac30cfcd917af9a6c37ac869d3e\pe'.
Parameter \DATA_WIDTH = 8
Parameter \ACC_WIDTH = 32
Found cached RTLIL representation for module `$paramod$8392c0aee371eac30cfcd917af9a6c37ac869d3e\pe'.
Parameter \DATA_WIDTH = 8
Parameter \ACC_WIDTH = 32
Found cached RTLIL representation for module `$paramod$8392c0aee371eac30cfcd917af9a6c37ac869d3e\pe'.
Parameter \DATA_WIDTH = 8
Parameter \ACC_WIDTH = 32
Found cached RTLIL representation for module `$paramod$8392c0aee371eac30cfcd917af9a6c37ac869d3e\pe'.
Parameter \DATA_WIDTH = 8
Parameter \ACC_WIDTH = 32
Found cached RTLIL representation for module `$paramod$8392c0aee371eac30cfcd917af9a6c37ac869d3e\pe'.

3.1.6. Analyzing design hierarchy..
Top module:  $paramod$8a1ba2cf01c95fdc0bf9d63d187ed5ed97eea327\array
Used module:     $paramod$2d9d52210384a3dbb8614ce1c183f001b222b95a\pe_col
Used module:         $paramod$8392c0aee371eac30cfcd917af9a6c37ac869d3e\pe

3.1.7. Analyzing design hierarchy..
Top module:  $paramod$8a1ba2cf01c95fdc0bf9d63d187ed5ed97eea327\array
Used module:     $paramod$2d9d52210384a3dbb8614ce1c183f001b222b95a\pe_col
Used module:         $paramod$8392c0aee371eac30cfcd917af9a6c37ac869d3e\pe
Removing unused module `\pe_col'.
Removing unused module `\pe'.
Removed 2 unused modules.

3.2. Executing PROC pass (convert processes to netlists).

3.2.1. Executing PROC_CLEAN pass (remove empty switches from decision trees).
Cleaned up 0 empty switches.

3.2.2. Executing PROC_RMDEAD pass (remove dead branches from decision trees).
Marked 2 switch rules as full_case in process $proc$results/sv2v_output.v:22$351 in module $paramod$8392c0aee371eac30cfcd917af9a6c37ac869d3e\pe.
Removed a total of 0 dead cases.

3.2.3. Executing PROC_PRUNE pass (remove redundant assignments in processes).
Removed 2 redundant assignments.
Promoted 81 assignments to connections.

3.2.4. Executing PROC_INIT pass (extract init attributes).

3.2.5. Executing PROC_ARST pass (detect async resets in processes).
Found async reset \rst_n in `$paramod$8392c0aee371eac30cfcd917af9a6c37ac869d3e\pe.$proc$results/sv2v_output.v:22$351'.

3.2.6. Executing PROC_ROM pass (convert switches to ROMs).
Converted 0 switches.
<suppressed ~1 debug messages>

3.2.7. Executing PROC_MUX pass (convert decision trees to multiplexers).
Creating decoders for process `$paramod$2d9d52210384a3dbb8614ce1c183f001b222b95a\pe_col.$proc$results/sv2v_output.v:73$475'.
Creating decoders for process `$paramod$2d9d52210384a3dbb8614ce1c183f001b222b95a\pe_col.$proc$results/sv2v_output.v:73$474'.
Creating decoders for process `$paramod$2d9d52210384a3dbb8614ce1c183f001b222b95a\pe_col.$proc$results/sv2v_output.v:73$473'.
Creating decoders for process `$paramod$2d9d52210384a3dbb8614ce1c183f001b222b95a\pe_col.$proc$results/sv2v_output.v:73$472'.
Creating decoders for process `$paramod$2d9d52210384a3dbb8614ce1c183f001b222b95a\pe_col.$proc$results/sv2v_output.v:73$471'.
Creating decoders for process `$paramod$2d9d52210384a3dbb8614ce1c183f001b222b95a\pe_col.$proc$results/sv2v_output.v:73$470'.
Creating decoders for process `$paramod$2d9d52210384a3dbb8614ce1c183f001b222b95a\pe_col.$proc$results/sv2v_output.v:73$469'.
Creating decoders for process `$paramod$2d9d52210384a3dbb8614ce1c183f001b222b95a\pe_col.$proc$results/sv2v_output.v:73$468'.
Creating decoders for process `$paramod$2d9d52210384a3dbb8614ce1c183f001b222b95a\pe_col.$proc$results/sv2v_output.v:58$467'.
Creating decoders for process `$paramod$8392c0aee371eac30cfcd917af9a6c37ac869d3e\pe.$proc$results/sv2v_output.v:22$351'.
     1/3: $0\data_out[7:0]
     2/3: $0\acc_out[31:0]
     3/3: $0\weight_r[7:0]
Creating decoders for process `$paramod$8a1ba2cf01c95fdc0bf9d63d187ed5ed97eea327\array.$proc$results/sv2v_output.v:118$571'.
Creating decoders for process `$paramod$8a1ba2cf01c95fdc0bf9d63d187ed5ed97eea327\array.$proc$results/sv2v_output.v:118$570'.
Creating decoders for process `$paramod$8a1ba2cf01c95fdc0bf9d63d187ed5ed97eea327\array.$proc$results/sv2v_output.v:118$569'.
Creating decoders for process `$paramod$8a1ba2cf01c95fdc0bf9d63d187ed5ed97eea327\array.$proc$results/sv2v_output.v:118$568'.
Creating decoders for process `$paramod$8a1ba2cf01c95fdc0bf9d63d187ed5ed97eea327\array.$proc$results/sv2v_output.v:118$567'.
Creating decoders for process `$paramod$8a1ba2cf01c95fdc0bf9d63d187ed5ed97eea327\array.$proc$results/sv2v_output.v:118$566'.
Creating decoders for process `$paramod$8a1ba2cf01c95fdc0bf9d63d187ed5ed97eea327\array.$proc$results/sv2v_output.v:118$565'.
Creating decoders for process `$paramod$8a1ba2cf01c95fdc0bf9d63d187ed5ed97eea327\array.$proc$results/sv2v_output.v:118$564'.
Creating decoders for process `$paramod$8a1ba2cf01c95fdc0bf9d63d187ed5ed97eea327\array.$proc$results/sv2v_output.v:118$563'.
Creating decoders for process `$paramod$8a1ba2cf01c95fdc0bf9d63d187ed5ed97eea327\array.$proc$results/sv2v_output.v:118$562'.
Creating decoders for process `$paramod$8a1ba2cf01c95fdc0bf9d63d187ed5ed97eea327\array.$proc$results/sv2v_output.v:118$561'.
Creating decoders for process `$paramod$8a1ba2cf01c95fdc0bf9d63d187ed5ed97eea327\array.$proc$results/sv2v_output.v:118$560'.
Creating decoders for process `$paramod$8a1ba2cf01c95fdc0bf9d63d187ed5ed97eea327\array.$proc$results/sv2v_output.v:118$559'.
Creating decoders for process `$paramod$8a1ba2cf01c95fdc0bf9d63d187ed5ed97eea327\array.$proc$results/sv2v_output.v:118$558'.
Creating decoders for process `$paramod$8a1ba2cf01c95fdc0bf9d63d187ed5ed97eea327\array.$proc$results/sv2v_output.v:118$557'.
Creating decoders for process `$paramod$8a1ba2cf01c95fdc0bf9d63d187ed5ed97eea327\array.$proc$results/sv2v_output.v:118$556'.
Creating decoders for process `$paramod$8a1ba2cf01c95fdc0bf9d63d187ed5ed97eea327\array.$proc$results/sv2v_output.v:118$555'.
Creating decoders for process `$paramod$8a1ba2cf01c95fdc0bf9d63d187ed5ed97eea327\array.$proc$results/sv2v_output.v:118$554'.
Creating decoders for process `$paramod$8a1ba2cf01c95fdc0bf9d63d187ed5ed97eea327\array.$proc$results/sv2v_output.v:118$553'.
Creating decoders for process `$paramod$8a1ba2cf01c95fdc0bf9d63d187ed5ed97eea327\array.$proc$results/sv2v_output.v:118$552'.
Creating decoders for process `$paramod$8a1ba2cf01c95fdc0bf9d63d187ed5ed97eea327\array.$proc$results/sv2v_output.v:118$551'.
Creating decoders for process `$paramod$8a1ba2cf01c95fdc0bf9d63d187ed5ed97eea327\array.$proc$results/sv2v_output.v:118$550'.
Creating decoders for process `$paramod$8a1ba2cf01c95fdc0bf9d63d187ed5ed97eea327\array.$proc$results/sv2v_output.v:118$549'.
Creating decoders for process `$paramod$8a1ba2cf01c95fdc0bf9d63d187ed5ed97eea327\array.$proc$results/sv2v_output.v:118$548'.
Creating decoders for process `$paramod$8a1ba2cf01c95fdc0bf9d63d187ed5ed97eea327\array.$proc$results/sv2v_output.v:118$547'.
Creating decoders for process `$paramod$8a1ba2cf01c95fdc0bf9d63d187ed5ed97eea327\array.$proc$results/sv2v_output.v:118$546'.
Creating decoders for process `$paramod$8a1ba2cf01c95fdc0bf9d63d187ed5ed97eea327\array.$proc$results/sv2v_output.v:118$545'.
Creating decoders for process `$paramod$8a1ba2cf01c95fdc0bf9d63d187ed5ed97eea327\array.$proc$results/sv2v_output.v:118$544'.
Creating decoders for process `$paramod$8a1ba2cf01c95fdc0bf9d63d187ed5ed97eea327\array.$proc$results/sv2v_output.v:118$543'.
Creating decoders for process `$paramod$8a1ba2cf01c95fdc0bf9d63d187ed5ed97eea327\array.$proc$results/sv2v_output.v:118$542'.
Creating decoders for process `$paramod$8a1ba2cf01c95fdc0bf9d63d187ed5ed97eea327\array.$proc$results/sv2v_output.v:118$541'.
Creating decoders for process `$paramod$8a1ba2cf01c95fdc0bf9d63d187ed5ed97eea327\array.$proc$results/sv2v_output.v:118$540'.
Creating decoders for process `$paramod$8a1ba2cf01c95fdc0bf9d63d187ed5ed97eea327\array.$proc$results/sv2v_output.v:118$539'.
Creating decoders for process `$paramod$8a1ba2cf01c95fdc0bf9d63d187ed5ed97eea327\array.$proc$results/sv2v_output.v:118$538'.
Creating decoders for process `$paramod$8a1ba2cf01c95fdc0bf9d63d187ed5ed97eea327\array.$proc$results/sv2v_output.v:118$537'.
Creating decoders for process `$paramod$8a1ba2cf01c95fdc0bf9d63d187ed5ed97eea327\array.$proc$results/sv2v_output.v:118$536'.
Creating decoders for process `$paramod$8a1ba2cf01c95fdc0bf9d63d187ed5ed97eea327\array.$proc$results/sv2v_output.v:118$535'.
Creating decoders for process `$paramod$8a1ba2cf01c95fdc0bf9d63d187ed5ed97eea327\array.$proc$results/sv2v_output.v:118$534'.
Creating decoders for process `$paramod$8a1ba2cf01c95fdc0bf9d63d187ed5ed97eea327\array.$proc$results/sv2v_output.v:118$533'.
Creating decoders for process `$paramod$8a1ba2cf01c95fdc0bf9d63d187ed5ed97eea327\array.$proc$results/sv2v_output.v:118$532'.
Creating decoders for process `$paramod$8a1ba2cf01c95fdc0bf9d63d187ed5ed97eea327\array.$proc$results/sv2v_output.v:118$531'.
Creating decoders for process `$paramod$8a1ba2cf01c95fdc0bf9d63d187ed5ed97eea327\array.$proc$results/sv2v_output.v:118$530'.
Creating decoders for process `$paramod$8a1ba2cf01c95fdc0bf9d63d187ed5ed97eea327\array.$proc$results/sv2v_output.v:118$529'.
Creating decoders for process `$paramod$8a1ba2cf01c95fdc0bf9d63d187ed5ed97eea327\array.$proc$results/sv2v_output.v:118$528'.
Creating decoders for process `$paramod$8a1ba2cf01c95fdc0bf9d63d187ed5ed97eea327\array.$proc$results/sv2v_output.v:118$527'.
Creating decoders for process `$paramod$8a1ba2cf01c95fdc0bf9d63d187ed5ed97eea327\array.$proc$results/sv2v_output.v:118$526'.
Creating decoders for process `$paramod$8a1ba2cf01c95fdc0bf9d63d187ed5ed97eea327\array.$proc$results/sv2v_output.v:118$525'.
Creating decoders for process `$paramod$8a1ba2cf01c95fdc0bf9d63d187ed5ed97eea327\array.$proc$results/sv2v_output.v:118$524'.
Creating decoders for process `$paramod$8a1ba2cf01c95fdc0bf9d63d187ed5ed97eea327\array.$proc$results/sv2v_output.v:118$523'.
Creating decoders for process `$paramod$8a1ba2cf01c95fdc0bf9d63d187ed5ed97eea327\array.$proc$results/sv2v_output.v:118$522'.
Creating decoders for process `$paramod$8a1ba2cf01c95fdc0bf9d63d187ed5ed97eea327\array.$proc$results/sv2v_output.v:118$521'.
Creating decoders for process `$paramod$8a1ba2cf01c95fdc0bf9d63d187ed5ed97eea327\array.$proc$results/sv2v_output.v:118$520'.
Creating decoders for process `$paramod$8a1ba2cf01c95fdc0bf9d63d187ed5ed97eea327\array.$proc$results/sv2v_output.v:118$519'.
Creating decoders for process `$paramod$8a1ba2cf01c95fdc0bf9d63d187ed5ed97eea327\array.$proc$results/sv2v_output.v:118$518'.
Creating decoders for process `$paramod$8a1ba2cf01c95fdc0bf9d63d187ed5ed97eea327\array.$proc$results/sv2v_output.v:118$517'.
Creating decoders for process `$paramod$8a1ba2cf01c95fdc0bf9d63d187ed5ed97eea327\array.$proc$results/sv2v_output.v:118$516'.
Creating decoders for process `$paramod$8a1ba2cf01c95fdc0bf9d63d187ed5ed97eea327\array.$proc$results/sv2v_output.v:118$515'.
Creating decoders for process `$paramod$8a1ba2cf01c95fdc0bf9d63d187ed5ed97eea327\array.$proc$results/sv2v_output.v:118$514'.
Creating decoders for process `$paramod$8a1ba2cf01c95fdc0bf9d63d187ed5ed97eea327\array.$proc$results/sv2v_output.v:118$513'.
Creating decoders for process `$paramod$8a1ba2cf01c95fdc0bf9d63d187ed5ed97eea327\array.$proc$results/sv2v_output.v:118$512'.
Creating decoders for process `$paramod$8a1ba2cf01c95fdc0bf9d63d187ed5ed97eea327\array.$proc$results/sv2v_output.v:118$511'.
Creating decoders for process `$paramod$8a1ba2cf01c95fdc0bf9d63d187ed5ed97eea327\array.$proc$results/sv2v_output.v:118$510'.
Creating decoders for process `$paramod$8a1ba2cf01c95fdc0bf9d63d187ed5ed97eea327\array.$proc$results/sv2v_output.v:118$509'.
Creating decoders for process `$paramod$8a1ba2cf01c95fdc0bf9d63d187ed5ed97eea327\array.$proc$results/sv2v_output.v:118$508'.
Creating decoders for process `$paramod$8a1ba2cf01c95fdc0bf9d63d187ed5ed97eea327\array.$proc$results/sv2v_output.v:104$507'.
Creating decoders for process `$paramod$8a1ba2cf01c95fdc0bf9d63d187ed5ed97eea327\array.$proc$results/sv2v_output.v:104$506'.
Creating decoders for process `$paramod$8a1ba2cf01c95fdc0bf9d63d187ed5ed97eea327\array.$proc$results/sv2v_output.v:104$505'.
Creating decoders for process `$paramod$8a1ba2cf01c95fdc0bf9d63d187ed5ed97eea327\array.$proc$results/sv2v_output.v:104$504'.
Creating decoders for process `$paramod$8a1ba2cf01c95fdc0bf9d63d187ed5ed97eea327\array.$proc$results/sv2v_output.v:104$503'.
Creating decoders for process `$paramod$8a1ba2cf01c95fdc0bf9d63d187ed5ed97eea327\array.$proc$results/sv2v_output.v:104$502'.
Creating decoders for process `$paramod$8a1ba2cf01c95fdc0bf9d63d187ed5ed97eea327\array.$proc$results/sv2v_output.v:104$501'.
Creating decoders for process `$paramod$8a1ba2cf01c95fdc0bf9d63d187ed5ed97eea327\array.$proc$results/sv2v_output.v:104$500'.

3.2.8. Executing PROC_DLATCH pass (convert process syncs to latches).
No latch inferred for signal `$paramod$2d9d52210384a3dbb8614ce1c183f001b222b95a\pe_col.\acc_wire[8]' from process `$paramod$2d9d52210384a3dbb8614ce1c183f001b222b95a\pe_col.$proc$results/sv2v_output.v:73$475'.
No latch inferred for signal `$paramod$2d9d52210384a3dbb8614ce1c183f001b222b95a\pe_col.\acc_wire[7]' from process `$paramod$2d9d52210384a3dbb8614ce1c183f001b222b95a\pe_col.$proc$results/sv2v_output.v:73$474'.
No latch inferred for signal `$paramod$2d9d52210384a3dbb8614ce1c183f001b222b95a\pe_col.\acc_wire[6]' from process `$paramod$2d9d52210384a3dbb8614ce1c183f001b222b95a\pe_col.$proc$results/sv2v_output.v:73$473'.
No latch inferred for signal `$paramod$2d9d52210384a3dbb8614ce1c183f001b222b95a\pe_col.\acc_wire[5]' from process `$paramod$2d9d52210384a3dbb8614ce1c183f001b222b95a\pe_col.$proc$results/sv2v_output.v:73$472'.
No latch inferred for signal `$paramod$2d9d52210384a3dbb8614ce1c183f001b222b95a\pe_col.\acc_wire[4]' from process `$paramod$2d9d52210384a3dbb8614ce1c183f001b222b95a\pe_col.$proc$results/sv2v_output.v:73$471'.
No latch inferred for signal `$paramod$2d9d52210384a3dbb8614ce1c183f001b222b95a\pe_col.\acc_wire[3]' from process `$paramod$2d9d52210384a3dbb8614ce1c183f001b222b95a\pe_col.$proc$results/sv2v_output.v:73$470'.
No latch inferred for signal `$paramod$2d9d52210384a3dbb8614ce1c183f001b222b95a\pe_col.\acc_wire[2]' from process `$paramod$2d9d52210384a3dbb8614ce1c183f001b222b95a\pe_col.$proc$results/sv2v_output.v:73$469'.
No latch inferred for signal `$paramod$2d9d52210384a3dbb8614ce1c183f001b222b95a\pe_col.\acc_wire[1]' from process `$paramod$2d9d52210384a3dbb8614ce1c183f001b222b95a\pe_col.$proc$results/sv2v_output.v:73$468'.
No latch inferred for signal `$paramod$2d9d52210384a3dbb8614ce1c183f001b222b95a\pe_col.\acc_wire[0]' from process `$paramod$2d9d52210384a3dbb8614ce1c183f001b222b95a\pe_col.$proc$results/sv2v_output.v:58$467'.
No latch inferred for signal `$paramod$8a1ba2cf01c95fdc0bf9d63d187ed5ed97eea327\array.\data_wire[71]' from process `$paramod$8a1ba2cf01c95fdc0bf9d63d187ed5ed97eea327\array.$proc$results/sv2v_output.v:118$571'.
No latch inferred for signal `$paramod$8a1ba2cf01c95fdc0bf9d63d187ed5ed97eea327\array.\data_wire[70]' from process `$paramod$8a1ba2cf01c95fdc0bf9d63d187ed5ed97eea327\array.$proc$results/sv2v_output.v:118$570'.
No latch inferred for signal `$paramod$8a1ba2cf01c95fdc0bf9d63d187ed5ed97eea327\array.\data_wire[69]' from process `$paramod$8a1ba2cf01c95fdc0bf9d63d187ed5ed97eea327\array.$proc$results/sv2v_output.v:118$569'.
No latch inferred for signal `$paramod$8a1ba2cf01c95fdc0bf9d63d187ed5ed97eea327\array.\data_wire[68]' from process `$paramod$8a1ba2cf01c95fdc0bf9d63d187ed5ed97eea327\array.$proc$results/sv2v_output.v:118$568'.
No latch inferred for signal `$paramod$8a1ba2cf01c95fdc0bf9d63d187ed5ed97eea327\array.\data_wire[67]' from process `$paramod$8a1ba2cf01c95fdc0bf9d63d187ed5ed97eea327\array.$proc$results/sv2v_output.v:118$567'.
No latch inferred for signal `$paramod$8a1ba2cf01c95fdc0bf9d63d187ed5ed97eea327\array.\data_wire[66]' from process `$paramod$8a1ba2cf01c95fdc0bf9d63d187ed5ed97eea327\array.$proc$results/sv2v_output.v:118$566'.
No latch inferred for signal `$paramod$8a1ba2cf01c95fdc0bf9d63d187ed5ed97eea327\array.\data_wire[65]' from process `$paramod$8a1ba2cf01c95fdc0bf9d63d187ed5ed97eea327\array.$proc$results/sv2v_output.v:118$565'.
No latch inferred for signal `$paramod$8a1ba2cf01c95fdc0bf9d63d187ed5ed97eea327\array.\data_wire[64]' from process `$paramod$8a1ba2cf01c95fdc0bf9d63d187ed5ed97eea327\array.$proc$results/sv2v_output.v:118$564'.
No latch inferred for signal `$paramod$8a1ba2cf01c95fdc0bf9d63d187ed5ed97eea327\array.\data_wire[63]' from process `$paramod$8a1ba2cf01c95fdc0bf9d63d187ed5ed97eea327\array.$proc$results/sv2v_output.v:118$563'.
No latch inferred for signal `$paramod$8a1ba2cf01c95fdc0bf9d63d187ed5ed97eea327\array.\data_wire[62]' from process `$paramod$8a1ba2cf01c95fdc0bf9d63d187ed5ed97eea327\array.$proc$results/sv2v_output.v:118$562'.
No latch inferred for signal `$paramod$8a1ba2cf01c95fdc0bf9d63d187ed5ed97eea327\array.\data_wire[61]' from process `$paramod$8a1ba2cf01c95fdc0bf9d63d187ed5ed97eea327\array.$proc$results/sv2v_output.v:118$561'.
No latch inferred for signal `$paramod$8a1ba2cf01c95fdc0bf9d63d187ed5ed97eea327\array.\data_wire[60]' from process `$paramod$8a1ba2cf01c95fdc0bf9d63d187ed5ed97eea327\array.$proc$results/sv2v_output.v:118$560'.
No latch inferred for signal `$paramod$8a1ba2cf01c95fdc0bf9d63d187ed5ed97eea327\array.\data_wire[59]' from process `$paramod$8a1ba2cf01c95fdc0bf9d63d187ed5ed97eea327\array.$proc$results/sv2v_output.v:118$559'.
No latch inferred for signal `$paramod$8a1ba2cf01c95fdc0bf9d63d187ed5ed97eea327\array.\data_wire[58]' from process `$paramod$8a1ba2cf01c95fdc0bf9d63d187ed5ed97eea327\array.$proc$results/sv2v_output.v:118$558'.
No latch inferred for signal `$paramod$8a1ba2cf01c95fdc0bf9d63d187ed5ed97eea327\array.\data_wire[57]' from process `$paramod$8a1ba2cf01c95fdc0bf9d63d187ed5ed97eea327\array.$proc$results/sv2v_output.v:118$557'.
No latch inferred for signal `$paramod$8a1ba2cf01c95fdc0bf9d63d187ed5ed97eea327\array.\data_wire[56]' from process `$paramod$8a1ba2cf01c95fdc0bf9d63d187ed5ed97eea327\array.$proc$results/sv2v_output.v:118$556'.
No latch inferred for signal `$paramod$8a1ba2cf01c95fdc0bf9d63d187ed5ed97eea327\array.\data_wire[55]' from process `$paramod$8a1ba2cf01c95fdc0bf9d63d187ed5ed97eea327\array.$proc$results/sv2v_output.v:118$555'.
No latch inferred for signal `$paramod$8a1ba2cf01c95fdc0bf9d63d187ed5ed97eea327\array.\data_wire[54]' from process `$paramod$8a1ba2cf01c95fdc0bf9d63d187ed5ed97eea327\array.$proc$results/sv2v_output.v:118$554'.
No latch inferred for signal `$paramod$8a1ba2cf01c95fdc0bf9d63d187ed5ed97eea327\array.\data_wire[53]' from process `$paramod$8a1ba2cf01c95fdc0bf9d63d187ed5ed97eea327\array.$proc$results/sv2v_output.v:118$553'.
No latch inferred for signal `$paramod$8a1ba2cf01c95fdc0bf9d63d187ed5ed97eea327\array.\data_wire[52]' from process `$paramod$8a1ba2cf01c95fdc0bf9d63d187ed5ed97eea327\array.$proc$results/sv2v_output.v:118$552'.
No latch inferred for signal `$paramod$8a1ba2cf01c95fdc0bf9d63d187ed5ed97eea327\array.\data_wire[51]' from process `$paramod$8a1ba2cf01c95fdc0bf9d63d187ed5ed97eea327\array.$proc$results/sv2v_output.v:118$551'.
No latch inferred for signal `$paramod$8a1ba2cf01c95fdc0bf9d63d187ed5ed97eea327\array.\data_wire[50]' from process `$paramod$8a1ba2cf01c95fdc0bf9d63d187ed5ed97eea327\array.$proc$results/sv2v_output.v:118$550'.
No latch inferred for signal `$paramod$8a1ba2cf01c95fdc0bf9d63d187ed5ed97eea327\array.\data_wire[49]' from process `$paramod$8a1ba2cf01c95fdc0bf9d63d187ed5ed97eea327\array.$proc$results/sv2v_output.v:118$549'.
No latch inferred for signal `$paramod$8a1ba2cf01c95fdc0bf9d63d187ed5ed97eea327\array.\data_wire[48]' from process `$paramod$8a1ba2cf01c95fdc0bf9d63d187ed5ed97eea327\array.$proc$results/sv2v_output.v:118$548'.
No latch inferred for signal `$paramod$8a1ba2cf01c95fdc0bf9d63d187ed5ed97eea327\array.\data_wire[47]' from process `$paramod$8a1ba2cf01c95fdc0bf9d63d187ed5ed97eea327\array.$proc$results/sv2v_output.v:118$547'.
No latch inferred for signal `$paramod$8a1ba2cf01c95fdc0bf9d63d187ed5ed97eea327\array.\data_wire[46]' from process `$paramod$8a1ba2cf01c95fdc0bf9d63d187ed5ed97eea327\array.$proc$results/sv2v_output.v:118$546'.
No latch inferred for signal `$paramod$8a1ba2cf01c95fdc0bf9d63d187ed5ed97eea327\array.\data_wire[45]' from process `$paramod$8a1ba2cf01c95fdc0bf9d63d187ed5ed97eea327\array.$proc$results/sv2v_output.v:118$545'.
No latch inferred for signal `$paramod$8a1ba2cf01c95fdc0bf9d63d187ed5ed97eea327\array.\data_wire[44]' from process `$paramod$8a1ba2cf01c95fdc0bf9d63d187ed5ed97eea327\array.$proc$results/sv2v_output.v:118$544'.
No latch inferred for signal `$paramod$8a1ba2cf01c95fdc0bf9d63d187ed5ed97eea327\array.\data_wire[43]' from process `$paramod$8a1ba2cf01c95fdc0bf9d63d187ed5ed97eea327\array.$proc$results/sv2v_output.v:118$543'.
No latch inferred for signal `$paramod$8a1ba2cf01c95fdc0bf9d63d187ed5ed97eea327\array.\data_wire[42]' from process `$paramod$8a1ba2cf01c95fdc0bf9d63d187ed5ed97eea327\array.$proc$results/sv2v_output.v:118$542'.
No latch inferred for signal `$paramod$8a1ba2cf01c95fdc0bf9d63d187ed5ed97eea327\array.\data_wire[41]' from process `$paramod$8a1ba2cf01c95fdc0bf9d63d187ed5ed97eea327\array.$proc$results/sv2v_output.v:118$541'.
No latch inferred for signal `$paramod$8a1ba2cf01c95fdc0bf9d63d187ed5ed97eea327\array.\data_wire[40]' from process `$paramod$8a1ba2cf01c95fdc0bf9d63d187ed5ed97eea327\array.$proc$results/sv2v_output.v:118$540'.
No latch inferred for signal `$paramod$8a1ba2cf01c95fdc0bf9d63d187ed5ed97eea327\array.\data_wire[39]' from process `$paramod$8a1ba2cf01c95fdc0bf9d63d187ed5ed97eea327\array.$proc$results/sv2v_output.v:118$539'.
No latch inferred for signal `$paramod$8a1ba2cf01c95fdc0bf9d63d187ed5ed97eea327\array.\data_wire[38]' from process `$paramod$8a1ba2cf01c95fdc0bf9d63d187ed5ed97eea327\array.$proc$results/sv2v_output.v:118$538'.
No latch inferred for signal `$paramod$8a1ba2cf01c95fdc0bf9d63d187ed5ed97eea327\array.\data_wire[37]' from process `$paramod$8a1ba2cf01c95fdc0bf9d63d187ed5ed97eea327\array.$proc$results/sv2v_output.v:118$537'.
No latch inferred for signal `$paramod$8a1ba2cf01c95fdc0bf9d63d187ed5ed97eea327\array.\data_wire[36]' from process `$paramod$8a1ba2cf01c95fdc0bf9d63d187ed5ed97eea327\array.$proc$results/sv2v_output.v:118$536'.
No latch inferred for signal `$paramod$8a1ba2cf01c95fdc0bf9d63d187ed5ed97eea327\array.\data_wire[35]' from process `$paramod$8a1ba2cf01c95fdc0bf9d63d187ed5ed97eea327\array.$proc$results/sv2v_output.v:118$535'.
No latch inferred for signal `$paramod$8a1ba2cf01c95fdc0bf9d63d187ed5ed97eea327\array.\data_wire[34]' from process `$paramod$8a1ba2cf01c95fdc0bf9d63d187ed5ed97eea327\array.$proc$results/sv2v_output.v:118$534'.
No latch inferred for signal `$paramod$8a1ba2cf01c95fdc0bf9d63d187ed5ed97eea327\array.\data_wire[33]' from process `$paramod$8a1ba2cf01c95fdc0bf9d63d187ed5ed97eea327\array.$proc$results/sv2v_output.v:118$533'.
No latch inferred for signal `$paramod$8a1ba2cf01c95fdc0bf9d63d187ed5ed97eea327\array.\data_wire[32]' from process `$paramod$8a1ba2cf01c95fdc0bf9d63d187ed5ed97eea327\array.$proc$results/sv2v_output.v:118$532'.
No latch inferred for signal `$paramod$8a1ba2cf01c95fdc0bf9d63d187ed5ed97eea327\array.\data_wire[31]' from process `$paramod$8a1ba2cf01c95fdc0bf9d63d187ed5ed97eea327\array.$proc$results/sv2v_output.v:118$531'.
No latch inferred for signal `$paramod$8a1ba2cf01c95fdc0bf9d63d187ed5ed97eea327\array.\data_wire[30]' from process `$paramod$8a1ba2cf01c95fdc0bf9d63d187ed5ed97eea327\array.$proc$results/sv2v_output.v:118$530'.
No latch inferred for signal `$paramod$8a1ba2cf01c95fdc0bf9d63d187ed5ed97eea327\array.\data_wire[29]' from process `$paramod$8a1ba2cf01c95fdc0bf9d63d187ed5ed97eea327\array.$proc$results/sv2v_output.v:118$529'.
No latch inferred for signal `$paramod$8a1ba2cf01c95fdc0bf9d63d187ed5ed97eea327\array.\data_wire[28]' from process `$paramod$8a1ba2cf01c95fdc0bf9d63d187ed5ed97eea327\array.$proc$results/sv2v_output.v:118$528'.
No latch inferred for signal `$paramod$8a1ba2cf01c95fdc0bf9d63d187ed5ed97eea327\array.\data_wire[27]' from process `$paramod$8a1ba2cf01c95fdc0bf9d63d187ed5ed97eea327\array.$proc$results/sv2v_output.v:118$527'.
No latch inferred for signal `$paramod$8a1ba2cf01c95fdc0bf9d63d187ed5ed97eea327\array.\data_wire[26]' from process `$paramod$8a1ba2cf01c95fdc0bf9d63d187ed5ed97eea327\array.$proc$results/sv2v_output.v:118$526'.
No latch inferred for signal `$paramod$8a1ba2cf01c95fdc0bf9d63d187ed5ed97eea327\array.\data_wire[25]' from process `$paramod$8a1ba2cf01c95fdc0bf9d63d187ed5ed97eea327\array.$proc$results/sv2v_output.v:118$525'.
No latch inferred for signal `$paramod$8a1ba2cf01c95fdc0bf9d63d187ed5ed97eea327\array.\data_wire[24]' from process `$paramod$8a1ba2cf01c95fdc0bf9d63d187ed5ed97eea327\array.$proc$results/sv2v_output.v:118$524'.
No latch inferred for signal `$paramod$8a1ba2cf01c95fdc0bf9d63d187ed5ed97eea327\array.\data_wire[23]' from process `$paramod$8a1ba2cf01c95fdc0bf9d63d187ed5ed97eea327\array.$proc$results/sv2v_output.v:118$523'.
No latch inferred for signal `$paramod$8a1ba2cf01c95fdc0bf9d63d187ed5ed97eea327\array.\data_wire[22]' from process `$paramod$8a1ba2cf01c95fdc0bf9d63d187ed5ed97eea327\array.$proc$results/sv2v_output.v:118$522'.
No latch inferred for signal `$paramod$8a1ba2cf01c95fdc0bf9d63d187ed5ed97eea327\array.\data_wire[21]' from process `$paramod$8a1ba2cf01c95fdc0bf9d63d187ed5ed97eea327\array.$proc$results/sv2v_output.v:118$521'.
No latch inferred for signal `$paramod$8a1ba2cf01c95fdc0bf9d63d187ed5ed97eea327\array.\data_wire[20]' from process `$paramod$8a1ba2cf01c95fdc0bf9d63d187ed5ed97eea327\array.$proc$results/sv2v_output.v:118$520'.
No latch inferred for signal `$paramod$8a1ba2cf01c95fdc0bf9d63d187ed5ed97eea327\array.\data_wire[19]' from process `$paramod$8a1ba2cf01c95fdc0bf9d63d187ed5ed97eea327\array.$proc$results/sv2v_output.v:118$519'.
No latch inferred for signal `$paramod$8a1ba2cf01c95fdc0bf9d63d187ed5ed97eea327\array.\data_wire[18]' from process `$paramod$8a1ba2cf01c95fdc0bf9d63d187ed5ed97eea327\array.$proc$results/sv2v_output.v:118$518'.
No latch inferred for signal `$paramod$8a1ba2cf01c95fdc0bf9d63d187ed5ed97eea327\array.\data_wire[17]' from process `$paramod$8a1ba2cf01c95fdc0bf9d63d187ed5ed97eea327\array.$proc$results/sv2v_output.v:118$517'.
No latch inferred for signal `$paramod$8a1ba2cf01c95fdc0bf9d63d187ed5ed97eea327\array.\data_wire[16]' from process `$paramod$8a1ba2cf01c95fdc0bf9d63d187ed5ed97eea327\array.$proc$results/sv2v_output.v:118$516'.
No latch inferred for signal `$paramod$8a1ba2cf01c95fdc0bf9d63d187ed5ed97eea327\array.\data_wire[15]' from process `$paramod$8a1ba2cf01c95fdc0bf9d63d187ed5ed97eea327\array.$proc$results/sv2v_output.v:118$515'.
No latch inferred for signal `$paramod$8a1ba2cf01c95fdc0bf9d63d187ed5ed97eea327\array.\data_wire[14]' from process `$paramod$8a1ba2cf01c95fdc0bf9d63d187ed5ed97eea327\array.$proc$results/sv2v_output.v:118$514'.
No latch inferred for signal `$paramod$8a1ba2cf01c95fdc0bf9d63d187ed5ed97eea327\array.\data_wire[13]' from process `$paramod$8a1ba2cf01c95fdc0bf9d63d187ed5ed97eea327\array.$proc$results/sv2v_output.v:118$513'.
No latch inferred for signal `$paramod$8a1ba2cf01c95fdc0bf9d63d187ed5ed97eea327\array.\data_wire[12]' from process `$paramod$8a1ba2cf01c95fdc0bf9d63d187ed5ed97eea327\array.$proc$results/sv2v_output.v:118$512'.
No latch inferred for signal `$paramod$8a1ba2cf01c95fdc0bf9d63d187ed5ed97eea327\array.\data_wire[11]' from process `$paramod$8a1ba2cf01c95fdc0bf9d63d187ed5ed97eea327\array.$proc$results/sv2v_output.v:118$511'.
No latch inferred for signal `$paramod$8a1ba2cf01c95fdc0bf9d63d187ed5ed97eea327\array.\data_wire[10]' from process `$paramod$8a1ba2cf01c95fdc0bf9d63d187ed5ed97eea327\array.$proc$results/sv2v_output.v:118$510'.
No latch inferred for signal `$paramod$8a1ba2cf01c95fdc0bf9d63d187ed5ed97eea327\array.\data_wire[9]' from process `$paramod$8a1ba2cf01c95fdc0bf9d63d187ed5ed97eea327\array.$proc$results/sv2v_output.v:118$509'.
No latch inferred for signal `$paramod$8a1ba2cf01c95fdc0bf9d63d187ed5ed97eea327\array.\data_wire[8]' from process `$paramod$8a1ba2cf01c95fdc0bf9d63d187ed5ed97eea327\array.$proc$results/sv2v_output.v:118$508'.
No latch inferred for signal `$paramod$8a1ba2cf01c95fdc0bf9d63d187ed5ed97eea327\array.\data_wire[7]' from process `$paramod$8a1ba2cf01c95fdc0bf9d63d187ed5ed97eea327\array.$proc$results/sv2v_output.v:104$507'.
No latch inferred for signal `$paramod$8a1ba2cf01c95fdc0bf9d63d187ed5ed97eea327\array.\data_wire[6]' from process `$paramod$8a1ba2cf01c95fdc0bf9d63d187ed5ed97eea327\array.$proc$results/sv2v_output.v:104$506'.
No latch inferred for signal `$paramod$8a1ba2cf01c95fdc0bf9d63d187ed5ed97eea327\array.\data_wire[5]' from process `$paramod$8a1ba2cf01c95fdc0bf9d63d187ed5ed97eea327\array.$proc$results/sv2v_output.v:104$505'.
No latch inferred for signal `$paramod$8a1ba2cf01c95fdc0bf9d63d187ed5ed97eea327\array.\data_wire[4]' from process `$paramod$8a1ba2cf01c95fdc0bf9d63d187ed5ed97eea327\array.$proc$results/sv2v_output.v:104$504'.
No latch inferred for signal `$paramod$8a1ba2cf01c95fdc0bf9d63d187ed5ed97eea327\array.\data_wire[3]' from process `$paramod$8a1ba2cf01c95fdc0bf9d63d187ed5ed97eea327\array.$proc$results/sv2v_output.v:104$503'.
No latch inferred for signal `$paramod$8a1ba2cf01c95fdc0bf9d63d187ed5ed97eea327\array.\data_wire[2]' from process `$paramod$8a1ba2cf01c95fdc0bf9d63d187ed5ed97eea327\array.$proc$results/sv2v_output.v:104$502'.
No latch inferred for signal `$paramod$8a1ba2cf01c95fdc0bf9d63d187ed5ed97eea327\array.\data_wire[1]' from process `$paramod$8a1ba2cf01c95fdc0bf9d63d187ed5ed97eea327\array.$proc$results/sv2v_output.v:104$501'.
No latch inferred for signal `$paramod$8a1ba2cf01c95fdc0bf9d63d187ed5ed97eea327\array.\data_wire[0]' from process `$paramod$8a1ba2cf01c95fdc0bf9d63d187ed5ed97eea327\array.$proc$results/sv2v_output.v:104$500'.

3.2.9. Executing PROC_DFF pass (convert process syncs to FFs).
Creating register for signal `$paramod$8392c0aee371eac30cfcd917af9a6c37ac869d3e\pe.\data_out' using process `$paramod$8392c0aee371eac30cfcd917af9a6c37ac869d3e\pe.$proc$results/sv2v_output.v:22$351'.
  created $adff cell `$procdff$585' with positive edge clock and positive level reset.
Creating register for signal `$paramod$8392c0aee371eac30cfcd917af9a6c37ac869d3e\pe.\acc_out' using process `$paramod$8392c0aee371eac30cfcd917af9a6c37ac869d3e\pe.$proc$results/sv2v_output.v:22$351'.
  created $adff cell `$procdff$590' with positive edge clock and positive level reset.
Creating register for signal `$paramod$8392c0aee371eac30cfcd917af9a6c37ac869d3e\pe.\weight_r' using process `$paramod$8392c0aee371eac30cfcd917af9a6c37ac869d3e\pe.$proc$results/sv2v_output.v:22$351'.
  created $adff cell `$procdff$595' with positive edge clock and positive level reset.

3.2.10. Executing PROC_MEMWR pass (convert process memory writes to cells).

3.2.11. Executing PROC_CLEAN pass (remove empty switches from decision trees).
Removing empty process `$paramod$2d9d52210384a3dbb8614ce1c183f001b222b95a\pe_col.$proc$results/sv2v_output.v:73$475'.
Removing empty process `$paramod$2d9d52210384a3dbb8614ce1c183f001b222b95a\pe_col.$proc$results/sv2v_output.v:73$474'.
Removing empty process `$paramod$2d9d52210384a3dbb8614ce1c183f001b222b95a\pe_col.$proc$results/sv2v_output.v:73$473'.
Removing empty process `$paramod$2d9d52210384a3dbb8614ce1c183f001b222b95a\pe_col.$proc$results/sv2v_output.v:73$472'.
Removing empty process `$paramod$2d9d52210384a3dbb8614ce1c183f001b222b95a\pe_col.$proc$results/sv2v_output.v:73$471'.
Removing empty process `$paramod$2d9d52210384a3dbb8614ce1c183f001b222b95a\pe_col.$proc$results/sv2v_output.v:73$470'.
Removing empty process `$paramod$2d9d52210384a3dbb8614ce1c183f001b222b95a\pe_col.$proc$results/sv2v_output.v:73$469'.
Removing empty process `$paramod$2d9d52210384a3dbb8614ce1c183f001b222b95a\pe_col.$proc$results/sv2v_output.v:73$468'.
Removing empty process `$paramod$2d9d52210384a3dbb8614ce1c183f001b222b95a\pe_col.$proc$results/sv2v_output.v:58$467'.
Found and cleaned up 1 empty switch in `$paramod$8392c0aee371eac30cfcd917af9a6c37ac869d3e\pe.$proc$results/sv2v_output.v:22$351'.
Removing empty process `$paramod$8392c0aee371eac30cfcd917af9a6c37ac869d3e\pe.$proc$results/sv2v_output.v:22$351'.
Removing empty process `$paramod$8a1ba2cf01c95fdc0bf9d63d187ed5ed97eea327\array.$proc$results/sv2v_output.v:118$571'.
Removing empty process `$paramod$8a1ba2cf01c95fdc0bf9d63d187ed5ed97eea327\array.$proc$results/sv2v_output.v:118$570'.
Removing empty process `$paramod$8a1ba2cf01c95fdc0bf9d63d187ed5ed97eea327\array.$proc$results/sv2v_output.v:118$569'.
Removing empty process `$paramod$8a1ba2cf01c95fdc0bf9d63d187ed5ed97eea327\array.$proc$results/sv2v_output.v:118$568'.
Removing empty process `$paramod$8a1ba2cf01c95fdc0bf9d63d187ed5ed97eea327\array.$proc$results/sv2v_output.v:118$567'.
Removing empty process `$paramod$8a1ba2cf01c95fdc0bf9d63d187ed5ed97eea327\array.$proc$results/sv2v_output.v:118$566'.
Removing empty process `$paramod$8a1ba2cf01c95fdc0bf9d63d187ed5ed97eea327\array.$proc$results/sv2v_output.v:118$565'.
Removing empty process `$paramod$8a1ba2cf01c95fdc0bf9d63d187ed5ed97eea327\array.$proc$results/sv2v_output.v:118$564'.
Removing empty process `$paramod$8a1ba2cf01c95fdc0bf9d63d187ed5ed97eea327\array.$proc$results/sv2v_output.v:118$563'.
Removing empty process `$paramod$8a1ba2cf01c95fdc0bf9d63d187ed5ed97eea327\array.$proc$results/sv2v_output.v:118$562'.
Removing empty process `$paramod$8a1ba2cf01c95fdc0bf9d63d187ed5ed97eea327\array.$proc$results/sv2v_output.v:118$561'.
Removing empty process `$paramod$8a1ba2cf01c95fdc0bf9d63d187ed5ed97eea327\array.$proc$results/sv2v_output.v:118$560'.
Removing empty process `$paramod$8a1ba2cf01c95fdc0bf9d63d187ed5ed97eea327\array.$proc$results/sv2v_output.v:118$559'.
Removing empty process `$paramod$8a1ba2cf01c95fdc0bf9d63d187ed5ed97eea327\array.$proc$results/sv2v_output.v:118$558'.
Removing empty process `$paramod$8a1ba2cf01c95fdc0bf9d63d187ed5ed97eea327\array.$proc$results/sv2v_output.v:118$557'.
Removing empty process `$paramod$8a1ba2cf01c95fdc0bf9d63d187ed5ed97eea327\array.$proc$results/sv2v_output.v:118$556'.
Removing empty process `$paramod$8a1ba2cf01c95fdc0bf9d63d187ed5ed97eea327\array.$proc$results/sv2v_output.v:118$555'.
Removing empty process `$paramod$8a1ba2cf01c95fdc0bf9d63d187ed5ed97eea327\array.$proc$results/sv2v_output.v:118$554'.
Removing empty process `$paramod$8a1ba2cf01c95fdc0bf9d63d187ed5ed97eea327\array.$proc$results/sv2v_output.v:118$553'.
Removing empty process `$paramod$8a1ba2cf01c95fdc0bf9d63d187ed5ed97eea327\array.$proc$results/sv2v_output.v:118$552'.
Removing empty process `$paramod$8a1ba2cf01c95fdc0bf9d63d187ed5ed97eea327\array.$proc$results/sv2v_output.v:118$551'.
Removing empty process `$paramod$8a1ba2cf01c95fdc0bf9d63d187ed5ed97eea327\array.$proc$results/sv2v_output.v:118$550'.
Removing empty process `$paramod$8a1ba2cf01c95fdc0bf9d63d187ed5ed97eea327\array.$proc$results/sv2v_output.v:118$549'.
Removing empty process `$paramod$8a1ba2cf01c95fdc0bf9d63d187ed5ed97eea327\array.$proc$results/sv2v_output.v:118$548'.
Removing empty process `$paramod$8a1ba2cf01c95fdc0bf9d63d187ed5ed97eea327\array.$proc$results/sv2v_output.v:118$547'.
Removing empty process `$paramod$8a1ba2cf01c95fdc0bf9d63d187ed5ed97eea327\array.$proc$results/sv2v_output.v:118$546'.
Removing empty process `$paramod$8a1ba2cf01c95fdc0bf9d63d187ed5ed97eea327\array.$proc$results/sv2v_output.v:118$545'.
Removing empty process `$paramod$8a1ba2cf01c95fdc0bf9d63d187ed5ed97eea327\array.$proc$results/sv2v_output.v:118$544'.
Removing empty process `$paramod$8a1ba2cf01c95fdc0bf9d63d187ed5ed97eea327\array.$proc$results/sv2v_output.v:118$543'.
Removing empty process `$paramod$8a1ba2cf01c95fdc0bf9d63d187ed5ed97eea327\array.$proc$results/sv2v_output.v:118$542'.
Removing empty process `$paramod$8a1ba2cf01c95fdc0bf9d63d187ed5ed97eea327\array.$proc$results/sv2v_output.v:118$541'.
Removing empty process `$paramod$8a1ba2cf01c95fdc0bf9d63d187ed5ed97eea327\array.$proc$results/sv2v_output.v:118$540'.
Removing empty process `$paramod$8a1ba2cf01c95fdc0bf9d63d187ed5ed97eea327\array.$proc$results/sv2v_output.v:118$539'.
Removing empty process `$paramod$8a1ba2cf01c95fdc0bf9d63d187ed5ed97eea327\array.$proc$results/sv2v_output.v:118$538'.
Removing empty process `$paramod$8a1ba2cf01c95fdc0bf9d63d187ed5ed97eea327\array.$proc$results/sv2v_output.v:118$537'.
Removing empty process `$paramod$8a1ba2cf01c95fdc0bf9d63d187ed5ed97eea327\array.$proc$results/sv2v_output.v:118$536'.
Removing empty process `$paramod$8a1ba2cf01c95fdc0bf9d63d187ed5ed97eea327\array.$proc$results/sv2v_output.v:118$535'.
Removing empty process `$paramod$8a1ba2cf01c95fdc0bf9d63d187ed5ed97eea327\array.$proc$results/sv2v_output.v:118$534'.
Removing empty process `$paramod$8a1ba2cf01c95fdc0bf9d63d187ed5ed97eea327\array.$proc$results/sv2v_output.v:118$533'.
Removing empty process `$paramod$8a1ba2cf01c95fdc0bf9d63d187ed5ed97eea327\array.$proc$results/sv2v_output.v:118$532'.
Removing empty process `$paramod$8a1ba2cf01c95fdc0bf9d63d187ed5ed97eea327\array.$proc$results/sv2v_output.v:118$531'.
Removing empty process `$paramod$8a1ba2cf01c95fdc0bf9d63d187ed5ed97eea327\array.$proc$results/sv2v_output.v:118$530'.
Removing empty process `$paramod$8a1ba2cf01c95fdc0bf9d63d187ed5ed97eea327\array.$proc$results/sv2v_output.v:118$529'.
Removing empty process `$paramod$8a1ba2cf01c95fdc0bf9d63d187ed5ed97eea327\array.$proc$results/sv2v_output.v:118$528'.
Removing empty process `$paramod$8a1ba2cf01c95fdc0bf9d63d187ed5ed97eea327\array.$proc$results/sv2v_output.v:118$527'.
Removing empty process `$paramod$8a1ba2cf01c95fdc0bf9d63d187ed5ed97eea327\array.$proc$results/sv2v_output.v:118$526'.
Removing empty process `$paramod$8a1ba2cf01c95fdc0bf9d63d187ed5ed97eea327\array.$proc$results/sv2v_output.v:118$525'.
Removing empty process `$paramod$8a1ba2cf01c95fdc0bf9d63d187ed5ed97eea327\array.$proc$results/sv2v_output.v:118$524'.
Removing empty process `$paramod$8a1ba2cf01c95fdc0bf9d63d187ed5ed97eea327\array.$proc$results/sv2v_output.v:118$523'.
Removing empty process `$paramod$8a1ba2cf01c95fdc0bf9d63d187ed5ed97eea327\array.$proc$results/sv2v_output.v:118$522'.
Removing empty process `$paramod$8a1ba2cf01c95fdc0bf9d63d187ed5ed97eea327\array.$proc$results/sv2v_output.v:118$521'.
Removing empty process `$paramod$8a1ba2cf01c95fdc0bf9d63d187ed5ed97eea327\array.$proc$results/sv2v_output.v:118$520'.
Removing empty process `$paramod$8a1ba2cf01c95fdc0bf9d63d187ed5ed97eea327\array.$proc$results/sv2v_output.v:118$519'.
Removing empty process `$paramod$8a1ba2cf01c95fdc0bf9d63d187ed5ed97eea327\array.$proc$results/sv2v_output.v:118$518'.
Removing empty process `$paramod$8a1ba2cf01c95fdc0bf9d63d187ed5ed97eea327\array.$proc$results/sv2v_output.v:118$517'.
Removing empty process `$paramod$8a1ba2cf01c95fdc0bf9d63d187ed5ed97eea327\array.$proc$results/sv2v_output.v:118$516'.
Removing empty process `$paramod$8a1ba2cf01c95fdc0bf9d63d187ed5ed97eea327\array.$proc$results/sv2v_output.v:118$515'.
Removing empty process `$paramod$8a1ba2cf01c95fdc0bf9d63d187ed5ed97eea327\array.$proc$results/sv2v_output.v:118$514'.
Removing empty process `$paramod$8a1ba2cf01c95fdc0bf9d63d187ed5ed97eea327\array.$proc$results/sv2v_output.v:118$513'.
Removing empty process `$paramod$8a1ba2cf01c95fdc0bf9d63d187ed5ed97eea327\array.$proc$results/sv2v_output.v:118$512'.
Removing empty process `$paramod$8a1ba2cf01c95fdc0bf9d63d187ed5ed97eea327\array.$proc$results/sv2v_output.v:118$511'.
Removing empty process `$paramod$8a1ba2cf01c95fdc0bf9d63d187ed5ed97eea327\array.$proc$results/sv2v_output.v:118$510'.
Removing empty process `$paramod$8a1ba2cf01c95fdc0bf9d63d187ed5ed97eea327\array.$proc$results/sv2v_output.v:118$509'.
Removing empty process `$paramod$8a1ba2cf01c95fdc0bf9d63d187ed5ed97eea327\array.$proc$results/sv2v_output.v:118$508'.
Removing empty process `$paramod$8a1ba2cf01c95fdc0bf9d63d187ed5ed97eea327\array.$proc$results/sv2v_output.v:104$507'.
Removing empty process `$paramod$8a1ba2cf01c95fdc0bf9d63d187ed5ed97eea327\array.$proc$results/sv2v_output.v:104$506'.
Removing empty process `$paramod$8a1ba2cf01c95fdc0bf9d63d187ed5ed97eea327\array.$proc$results/sv2v_output.v:104$505'.
Removing empty process `$paramod$8a1ba2cf01c95fdc0bf9d63d187ed5ed97eea327\array.$proc$results/sv2v_output.v:104$504'.
Removing empty process `$paramod$8a1ba2cf01c95fdc0bf9d63d187ed5ed97eea327\array.$proc$results/sv2v_output.v:104$503'.
Removing empty process `$paramod$8a1ba2cf01c95fdc0bf9d63d187ed5ed97eea327\array.$proc$results/sv2v_output.v:104$502'.
Removing empty process `$paramod$8a1ba2cf01c95fdc0bf9d63d187ed5ed97eea327\array.$proc$results/sv2v_output.v:104$501'.
Removing empty process `$paramod$8a1ba2cf01c95fdc0bf9d63d187ed5ed97eea327\array.$proc$results/sv2v_output.v:104$500'.
Cleaned up 1 empty switch.

3.2.12. Executing OPT_EXPR pass (perform const folding).
Optimizing module $paramod$2d9d52210384a3dbb8614ce1c183f001b222b95a\pe_col.
Optimizing module $paramod$8392c0aee371eac30cfcd917af9a6c37ac869d3e\pe.
<suppressed ~6 debug messages>
Optimizing module $paramod$8a1ba2cf01c95fdc0bf9d63d187ed5ed97eea327\array.

3.3. Executing OPT_EXPR pass (perform const folding).
Optimizing module $paramod$2d9d52210384a3dbb8614ce1c183f001b222b95a\pe_col.
Optimizing module $paramod$8392c0aee371eac30cfcd917af9a6c37ac869d3e\pe.
Optimizing module $paramod$8a1ba2cf01c95fdc0bf9d63d187ed5ed97eea327\array.

3.4. Executing OPT_CLEAN pass (remove unused cells and wires).
Finding unused cells or wires in module $paramod$2d9d52210384a3dbb8614ce1c183f001b222b95a\pe_col..
Finding unused cells or wires in module $paramod$8392c0aee371eac30cfcd917af9a6c37ac869d3e\pe..
Finding unused cells or wires in module $paramod$8a1ba2cf01c95fdc0bf9d63d187ed5ed97eea327\array..
Removed 4 unused cells and 151 unused wires.
<suppressed ~7 debug messages>

3.5. Executing CHECK pass (checking for obvious problems).
Checking module $paramod$2d9d52210384a3dbb8614ce1c183f001b222b95a\pe_col...
Checking module $paramod$8392c0aee371eac30cfcd917af9a6c37ac869d3e\pe...
Checking module $paramod$8a1ba2cf01c95fdc0bf9d63d187ed5ed97eea327\array...
Found and reported 0 problems.

3.6. Executing OPT pass (performing simple optimizations).

3.6.1. Executing OPT_EXPR pass (perform const folding).
Optimizing module $paramod$2d9d52210384a3dbb8614ce1c183f001b222b95a\pe_col.
Optimizing module $paramod$8392c0aee371eac30cfcd917af9a6c37ac869d3e\pe.
Optimizing module $paramod$8a1ba2cf01c95fdc0bf9d63d187ed5ed97eea327\array.

3.6.2. Executing OPT_MERGE pass (detect identical cells).
Finding identical cells in module `$paramod$2d9d52210384a3dbb8614ce1c183f001b222b95a\pe_col'.
Computing hashes of 8 cells of `$paramod$2d9d52210384a3dbb8614ce1c183f001b222b95a\pe_col'.
Finding duplicate cells in `$paramod$2d9d52210384a3dbb8614ce1c183f001b222b95a\pe_col'.
Finding identical cells in module `$paramod$8392c0aee371eac30cfcd917af9a6c37ac869d3e\pe'.
Computing hashes of 8 cells of `$paramod$8392c0aee371eac30cfcd917af9a6c37ac869d3e\pe'.
Finding duplicate cells in `$paramod$8392c0aee371eac30cfcd917af9a6c37ac869d3e\pe'.
Finding identical cells in module `$paramod$8a1ba2cf01c95fdc0bf9d63d187ed5ed97eea327\array'.
Computing hashes of 8 cells of `$paramod$8a1ba2cf01c95fdc0bf9d63d187ed5ed97eea327\array'.
Finding duplicate cells in `$paramod$8a1ba2cf01c95fdc0bf9d63d187ed5ed97eea327\array'.
Removed a total of 0 cells.

3.6.3. Executing OPT_MUXTREE pass (detect dead branches in mux trees).
Running muxtree optimizer on module $paramod$2d9d52210384a3dbb8614ce1c183f001b222b95a\pe_col..
  Creating internal representation of mux trees.
  No muxes found in this module.
Running muxtree optimizer on module $paramod$8392c0aee371eac30cfcd917af9a6c37ac869d3e\pe..
  Creating internal representation of mux trees.
  Evaluating internal representation of mux trees.
  Analyzing evaluation results.
Running muxtree optimizer on module $paramod$8a1ba2cf01c95fdc0bf9d63d187ed5ed97eea327\array..
  Creating internal representation of mux trees.
  No muxes found in this module.
Removed 0 multiplexer ports.
<suppressed ~6 debug messages>

3.6.4. Executing OPT_REDUCE pass (consolidate $*mux and $reduce_* inputs).
  Optimizing cells in module $paramod$2d9d52210384a3dbb8614ce1c183f001b222b95a\pe_col.
  Optimizing cells in module $paramod$8392c0aee371eac30cfcd917af9a6c37ac869d3e\pe.
  Optimizing cells in module $paramod$8a1ba2cf01c95fdc0bf9d63d187ed5ed97eea327\array.
Performed a total of 0 changes.

3.6.5. Executing OPT_MERGE pass (detect identical cells).
Finding identical cells in module `$paramod$2d9d52210384a3dbb8614ce1c183f001b222b95a\pe_col'.
Computing hashes of 8 cells of `$paramod$2d9d52210384a3dbb8614ce1c183f001b222b95a\pe_col'.
Finding duplicate cells in `$paramod$2d9d52210384a3dbb8614ce1c183f001b222b95a\pe_col'.
Finding identical cells in module `$paramod$8392c0aee371eac30cfcd917af9a6c37ac869d3e\pe'.
Computing hashes of 8 cells of `$paramod$8392c0aee371eac30cfcd917af9a6c37ac869d3e\pe'.
Finding duplicate cells in `$paramod$8392c0aee371eac30cfcd917af9a6c37ac869d3e\pe'.
Finding identical cells in module `$paramod$8a1ba2cf01c95fdc0bf9d63d187ed5ed97eea327\array'.
Computing hashes of 8 cells of `$paramod$8a1ba2cf01c95fdc0bf9d63d187ed5ed97eea327\array'.
Finding duplicate cells in `$paramod$8a1ba2cf01c95fdc0bf9d63d187ed5ed97eea327\array'.
Removed a total of 0 cells.

3.6.6. Executing OPT_DFF pass (perform DFF optimizations).

3.6.7. Executing OPT_CLEAN pass (remove unused cells and wires).
Finding unused cells or wires in module $paramod$2d9d52210384a3dbb8614ce1c183f001b222b95a\pe_col..
Finding unused cells or wires in module $paramod$8392c0aee371eac30cfcd917af9a6c37ac869d3e\pe..
Finding unused cells or wires in module $paramod$8a1ba2cf01c95fdc0bf9d63d187ed5ed97eea327\array..

3.6.8. Executing OPT_EXPR pass (perform const folding).
Optimizing module $paramod$2d9d52210384a3dbb8614ce1c183f001b222b95a\pe_col.
Optimizing module $paramod$8392c0aee371eac30cfcd917af9a6c37ac869d3e\pe.
Optimizing module $paramod$8a1ba2cf01c95fdc0bf9d63d187ed5ed97eea327\array.

3.6.9. Finished fast OPT passes. (There is nothing left to do.)

3.7. Executing FSM pass (extract and optimize FSM).

3.7.1. Executing FSM_DETECT pass (finding FSMs in design).

3.7.2. Executing FSM_EXTRACT pass (extracting FSM from design).

3.7.3. Executing FSM_OPT pass (simple optimizations of FSMs).

3.7.4. Executing OPT_CLEAN pass (remove unused cells and wires).
Finding unused cells or wires in module $paramod$2d9d52210384a3dbb8614ce1c183f001b222b95a\pe_col..
Finding unused cells or wires in module $paramod$8392c0aee371eac30cfcd917af9a6c37ac869d3e\pe..
Finding unused cells or wires in module $paramod$8a1ba2cf01c95fdc0bf9d63d187ed5ed97eea327\array..

3.7.5. Executing FSM_OPT pass (simple optimizations of FSMs).

3.7.6. Executing FSM_RECODE pass (re-assigning FSM state encoding).

3.7.7. Executing FSM_INFO pass (dumping all available information on FSM cells).

3.7.8. Executing FSM_MAP pass (mapping FSMs to basic logic).

3.8. Executing OPT pass (performing simple optimizations).

3.8.1. Executing OPT_EXPR pass (perform const folding).
Optimizing module $paramod$2d9d52210384a3dbb8614ce1c183f001b222b95a\pe_col.
Optimizing module $paramod$8392c0aee371eac30cfcd917af9a6c37ac869d3e\pe.
Optimizing module $paramod$8a1ba2cf01c95fdc0bf9d63d187ed5ed97eea327\array.

3.8.2. Executing OPT_MERGE pass (detect identical cells).
Finding identical cells in module `$paramod$2d9d52210384a3dbb8614ce1c183f001b222b95a\pe_col'.
Computing hashes of 8 cells of `$paramod$2d9d52210384a3dbb8614ce1c183f001b222b95a\pe_col'.
Finding duplicate cells in `$paramod$2d9d52210384a3dbb8614ce1c183f001b222b95a\pe_col'.
Finding identical cells in module `$paramod$8392c0aee371eac30cfcd917af9a6c37ac869d3e\pe'.
Computing hashes of 8 cells of `$paramod$8392c0aee371eac30cfcd917af9a6c37ac869d3e\pe'.
Finding duplicate cells in `$paramod$8392c0aee371eac30cfcd917af9a6c37ac869d3e\pe'.
Finding identical cells in module `$paramod$8a1ba2cf01c95fdc0bf9d63d187ed5ed97eea327\array'.
Computing hashes of 8 cells of `$paramod$8a1ba2cf01c95fdc0bf9d63d187ed5ed97eea327\array'.
Finding duplicate cells in `$paramod$8a1ba2cf01c95fdc0bf9d63d187ed5ed97eea327\array'.
Removed a total of 0 cells.

3.8.3. Executing OPT_MUXTREE pass (detect dead branches in mux trees).
Running muxtree optimizer on module $paramod$2d9d52210384a3dbb8614ce1c183f001b222b95a\pe_col..
  Creating internal representation of mux trees.
  No muxes found in this module.
Running muxtree optimizer on module $paramod$8392c0aee371eac30cfcd917af9a6c37ac869d3e\pe..
  Creating internal representation of mux trees.
  Evaluating internal representation of mux trees.
  Analyzing evaluation results.
Running muxtree optimizer on module $paramod$8a1ba2cf01c95fdc0bf9d63d187ed5ed97eea327\array..
  Creating internal representation of mux trees.
  No muxes found in this module.
Removed 0 multiplexer ports.
<suppressed ~6 debug messages>

3.8.4. Executing OPT_REDUCE pass (consolidate $*mux and $reduce_* inputs).
  Optimizing cells in module $paramod$2d9d52210384a3dbb8614ce1c183f001b222b95a\pe_col.
  Optimizing cells in module $paramod$8392c0aee371eac30cfcd917af9a6c37ac869d3e\pe.
  Optimizing cells in module $paramod$8a1ba2cf01c95fdc0bf9d63d187ed5ed97eea327\array.
Performed a total of 0 changes.

3.8.5. Executing OPT_MERGE pass (detect identical cells).
Finding identical cells in module `$paramod$2d9d52210384a3dbb8614ce1c183f001b222b95a\pe_col'.
Computing hashes of 8 cells of `$paramod$2d9d52210384a3dbb8614ce1c183f001b222b95a\pe_col'.
Finding duplicate cells in `$paramod$2d9d52210384a3dbb8614ce1c183f001b222b95a\pe_col'.
Finding identical cells in module `$paramod$8392c0aee371eac30cfcd917af9a6c37ac869d3e\pe'.
Computing hashes of 8 cells of `$paramod$8392c0aee371eac30cfcd917af9a6c37ac869d3e\pe'.
Finding duplicate cells in `$paramod$8392c0aee371eac30cfcd917af9a6c37ac869d3e\pe'.
Finding identical cells in module `$paramod$8a1ba2cf01c95fdc0bf9d63d187ed5ed97eea327\array'.
Computing hashes of 8 cells of `$paramod$8a1ba2cf01c95fdc0bf9d63d187ed5ed97eea327\array'.
Finding duplicate cells in `$paramod$8a1ba2cf01c95fdc0bf9d63d187ed5ed97eea327\array'.
Removed a total of 0 cells.

3.8.6. Executing OPT_DFF pass (perform DFF optimizations).
Adding EN signal on $procdff$595 ($adff) from module $paramod$8392c0aee371eac30cfcd917af9a6c37ac869d3e\pe (D = \acc_in [7:0], Q = \weight_r).

3.8.7. Executing OPT_CLEAN pass (remove unused cells and wires).
Finding unused cells or wires in module $paramod$2d9d52210384a3dbb8614ce1c183f001b222b95a\pe_col..
Finding unused cells or wires in module $paramod$8392c0aee371eac30cfcd917af9a6c37ac869d3e\pe..
Finding unused cells or wires in module $paramod$8a1ba2cf01c95fdc0bf9d63d187ed5ed97eea327\array..
Removed 1 unused cells and 1 unused wires.
<suppressed ~2 debug messages>

3.8.8. Executing OPT_EXPR pass (perform const folding).
Optimizing module $paramod$2d9d52210384a3dbb8614ce1c183f001b222b95a\pe_col.
Optimizing module $paramod$8392c0aee371eac30cfcd917af9a6c37ac869d3e\pe.
Optimizing module $paramod$8a1ba2cf01c95fdc0bf9d63d187ed5ed97eea327\array.

3.8.9. Rerunning OPT passes. (Maybe there is more to do..)

3.8.10. Executing OPT_MUXTREE pass (detect dead branches in mux trees).
Running muxtree optimizer on module $paramod$2d9d52210384a3dbb8614ce1c183f001b222b95a\pe_col..
  Creating internal representation of mux trees.
  No muxes found in this module.
Running muxtree optimizer on module $paramod$8392c0aee371eac30cfcd917af9a6c37ac869d3e\pe..
  Creating internal representation of mux trees.
  Evaluating internal representation of mux trees.
  Analyzing evaluation results.
Running muxtree optimizer on module $paramod$8a1ba2cf01c95fdc0bf9d63d187ed5ed97eea327\array..
  Creating internal representation of mux trees.
  No muxes found in this module.
Removed 0 multiplexer ports.
<suppressed ~4 debug messages>

3.8.11. Executing OPT_REDUCE pass (consolidate $*mux and $reduce_* inputs).
  Optimizing cells in module $paramod$2d9d52210384a3dbb8614ce1c183f001b222b95a\pe_col.
  Optimizing cells in module $paramod$8392c0aee371eac30cfcd917af9a6c37ac869d3e\pe.
  Optimizing cells in module $paramod$8a1ba2cf01c95fdc0bf9d63d187ed5ed97eea327\array.
Performed a total of 0 changes.

3.8.12. Executing OPT_MERGE pass (detect identical cells).
Finding identical cells in module `$paramod$2d9d52210384a3dbb8614ce1c183f001b222b95a\pe_col'.
Computing hashes of 8 cells of `$paramod$2d9d52210384a3dbb8614ce1c183f001b222b95a\pe_col'.
Finding duplicate cells in `$paramod$2d9d52210384a3dbb8614ce1c183f001b222b95a\pe_col'.
Finding identical cells in module `$paramod$8392c0aee371eac30cfcd917af9a6c37ac869d3e\pe'.
Computing hashes of 7 cells of `$paramod$8392c0aee371eac30cfcd917af9a6c37ac869d3e\pe'.
Finding duplicate cells in `$paramod$8392c0aee371eac30cfcd917af9a6c37ac869d3e\pe'.
Finding identical cells in module `$paramod$8a1ba2cf01c95fdc0bf9d63d187ed5ed97eea327\array'.
Computing hashes of 8 cells of `$paramod$8a1ba2cf01c95fdc0bf9d63d187ed5ed97eea327\array'.
Finding duplicate cells in `$paramod$8a1ba2cf01c95fdc0bf9d63d187ed5ed97eea327\array'.
Removed a total of 0 cells.

3.8.13. Executing OPT_DFF pass (perform DFF optimizations).

3.8.14. Executing OPT_CLEAN pass (remove unused cells and wires).
Finding unused cells or wires in module $paramod$2d9d52210384a3dbb8614ce1c183f001b222b95a\pe_col..
Finding unused cells or wires in module $paramod$8392c0aee371eac30cfcd917af9a6c37ac869d3e\pe..
Finding unused cells or wires in module $paramod$8a1ba2cf01c95fdc0bf9d63d187ed5ed97eea327\array..

3.8.15. Executing OPT_EXPR pass (perform const folding).
Optimizing module $paramod$2d9d52210384a3dbb8614ce1c183f001b222b95a\pe_col.
Optimizing module $paramod$8392c0aee371eac30cfcd917af9a6c37ac869d3e\pe.
Optimizing module $paramod$8a1ba2cf01c95fdc0bf9d63d187ed5ed97eea327\array.

3.8.16. Finished fast OPT passes. (There is nothing left to do.)

3.9. Executing WREDUCE pass (reducing word size of cells).
Removed top 16 bits (of 32) from port Y of cell $paramod$8392c0aee371eac30cfcd917af9a6c37ac869d3e\pe.$mul$results/sv2v_output.v:21$350 ($mul).
Removed top 16 bits (of 32) from port B of cell $paramod$8392c0aee371eac30cfcd917af9a6c37ac869d3e\pe.$add$results/sv2v_output.v:35$353 ($add).

3.10. Executing PEEPOPT pass (run peephole optimizers).

3.11. Executing OPT_CLEAN pass (remove unused cells and wires).
Finding unused cells or wires in module $paramod$2d9d52210384a3dbb8614ce1c183f001b222b95a\pe_col..
Finding unused cells or wires in module $paramod$8392c0aee371eac30cfcd917af9a6c37ac869d3e\pe..
Finding unused cells or wires in module $paramod$8a1ba2cf01c95fdc0bf9d63d187ed5ed97eea327\array..

3.12. Executing ALUMACC pass (create $alu and $macc cells).
Extracting $alu and $macc cells in module $paramod$2d9d52210384a3dbb8614ce1c183f001b222b95a\pe_col:
  created 0 $alu and 0 $macc cells.
Extracting $alu and $macc cells in module $paramod$8392c0aee371eac30cfcd917af9a6c37ac869d3e\pe:
  creating $macc model for $add$results/sv2v_output.v:35$353 ($add).
  creating $macc model for $mul$results/sv2v_output.v:21$350 ($mul).
  merging $macc model for $mul$results/sv2v_output.v:21$350 into $add$results/sv2v_output.v:35$353.
  creating $macc cell for $add$results/sv2v_output.v:35$353: $auto$alumacc.cc:382:replace_macc$597
  created 0 $alu and 1 $macc cells.
Extracting $alu and $macc cells in module $paramod$8a1ba2cf01c95fdc0bf9d63d187ed5ed97eea327\array:
  created 0 $alu and 0 $macc cells.

3.13. Executing SHARE pass (SAT-based resource sharing).

3.14. Executing OPT pass (performing simple optimizations).

3.14.1. Executing OPT_EXPR pass (perform const folding).
Optimizing module $paramod$2d9d52210384a3dbb8614ce1c183f001b222b95a\pe_col.
Optimizing module $paramod$8392c0aee371eac30cfcd917af9a6c37ac869d3e\pe.
Optimizing module $paramod$8a1ba2cf01c95fdc0bf9d63d187ed5ed97eea327\array.

3.14.2. Executing OPT_MERGE pass (detect identical cells).
Finding identical cells in module `$paramod$2d9d52210384a3dbb8614ce1c183f001b222b95a\pe_col'.
Computing hashes of 8 cells of `$paramod$2d9d52210384a3dbb8614ce1c183f001b222b95a\pe_col'.
Finding duplicate cells in `$paramod$2d9d52210384a3dbb8614ce1c183f001b222b95a\pe_col'.
Finding identical cells in module `$paramod$8392c0aee371eac30cfcd917af9a6c37ac869d3e\pe'.
Computing hashes of 7 cells of `$paramod$8392c0aee371eac30cfcd917af9a6c37ac869d3e\pe'.
Finding duplicate cells in `$paramod$8392c0aee371eac30cfcd917af9a6c37ac869d3e\pe'.
Finding identical cells in module `$paramod$8a1ba2cf01c95fdc0bf9d63d187ed5ed97eea327\array'.
Computing hashes of 8 cells of `$paramod$8a1ba2cf01c95fdc0bf9d63d187ed5ed97eea327\array'.
Finding duplicate cells in `$paramod$8a1ba2cf01c95fdc0bf9d63d187ed5ed97eea327\array'.
Removed a total of 0 cells.

3.14.3. Executing OPT_MUXTREE pass (detect dead branches in mux trees).
Running muxtree optimizer on module $paramod$2d9d52210384a3dbb8614ce1c183f001b222b95a\pe_col..
  Creating internal representation of mux trees.
  No muxes found in this module.
Running muxtree optimizer on module $paramod$8392c0aee371eac30cfcd917af9a6c37ac869d3e\pe..
  Creating internal representation of mux trees.
  Evaluating internal representation of mux trees.
  Analyzing evaluation results.
Running muxtree optimizer on module $paramod$8a1ba2cf01c95fdc0bf9d63d187ed5ed97eea327\array..
  Creating internal representation of mux trees.
  No muxes found in this module.
Removed 0 multiplexer ports.
<suppressed ~4 debug messages>

3.14.4. Executing OPT_REDUCE pass (consolidate $*mux and $reduce_* inputs).
  Optimizing cells in module $paramod$2d9d52210384a3dbb8614ce1c183f001b222b95a\pe_col.
  Optimizing cells in module $paramod$8392c0aee371eac30cfcd917af9a6c37ac869d3e\pe.
  Optimizing cells in module $paramod$8a1ba2cf01c95fdc0bf9d63d187ed5ed97eea327\array.
Performed a total of 0 changes.

3.14.5. Executing OPT_MERGE pass (detect identical cells).
Finding identical cells in module `$paramod$2d9d52210384a3dbb8614ce1c183f001b222b95a\pe_col'.
Computing hashes of 8 cells of `$paramod$2d9d52210384a3dbb8614ce1c183f001b222b95a\pe_col'.
Finding duplicate cells in `$paramod$2d9d52210384a3dbb8614ce1c183f001b222b95a\pe_col'.
Finding identical cells in module `$paramod$8392c0aee371eac30cfcd917af9a6c37ac869d3e\pe'.
Computing hashes of 7 cells of `$paramod$8392c0aee371eac30cfcd917af9a6c37ac869d3e\pe'.
Finding duplicate cells in `$paramod$8392c0aee371eac30cfcd917af9a6c37ac869d3e\pe'.
Finding identical cells in module `$paramod$8a1ba2cf01c95fdc0bf9d63d187ed5ed97eea327\array'.
Computing hashes of 8 cells of `$paramod$8a1ba2cf01c95fdc0bf9d63d187ed5ed97eea327\array'.
Finding duplicate cells in `$paramod$8a1ba2cf01c95fdc0bf9d63d187ed5ed97eea327\array'.
Removed a total of 0 cells.

3.14.6. Executing OPT_DFF pass (perform DFF optimizations).

3.14.7. Executing OPT_CLEAN pass (remove unused cells and wires).
Finding unused cells or wires in module $paramod$2d9d52210384a3dbb8614ce1c183f001b222b95a\pe_col..
Finding unused cells or wires in module $paramod$8392c0aee371eac30cfcd917af9a6c37ac869d3e\pe..
Finding unused cells or wires in module $paramod$8a1ba2cf01c95fdc0bf9d63d187ed5ed97eea327\array..
Removed 1 unused cells and 0 unused wires.
<suppressed ~1 debug messages>

3.14.8. Executing OPT_EXPR pass (perform const folding).
Optimizing module $paramod$2d9d52210384a3dbb8614ce1c183f001b222b95a\pe_col.
Optimizing module $paramod$8392c0aee371eac30cfcd917af9a6c37ac869d3e\pe.
Optimizing module $paramod$8a1ba2cf01c95fdc0bf9d63d187ed5ed97eea327\array.

3.14.9. Rerunning OPT passes. (Maybe there is more to do..)

3.14.10. Executing OPT_MUXTREE pass (detect dead branches in mux trees).
Running muxtree optimizer on module $paramod$2d9d52210384a3dbb8614ce1c183f001b222b95a\pe_col..
  Creating internal representation of mux trees.
  No muxes found in this module.
Running muxtree optimizer on module $paramod$8392c0aee371eac30cfcd917af9a6c37ac869d3e\pe..
  Creating internal representation of mux trees.
  Evaluating internal representation of mux trees.
  Analyzing evaluation results.
Running muxtree optimizer on module $paramod$8a1ba2cf01c95fdc0bf9d63d187ed5ed97eea327\array..
  Creating internal representation of mux trees.
  No muxes found in this module.
Removed 0 multiplexer ports.
<suppressed ~4 debug messages>

3.14.11. Executing OPT_REDUCE pass (consolidate $*mux and $reduce_* inputs).
  Optimizing cells in module $paramod$2d9d52210384a3dbb8614ce1c183f001b222b95a\pe_col.
  Optimizing cells in module $paramod$8392c0aee371eac30cfcd917af9a6c37ac869d3e\pe.
  Optimizing cells in module $paramod$8a1ba2cf01c95fdc0bf9d63d187ed5ed97eea327\array.
Performed a total of 0 changes.

3.14.12. Executing OPT_MERGE pass (detect identical cells).
Finding identical cells in module `$paramod$2d9d52210384a3dbb8614ce1c183f001b222b95a\pe_col'.
Computing hashes of 8 cells of `$paramod$2d9d52210384a3dbb8614ce1c183f001b222b95a\pe_col'.
Finding duplicate cells in `$paramod$2d9d52210384a3dbb8614ce1c183f001b222b95a\pe_col'.
Finding identical cells in module `$paramod$8392c0aee371eac30cfcd917af9a6c37ac869d3e\pe'.
Computing hashes of 6 cells of `$paramod$8392c0aee371eac30cfcd917af9a6c37ac869d3e\pe'.
Finding duplicate cells in `$paramod$8392c0aee371eac30cfcd917af9a6c37ac869d3e\pe'.
Finding identical cells in module `$paramod$8a1ba2cf01c95fdc0bf9d63d187ed5ed97eea327\array'.
Computing hashes of 8 cells of `$paramod$8a1ba2cf01c95fdc0bf9d63d187ed5ed97eea327\array'.
Finding duplicate cells in `$paramod$8a1ba2cf01c95fdc0bf9d63d187ed5ed97eea327\array'.
Removed a total of 0 cells.

3.14.13. Executing OPT_DFF pass (perform DFF optimizations).

3.14.14. Executing OPT_CLEAN pass (remove unused cells and wires).
Finding unused cells or wires in module $paramod$2d9d52210384a3dbb8614ce1c183f001b222b95a\pe_col..
Finding unused cells or wires in module $paramod$8392c0aee371eac30cfcd917af9a6c37ac869d3e\pe..
Finding unused cells or wires in module $paramod$8a1ba2cf01c95fdc0bf9d63d187ed5ed97eea327\array..

3.14.15. Executing OPT_EXPR pass (perform const folding).
Optimizing module $paramod$2d9d52210384a3dbb8614ce1c183f001b222b95a\pe_col.
Optimizing module $paramod$8392c0aee371eac30cfcd917af9a6c37ac869d3e\pe.
Optimizing module $paramod$8a1ba2cf01c95fdc0bf9d63d187ed5ed97eea327\array.

3.14.16. Finished fast OPT passes. (There is nothing left to do.)

3.15. Executing MEMORY pass.

3.15.1. Executing OPT_MEM pass (optimize memories).
Performed a total of 0 transformations.

3.15.2. Executing OPT_MEM_PRIORITY pass (removing unnecessary memory write priority relations).
Performed a total of 0 transformations.

3.15.3. Executing OPT_MEM_FEEDBACK pass (finding memory read-to-write feedback paths).

3.15.4. Executing MEMORY_BMUX2ROM pass (converting muxes to ROMs).

3.15.5. Executing MEMORY_DFF pass (merging $dff cells to $memrd).

3.15.6. Executing OPT_CLEAN pass (remove unused cells and wires).
Finding unused cells or wires in module $paramod$2d9d52210384a3dbb8614ce1c183f001b222b95a\pe_col..
Finding unused cells or wires in module $paramod$8392c0aee371eac30cfcd917af9a6c37ac869d3e\pe..
Finding unused cells or wires in module $paramod$8a1ba2cf01c95fdc0bf9d63d187ed5ed97eea327\array..

3.15.7. Executing MEMORY_SHARE pass (consolidating $memrd/$memwr cells).

3.15.8. Executing OPT_MEM_WIDEN pass (optimize memories where all ports are wide).
Performed a total of 0 transformations.

3.15.9. Executing OPT_CLEAN pass (remove unused cells and wires).
Finding unused cells or wires in module $paramod$2d9d52210384a3dbb8614ce1c183f001b222b95a\pe_col..
Finding unused cells or wires in module $paramod$8392c0aee371eac30cfcd917af9a6c37ac869d3e\pe..
Finding unused cells or wires in module $paramod$8a1ba2cf01c95fdc0bf9d63d187ed5ed97eea327\array..

3.15.10. Executing MEMORY_COLLECT pass (generating $mem cells).

3.16. Executing OPT_CLEAN pass (remove unused cells and wires).
Finding unused cells or wires in module $paramod$2d9d52210384a3dbb8614ce1c183f001b222b95a\pe_col..
Finding unused cells or wires in module $paramod$8392c0aee371eac30cfcd917af9a6c37ac869d3e\pe..
Finding unused cells or wires in module $paramod$8a1ba2cf01c95fdc0bf9d63d187ed5ed97eea327\array..

3.17. Executing OPT pass (performing simple optimizations).

3.17.1. Executing OPT_EXPR pass (perform const folding).
Optimizing module $paramod$2d9d52210384a3dbb8614ce1c183f001b222b95a\pe_col.
Optimizing module $paramod$8392c0aee371eac30cfcd917af9a6c37ac869d3e\pe.
<suppressed ~2 debug messages>
Optimizing module $paramod$8a1ba2cf01c95fdc0bf9d63d187ed5ed97eea327\array.

3.17.2. Executing OPT_MERGE pass (detect identical cells).
Finding identical cells in module `$paramod$2d9d52210384a3dbb8614ce1c183f001b222b95a\pe_col'.
Computing hashes of 8 cells of `$paramod$2d9d52210384a3dbb8614ce1c183f001b222b95a\pe_col'.
Finding duplicate cells in `$paramod$2d9d52210384a3dbb8614ce1c183f001b222b95a\pe_col'.
Finding identical cells in module `$paramod$8392c0aee371eac30cfcd917af9a6c37ac869d3e\pe'.
Computing hashes of 6 cells of `$paramod$8392c0aee371eac30cfcd917af9a6c37ac869d3e\pe'.
Finding duplicate cells in `$paramod$8392c0aee371eac30cfcd917af9a6c37ac869d3e\pe'.
Finding identical cells in module `$paramod$8a1ba2cf01c95fdc0bf9d63d187ed5ed97eea327\array'.
Computing hashes of 8 cells of `$paramod$8a1ba2cf01c95fdc0bf9d63d187ed5ed97eea327\array'.
Finding duplicate cells in `$paramod$8a1ba2cf01c95fdc0bf9d63d187ed5ed97eea327\array'.
Removed a total of 0 cells.

3.17.3. Executing OPT_DFF pass (perform DFF optimizations).

3.17.4. Executing OPT_CLEAN pass (remove unused cells and wires).
Finding unused cells or wires in module $paramod$2d9d52210384a3dbb8614ce1c183f001b222b95a\pe_col..
Finding unused cells or wires in module $paramod$8392c0aee371eac30cfcd917af9a6c37ac869d3e\pe..
Finding unused cells or wires in module $paramod$8a1ba2cf01c95fdc0bf9d63d187ed5ed97eea327\array..

3.17.5. Finished fast OPT passes.

3.18. Executing MEMORY_MAP pass (converting memories to logic and flip-flops).

3.19. Executing OPT pass (performing simple optimizations).

3.19.1. Executing OPT_EXPR pass (perform const folding).
Optimizing module $paramod$2d9d52210384a3dbb8614ce1c183f001b222b95a\pe_col.
Optimizing module $paramod$8392c0aee371eac30cfcd917af9a6c37ac869d3e\pe.
Optimizing module $paramod$8a1ba2cf01c95fdc0bf9d63d187ed5ed97eea327\array.

3.19.2. Executing OPT_MERGE pass (detect identical cells).
Finding identical cells in module `$paramod$2d9d52210384a3dbb8614ce1c183f001b222b95a\pe_col'.
Computing hashes of 8 cells of `$paramod$2d9d52210384a3dbb8614ce1c183f001b222b95a\pe_col'.
Finding duplicate cells in `$paramod$2d9d52210384a3dbb8614ce1c183f001b222b95a\pe_col'.
Finding identical cells in module `$paramod$8392c0aee371eac30cfcd917af9a6c37ac869d3e\pe'.
Computing hashes of 6 cells of `$paramod$8392c0aee371eac30cfcd917af9a6c37ac869d3e\pe'.
Finding duplicate cells in `$paramod$8392c0aee371eac30cfcd917af9a6c37ac869d3e\pe'.
Finding identical cells in module `$paramod$8a1ba2cf01c95fdc0bf9d63d187ed5ed97eea327\array'.
Computing hashes of 8 cells of `$paramod$8a1ba2cf01c95fdc0bf9d63d187ed5ed97eea327\array'.
Finding duplicate cells in `$paramod$8a1ba2cf01c95fdc0bf9d63d187ed5ed97eea327\array'.
Removed a total of 0 cells.

3.19.3. Executing OPT_MUXTREE pass (detect dead branches in mux trees).
Running muxtree optimizer on module $paramod$2d9d52210384a3dbb8614ce1c183f001b222b95a\pe_col..
  Creating internal representation of mux trees.
  No muxes found in this module.
Running muxtree optimizer on module $paramod$8392c0aee371eac30cfcd917af9a6c37ac869d3e\pe..
  Creating internal representation of mux trees.
  Evaluating internal representation of mux trees.
  Analyzing evaluation results.
Running muxtree optimizer on module $paramod$8a1ba2cf01c95fdc0bf9d63d187ed5ed97eea327\array..
  Creating internal representation of mux trees.
  No muxes found in this module.
Removed 0 multiplexer ports.
<suppressed ~4 debug messages>

3.19.4. Executing OPT_REDUCE pass (consolidate $*mux and $reduce_* inputs).
  Optimizing cells in module $paramod$2d9d52210384a3dbb8614ce1c183f001b222b95a\pe_col.
  Optimizing cells in module $paramod$8392c0aee371eac30cfcd917af9a6c37ac869d3e\pe.
  Optimizing cells in module $paramod$8a1ba2cf01c95fdc0bf9d63d187ed5ed97eea327\array.
Performed a total of 0 changes.

3.19.5. Executing OPT_MERGE pass (detect identical cells).
Finding identical cells in module `$paramod$2d9d52210384a3dbb8614ce1c183f001b222b95a\pe_col'.
Computing hashes of 8 cells of `$paramod$2d9d52210384a3dbb8614ce1c183f001b222b95a\pe_col'.
Finding duplicate cells in `$paramod$2d9d52210384a3dbb8614ce1c183f001b222b95a\pe_col'.
Finding identical cells in module `$paramod$8392c0aee371eac30cfcd917af9a6c37ac869d3e\pe'.
Computing hashes of 6 cells of `$paramod$8392c0aee371eac30cfcd917af9a6c37ac869d3e\pe'.
Finding duplicate cells in `$paramod$8392c0aee371eac30cfcd917af9a6c37ac869d3e\pe'.
Finding identical cells in module `$paramod$8a1ba2cf01c95fdc0bf9d63d187ed5ed97eea327\array'.
Computing hashes of 8 cells of `$paramod$8a1ba2cf01c95fdc0bf9d63d187ed5ed97eea327\array'.
Finding duplicate cells in `$paramod$8a1ba2cf01c95fdc0bf9d63d187ed5ed97eea327\array'.
Removed a total of 0 cells.

3.19.6. Executing OPT_SHARE pass.

3.19.7. Executing OPT_DFF pass (perform DFF optimizations).

3.19.8. Executing OPT_CLEAN pass (remove unused cells and wires).
Finding unused cells or wires in module $paramod$2d9d52210384a3dbb8614ce1c183f001b222b95a\pe_col..
Finding unused cells or wires in module $paramod$8392c0aee371eac30cfcd917af9a6c37ac869d3e\pe..
Finding unused cells or wires in module $paramod$8a1ba2cf01c95fdc0bf9d63d187ed5ed97eea327\array..

3.19.9. Executing OPT_EXPR pass (perform const folding).
Optimizing module $paramod$2d9d52210384a3dbb8614ce1c183f001b222b95a\pe_col.
Optimizing module $paramod$8392c0aee371eac30cfcd917af9a6c37ac869d3e\pe.
Optimizing module $paramod$8a1ba2cf01c95fdc0bf9d63d187ed5ed97eea327\array.

3.19.10. Finished fast OPT passes. (There is nothing left to do.)

3.20. Executing TECHMAP pass (map to technology primitives).

3.20.1. Executing Verilog-2005 frontend: /usr/local/bin/../share/yosys/techmap.v
Parsing Verilog input from `/usr/local/bin/../share/yosys/techmap.v' to AST representation.
Generating RTLIL representation for module `\_90_simplemap_bool_ops'.
Generating RTLIL representation for module `\_90_simplemap_reduce_ops'.
Generating RTLIL representation for module `\_90_simplemap_logic_ops'.
Generating RTLIL representation for module `\_90_simplemap_compare_ops'.
Generating RTLIL representation for module `\_90_simplemap_various'.
Generating RTLIL representation for module `\_90_simplemap_registers'.
Generating RTLIL representation for module `\_90_shift_ops_shr_shl_sshl_sshr'.
Generating RTLIL representation for module `\_90_shift_shiftx'.
Generating RTLIL representation for module `\_90_fa'.
Generating RTLIL representation for module `\_90_lcu_brent_kung'.
Generating RTLIL representation for module `\_90_alu'.
Generating RTLIL representation for module `\_90_macc'.
Generating RTLIL representation for module `\_90_alumacc'.
Generating RTLIL representation for module `$__div_mod_u'.
Generating RTLIL representation for module `$__div_mod_trunc'.
Generating RTLIL representation for module `\_90_div'.
Generating RTLIL representation for module `\_90_mod'.
Generating RTLIL representation for module `$__div_mod_floor'.
Generating RTLIL representation for module `\_90_divfloor'.
Generating RTLIL representation for module `\_90_modfloor'.
Generating RTLIL representation for module `\_90_pow'.
Generating RTLIL representation for module `\_90_demux'.
Generating RTLIL representation for module `\_90_lut'.
Generating RTLIL representation for module `$connect'.
Generating RTLIL representation for module `$input_port'.
Successfully finished Verilog frontend.

3.20.2. Continuing TECHMAP pass.
Using extmapper maccmap for cells of type $macc_v2.
  add \weight_r * \data_in (8x8 bits, signed)
  add \acc_in (32 bits, signed)
Using extmapper simplemap for cells of type $adffe.
Using extmapper simplemap for cells of type $mux.
Using extmapper simplemap for cells of type $adff.
Using template $paramod\_90_fa\WIDTH=32'00000000000000000000000000100000 for cells of type $fa.
Using template $paramod$fbc7873bff55778c0b3173955b7e4bce1d9d6834\_90_alu for cells of type $alu.
Using extmapper simplemap for cells of type $and.
Using extmapper simplemap for cells of type $not.
Using extmapper simplemap for cells of type $pos.
Using template $paramod\_90_lcu_brent_kung\WIDTH=32'00000000000000000000000000100000 for cells of type $lcu.
Using extmapper simplemap for cells of type $xor.
Using extmapper simplemap for cells of type $or.
No more expansions possible.
<suppressed ~464 debug messages>

3.21. Executing OPT pass (performing simple optimizations).

3.21.1. Executing OPT_EXPR pass (perform const folding).
Optimizing module $paramod$2d9d52210384a3dbb8614ce1c183f001b222b95a\pe_col.
Optimizing module $paramod$8392c0aee371eac30cfcd917af9a6c37ac869d3e\pe.
<suppressed ~423 debug messages>
Optimizing module $paramod$8a1ba2cf01c95fdc0bf9d63d187ed5ed97eea327\array.

3.21.2. Executing OPT_MERGE pass (detect identical cells).
Finding identical cells in module `$paramod$2d9d52210384a3dbb8614ce1c183f001b222b95a\pe_col'.
Computing hashes of 8 cells of `$paramod$2d9d52210384a3dbb8614ce1c183f001b222b95a\pe_col'.
Finding duplicate cells in `$paramod$2d9d52210384a3dbb8614ce1c183f001b222b95a\pe_col'.
Finding identical cells in module `$paramod$8392c0aee371eac30cfcd917af9a6c37ac869d3e\pe'.
Computing hashes of 1625 cells of `$paramod$8392c0aee371eac30cfcd917af9a6c37ac869d3e\pe'.
Finding duplicate cells in `$paramod$8392c0aee371eac30cfcd917af9a6c37ac869d3e\pe'.
Computing hashes of 1461 cells of `$paramod$8392c0aee371eac30cfcd917af9a6c37ac869d3e\pe'.
Finding duplicate cells in `$paramod$8392c0aee371eac30cfcd917af9a6c37ac869d3e\pe'.
Computing hashes of 1358 cells of `$paramod$8392c0aee371eac30cfcd917af9a6c37ac869d3e\pe'.
Finding duplicate cells in `$paramod$8392c0aee371eac30cfcd917af9a6c37ac869d3e\pe'.
Computing hashes of 1284 cells of `$paramod$8392c0aee371eac30cfcd917af9a6c37ac869d3e\pe'.
Finding duplicate cells in `$paramod$8392c0aee371eac30cfcd917af9a6c37ac869d3e\pe'.
Computing hashes of 1230 cells of `$paramod$8392c0aee371eac30cfcd917af9a6c37ac869d3e\pe'.
Finding duplicate cells in `$paramod$8392c0aee371eac30cfcd917af9a6c37ac869d3e\pe'.
Computing hashes of 1213 cells of `$paramod$8392c0aee371eac30cfcd917af9a6c37ac869d3e\pe'.
Finding duplicate cells in `$paramod$8392c0aee371eac30cfcd917af9a6c37ac869d3e\pe'.
Computing hashes of 1181 cells of `$paramod$8392c0aee371eac30cfcd917af9a6c37ac869d3e\pe'.
Finding duplicate cells in `$paramod$8392c0aee371eac30cfcd917af9a6c37ac869d3e\pe'.
Computing hashes of 1149 cells of `$paramod$8392c0aee371eac30cfcd917af9a6c37ac869d3e\pe'.
Finding duplicate cells in `$paramod$8392c0aee371eac30cfcd917af9a6c37ac869d3e\pe'.
Computing hashes of 1133 cells of `$paramod$8392c0aee371eac30cfcd917af9a6c37ac869d3e\pe'.
Finding duplicate cells in `$paramod$8392c0aee371eac30cfcd917af9a6c37ac869d3e\pe'.
Computing hashes of 1103 cells of `$paramod$8392c0aee371eac30cfcd917af9a6c37ac869d3e\pe'.
Finding duplicate cells in `$paramod$8392c0aee371eac30cfcd917af9a6c37ac869d3e\pe'.
<suppressed ~1566 debug messages>
Finding identical cells in module `$paramod$8a1ba2cf01c95fdc0bf9d63d187ed5ed97eea327\array'.
Computing hashes of 8 cells of `$paramod$8a1ba2cf01c95fdc0bf9d63d187ed5ed97eea327\array'.
Finding duplicate cells in `$paramod$8a1ba2cf01c95fdc0bf9d63d187ed5ed97eea327\array'.
Removed a total of 522 cells.

3.21.3. Executing OPT_DFF pass (perform DFF optimizations).

3.21.4. Executing OPT_CLEAN pass (remove unused cells and wires).
Finding unused cells or wires in module $paramod$2d9d52210384a3dbb8614ce1c183f001b222b95a\pe_col..
Finding unused cells or wires in module $paramod$8392c0aee371eac30cfcd917af9a6c37ac869d3e\pe..
Finding unused cells or wires in module $paramod$8a1ba2cf01c95fdc0bf9d63d187ed5ed97eea327\array..
Removed 57 unused cells and 146 unused wires.
<suppressed ~58 debug messages>

3.21.5. Finished fast OPT passes.

3.22. Executing ABC pass (technology mapping using ABC).

3.22.1. Extracting gate netlist of module `$paramod$2d9d52210384a3dbb8614ce1c183f001b222b95a\pe_col' to `<abc-temp-dir>/input.blif'..

3.22.1.1. Executed ABC.
Extracted 0 gates and 0 wires to a netlist network with 0 inputs and 0 outputs.
Don't call ABC as there is nothing to map.
Removing temp directory.

3.22.2. Extracting gate netlist of module `$paramod$8392c0aee371eac30cfcd917af9a6c37ac869d3e\pe' to `<abc-temp-dir>/input.blif'..

3.22.2.1. Executed ABC.
Extracted 998 gates and 1048 wires to a netlist network with 49 inputs and 40 outputs.
Running ABC script: <abc-temp-dir>/abc.script
ABC: UC Berkeley, ABC 1.01 (compiled May 29 2026 19:41:28)
ABC: abc 01> empty
ABC: abc 01> source <abc-temp-dir>/abc.script
ABC: + read_blif <abc-temp-dir>/input.blif 
ABC: + read_library <abc-temp-dir>/stdcells.genlib 
ABC: + strash 
ABC: + &get -n 
ABC: + &fraig -x 
ABC: + &put 
ABC: + scorr 
ABC: Warning: The network is combinational (run "fraig" or "fraig_sweep").
ABC: + dc2 
ABC: + dretime 
ABC: + strash 
ABC: + &get -n 
ABC: + &dch -f 
ABC: + &nf 
ABC: + &put 
ABC: + write_blif <abc-temp-dir>/output.blif 
ABC: 
ABC: YOSYS_ABC_DONE 

3.22.2.2. Re-integrating ABC results.
ABC RESULTS:               AND cells:      103
ABC RESULTS:            ANDNOT cells:       26
ABC RESULTS:               MUX cells:       32
ABC RESULTS:              NAND cells:      365
ABC RESULTS:               NOR cells:        3
ABC RESULTS:               NOT cells:        1
ABC RESULTS:                OR cells:       24
ABC RESULTS:             ORNOT cells:       30
ABC RESULTS:              XNOR cells:       96
ABC RESULTS:               XOR cells:      212
ABC RESULTS:        internal signals:      959
ABC RESULTS:           input signals:       49
ABC RESULTS:          output signals:       40
Removing temp directory.

3.22.3. Extracting gate netlist of module `$paramod$8a1ba2cf01c95fdc0bf9d63d187ed5ed97eea327\array' to `<abc-temp-dir>/input.blif'..

3.22.3.1. Executed ABC.
Extracted 0 gates and 0 wires to a netlist network with 0 inputs and 0 outputs.
Don't call ABC as there is nothing to map.
Removing temp directory.
Removing global temp directory.

3.23. Executing OPT pass (performing simple optimizations).

3.23.1. Executing OPT_EXPR pass (perform const folding).
Optimizing module $paramod$2d9d52210384a3dbb8614ce1c183f001b222b95a\pe_col.
Optimizing module $paramod$8392c0aee371eac30cfcd917af9a6c37ac869d3e\pe.
Optimizing module $paramod$8a1ba2cf01c95fdc0bf9d63d187ed5ed97eea327\array.

3.23.2. Executing OPT_MERGE pass (detect identical cells).
Finding identical cells in module `$paramod$2d9d52210384a3dbb8614ce1c183f001b222b95a\pe_col'.
Computing hashes of 8 cells of `$paramod$2d9d52210384a3dbb8614ce1c183f001b222b95a\pe_col'.
Finding duplicate cells in `$paramod$2d9d52210384a3dbb8614ce1c183f001b222b95a\pe_col'.
Finding identical cells in module `$paramod$8392c0aee371eac30cfcd917af9a6c37ac869d3e\pe'.
Computing hashes of 940 cells of `$paramod$8392c0aee371eac30cfcd917af9a6c37ac869d3e\pe'.
Finding duplicate cells in `$paramod$8392c0aee371eac30cfcd917af9a6c37ac869d3e\pe'.
Finding identical cells in module `$paramod$8a1ba2cf01c95fdc0bf9d63d187ed5ed97eea327\array'.
Computing hashes of 8 cells of `$paramod$8a1ba2cf01c95fdc0bf9d63d187ed5ed97eea327\array'.
Finding duplicate cells in `$paramod$8a1ba2cf01c95fdc0bf9d63d187ed5ed97eea327\array'.
Removed a total of 0 cells.

3.23.3. Executing OPT_DFF pass (perform DFF optimizations).

3.23.4. Executing OPT_CLEAN pass (remove unused cells and wires).
Finding unused cells or wires in module $paramod$2d9d52210384a3dbb8614ce1c183f001b222b95a\pe_col..
Finding unused cells or wires in module $paramod$8392c0aee371eac30cfcd917af9a6c37ac869d3e\pe..
Finding unused cells or wires in module $paramod$8a1ba2cf01c95fdc0bf9d63d187ed5ed97eea327\array..
Removed 0 unused cells and 225 unused wires.
<suppressed ~1 debug messages>

3.23.5. Finished fast OPT passes.

3.24. Executing HIERARCHY pass (managing design hierarchy).
Attribute `top' found on module `$paramod$8a1ba2cf01c95fdc0bf9d63d187ed5ed97eea327\array'. Setting top module to $paramod$8a1ba2cf01c95fdc0bf9d63d187ed5ed97eea327\array.

3.24.1. Analyzing design hierarchy..
Top module:  $paramod$8a1ba2cf01c95fdc0bf9d63d187ed5ed97eea327\array
Used module:     $paramod$2d9d52210384a3dbb8614ce1c183f001b222b95a\pe_col
Used module:         $paramod$8392c0aee371eac30cfcd917af9a6c37ac869d3e\pe

3.24.2. Analyzing design hierarchy..
Top module:  $paramod$8a1ba2cf01c95fdc0bf9d63d187ed5ed97eea327\array
Used module:     $paramod$2d9d52210384a3dbb8614ce1c183f001b222b95a\pe_col
Used module:         $paramod$8392c0aee371eac30cfcd917af9a6c37ac869d3e\pe
Removed 0 unused modules.

3.25. Printing statistics.

=== $paramod$2d9d52210384a3dbb8614ce1c183f001b222b95a\pe_col ===

        +----------Local Count, excluding submodules.
        | 
       16 wires
      483 wire bits
       16 public wires
      483 public wire bits
        7 ports
      195 port bits
        8 submodules
        8   $paramod$8392c0aee371eac30cfcd917af9a6c37ac869d3e\pe

=== $paramod$8392c0aee371eac30cfcd917af9a6c37ac869d3e\pe ===

        +----------Local Count, excluding submodules.
        | 
      863 wires
     1015 wire bits
        9 public wires
      123 public wire bits
        7 ports
       83 port bits
      940 cells
       26   $_ANDNOT_
      103   $_AND_
        8   $_DFFE_PN0P_
       40   $_DFF_PN0_
       32   $_MUX_
      365   $_NAND_
        3   $_NOR_
        1   $_NOT_
       30   $_ORNOT_
       24   $_OR_
       96   $_XNOR_
      212   $_XOR_

=== $paramod$8a1ba2cf01c95fdc0bf9d63d187ed5ed97eea327\array ===

        +----------Local Count, excluding submodules.
        | 
       95 wires
     2250 wire bits
       95 public wires
     2250 public wire bits
        7 ports
      650 port bits
        8 submodules
        8   $paramod$2d9d52210384a3dbb8614ce1c183f001b222b95a\pe_col

=== design hierarchy ===

        +----------Count including submodules.
        | 
    60160 $paramod$8a1ba2cf01c95fdc0bf9d63d187ed5ed97eea327\array
      940   $paramod$8392c0aee371eac30cfcd917af9a6c37ac869d3e\pe

        +----------Count including submodules.
        | 
    55455 wires
    71074 wire bits
      799 public wires
    13986 public wire bits
      511 ports
     7522 port bits
        - memories
        - memory bits
        - processes
    60160 cells
     1664   $_ANDNOT_
     6592   $_AND_
      512   $_DFFE_PN0P_
     2560   $_DFF_PN0_
     2048   $_MUX_
    23360   $_NAND_
      192   $_NOR_
       64   $_NOT_
     1920   $_ORNOT_
     1536   $_OR_
     6144   $_XNOR_
    13568   $_XOR_
        8 submodules
        8   $paramod$2d9d52210384a3dbb8614ce1c183f001b222b95a\pe_col

3.26. Executing CHECK pass (checking for obvious problems).
Checking module $paramod$2d9d52210384a3dbb8614ce1c183f001b222b95a\pe_col...
Checking module $paramod$8392c0aee371eac30cfcd917af9a6c37ac869d3e\pe...
Checking module $paramod$8a1ba2cf01c95fdc0bf9d63d187ed5ed97eea327\array...
Found and reported 0 problems.

4. Executing DFFLIBMAP pass (mapping DFF cells to sequential cells from liberty file).
  cell sky130_fd_sc_hd__dfxtp_1 (noninv, pins=3, area=20.02) is a direct match for cell type $_DFF_P_.
  cell sky130_fd_sc_hd__dfrtn_1 (noninv, pins=4, area=25.02) is a direct match for cell type $_DFF_NN0_.
  cell sky130_fd_sc_hd__dfrtp_1 (noninv, pins=4, area=25.02) is a direct match for cell type $_DFF_PN0_.
  cell sky130_fd_sc_hd__dfstp_2 (noninv, pins=4, area=26.28) is a direct match for cell type $_DFF_PN1_.
  cell sky130_fd_sc_hd__edfxtp_1 (noninv, pins=4, area=30.03) is a direct match for cell type $_DFFE_PP_.
  cell sky130_fd_sc_hd__dfbbn_1 (noninv, pins=6, area=32.53) is a direct match for cell type $_DFFSR_NNN_.
  cell sky130_fd_sc_hd__dfbbp_1 (noninv, pins=6, area=32.53) is a direct match for cell type $_DFFSR_PNN_.
  final dff cell mappings:
    unmapped dff cell: $_DFF_N_
    \sky130_fd_sc_hd__dfxtp_1 _DFF_P_ (.CLK( C), .D( D), .Q( Q));
    \sky130_fd_sc_hd__dfrtn_1 _DFF_NN0_ (.CLK_N( C), .D( D), .Q( Q), .RESET_B( R));
    unmapped dff cell: $_DFF_NN1_
    unmapped dff cell: $_DFF_NP0_
    unmapped dff cell: $_DFF_NP1_
    \sky130_fd_sc_hd__dfrtp_1 _DFF_PN0_ (.CLK( C), .D( D), .Q( Q), .RESET_B( R));
    \sky130_fd_sc_hd__dfstp_2 _DFF_PN1_ (.CLK( C), .D( D), .Q( Q), .SET_B( R));
    unmapped dff cell: $_DFF_PP0_
    unmapped dff cell: $_DFF_PP1_
    unmapped dff cell: $_DFFE_NN_
    unmapped dff cell: $_DFFE_NP_
    unmapped dff cell: $_DFFE_PN_
    \sky130_fd_sc_hd__edfxtp_1 _DFFE_PP_ (.CLK( C), .D( D), .DE( E), .Q( Q));
    \sky130_fd_sc_hd__dfbbn_1 _DFFSR_NNN_ (.CLK_N( C), .D( D), .Q( Q), .Q_N(~Q), .RESET_B( R), .SET_B( S));
    unmapped dff cell: $_DFFSR_NNP_
    unmapped dff cell: $_DFFSR_NPN_
    unmapped dff cell: $_DFFSR_NPP_
    \sky130_fd_sc_hd__dfbbp_1 _DFFSR_PNN_ (.CLK( C), .D( D), .Q( Q), .Q_N(~Q), .RESET_B( R), .SET_B( S));
    unmapped dff cell: $_DFFSR_PNP_
    unmapped dff cell: $_DFFSR_PPN_
    unmapped dff cell: $_DFFSR_PPP_

4.1. Executing DFFLEGALIZE pass (convert FFs to types supported by the target).
<suppressed ~24 debug messages>
Mapping DFF cells in module `$paramod$2d9d52210384a3dbb8614ce1c183f001b222b95a\pe_col':
Mapping DFF cells in module `$paramod$8392c0aee371eac30cfcd917af9a6c37ac869d3e\pe':
  mapped 48 $_DFF_PN0_ cells to \sky130_fd_sc_hd__dfrtp_1 cells.
Mapping DFF cells in module `$paramod$8a1ba2cf01c95fdc0bf9d63d187ed5ed97eea327\array':

5. Executing ABC pass (technology mapping using ABC).

5.1. Extracting gate netlist of module `$paramod$2d9d52210384a3dbb8614ce1c183f001b222b95a\pe_col' to `<abc-temp-dir>/input.blif'..
ABC: using cached merged SCL: /tmp/yosys-liberty-scl-cache/yosys_merged_e9e26d0c.scl (1 files)

5.1.1. Executed ABC.
Extracted 0 gates and 0 wires to a netlist network with 0 inputs and 0 outputs.
Don't call ABC as there is nothing to map.
Removing temp directory.

5.2. Extracting gate netlist of module `$paramod$8392c0aee371eac30cfcd917af9a6c37ac869d3e\pe' to `<abc-temp-dir>/input.blif'..
ABC: using cached merged SCL: /tmp/yosys-liberty-scl-cache/yosys_merged_e9e26d0c.scl (1 files)

5.2.1. Executed ABC.
Extracted 900 gates and 949 wires to a netlist network with 49 inputs and 48 outputs.
Running ABC script: <abc-temp-dir>/abc.script
ABC: UC Berkeley, ABC 1.01 (compiled May 29 2026 19:41:28)
ABC: abc 01> empty
ABC: abc 01> source <abc-temp-dir>/abc.script
ABC: + read_blif <abc-temp-dir>/input.blif 
ABC: + read_scl /tmp/yosys-liberty-scl-cache/yosys_merged_e9e26d0c.scl 
ABC: Warning: Detected 9 multi-output cells (for example, "sky130_fd_sc_hd__fa_1").
ABC: + strash 
ABC: + &get -n 
ABC: + &fraig -x 
ABC: + &put 
ABC: + scorr 
ABC: Warning: The network is combinational (run "fraig" or "fraig_sweep").
ABC: + dc2 
ABC: + dretime 
ABC: + strash 
ABC: + &get -n 
ABC: + &dch -f 
ABC: + &nf 
ABC: + &put 
ABC: + write_blif <abc-temp-dir>/output.blif 
ABC: 
ABC: YOSYS_ABC_DONE 

5.2.2. Re-integrating ABC results.
ABC RESULTS:   sky130_fd_sc_hd__a211o_1 cells:        1
ABC RESULTS:   sky130_fd_sc_hd__a21boi_0 cells:        3
ABC RESULTS:   sky130_fd_sc_hd__a21o_1 cells:        4
ABC RESULTS:   sky130_fd_sc_hd__a21oi_1 cells:       47
ABC RESULTS:   sky130_fd_sc_hd__a22oi_1 cells:        2
ABC RESULTS:   sky130_fd_sc_hd__a31o_1 cells:        1
ABC RESULTS:   sky130_fd_sc_hd__a31oi_1 cells:        1
ABC RESULTS:   sky130_fd_sc_hd__a32o_1 cells:        2
ABC RESULTS:   sky130_fd_sc_hd__a32oi_1 cells:        1
ABC RESULTS:   sky130_fd_sc_hd__and2_0 cells:       13
ABC RESULTS:   sky130_fd_sc_hd__and3_1 cells:        2
ABC RESULTS:   sky130_fd_sc_hd__and4_1 cells:        1
ABC RESULTS:   sky130_fd_sc_hd__clkinv_1 cells:       20
ABC RESULTS:   sky130_fd_sc_hd__lpflow_inputiso1p_1 cells:        7
ABC RESULTS:   sky130_fd_sc_hd__lpflow_isobufsrc_1 cells:       21
ABC RESULTS:   sky130_fd_sc_hd__maj3_1 cells:       51
ABC RESULTS:   sky130_fd_sc_hd__mux2_1 cells:        1
ABC RESULTS:   sky130_fd_sc_hd__nand2_1 cells:       99
ABC RESULTS:   sky130_fd_sc_hd__nand2b_1 cells:       25
ABC RESULTS:   sky130_fd_sc_hd__nand3_1 cells:        9
ABC RESULTS:   sky130_fd_sc_hd__nand3b_1 cells:        1
ABC RESULTS:   sky130_fd_sc_hd__nand4_1 cells:        1
ABC RESULTS:   sky130_fd_sc_hd__nor2_1 cells:       54
ABC RESULTS:   sky130_fd_sc_hd__nor2b_1 cells:        1
ABC RESULTS:   sky130_fd_sc_hd__nor3_1 cells:       16
ABC RESULTS:   sky130_fd_sc_hd__o21a_1 cells:       14
ABC RESULTS:   sky130_fd_sc_hd__o21ai_0 cells:       54
ABC RESULTS:   sky130_fd_sc_hd__o21bai_1 cells:        1
ABC RESULTS:   sky130_fd_sc_hd__o22ai_1 cells:        4
ABC RESULTS:   sky130_fd_sc_hd__o31ai_1 cells:       14
ABC RESULTS:   sky130_fd_sc_hd__or3_1 cells:        2
ABC RESULTS:   sky130_fd_sc_hd__xnor2_1 cells:      169
ABC RESULTS:   sky130_fd_sc_hd__xnor3_1 cells:       14
ABC RESULTS:   sky130_fd_sc_hd__xor2_1 cells:       74
ABC RESULTS:   sky130_fd_sc_hd__xor3_1 cells:        1
ABC RESULTS:        internal signals:      852
ABC RESULTS:           input signals:       49
ABC RESULTS:          output signals:       48
Removing temp directory.

5.3. Extracting gate netlist of module `$paramod$8a1ba2cf01c95fdc0bf9d63d187ed5ed97eea327\array' to `<abc-temp-dir>/input.blif'..
ABC: using cached merged SCL: /tmp/yosys-liberty-scl-cache/yosys_merged_e9e26d0c.scl (1 files)

5.3.1. Executed ABC.
Extracted 0 gates and 0 wires to a netlist network with 0 inputs and 0 outputs.
Don't call ABC as there is nothing to map.
Removing temp directory.
Removing global temp directory.

6. Printing statistics.

=== $paramod$2d9d52210384a3dbb8614ce1c183f001b222b95a\pe_col ===

        +----------Local Count, excluding submodules.
        |        +-Local Area, excluding submodules.
        |        | 
       16        - wires
      483        - wire bits
       16        - public wires
      483        - public wire bits
        7        - ports
      195        - port bits
        8        - submodules
        8        -   $paramod$8392c0aee371eac30cfcd917af9a6c37ac869d3e\pe

   Chip area for module '$paramod$2d9d52210384a3dbb8614ce1c183f001b222b95a\pe_col': 0.000000
     of which used for sequential elements: 0.000000 (-nan%)

=== $paramod$8392c0aee371eac30cfcd917af9a6c37ac869d3e\pe ===

        +----------Local Count, excluding submodules.
        |        +-Local Area, excluding submodules.
        |        | 
     1651        - wires
     1803        - wire bits
        9        - public wires
      123        - public wire bits
        7        - ports
       83        - port bits
      779  6.3E+03 cells
        1    8.758   sky130_fd_sc_hd__a211o_1
        3   22.522   sky130_fd_sc_hd__a21boi_0
        4   30.029   sky130_fd_sc_hd__a21o_1
       47  235.226   sky130_fd_sc_hd__a21oi_1
        2   15.014   sky130_fd_sc_hd__a22oi_1
        1    8.758   sky130_fd_sc_hd__a31o_1
        1    6.256   sky130_fd_sc_hd__a31oi_1
        2   20.019   sky130_fd_sc_hd__a32o_1
        1    8.758   sky130_fd_sc_hd__a32oi_1
       13   81.328   sky130_fd_sc_hd__and2_0
        2   12.512   sky130_fd_sc_hd__and3_1
        1    8.758   sky130_fd_sc_hd__and4_1
       20   75.072   sky130_fd_sc_hd__clkinv_1
       48  1.2E+03   sky130_fd_sc_hd__dfrtp_1
        7   43.792   sky130_fd_sc_hd__lpflow_inputiso1p_1
       21  131.376   sky130_fd_sc_hd__lpflow_isobufsrc_1
       51   510.49   sky130_fd_sc_hd__maj3_1
        1   11.261   sky130_fd_sc_hd__mux2_1
       99  371.606   sky130_fd_sc_hd__nand2_1
       25    156.4   sky130_fd_sc_hd__nand2b_1
        9   45.043   sky130_fd_sc_hd__nand3_1
        1    7.507   sky130_fd_sc_hd__nand3b_1
        1    6.256   sky130_fd_sc_hd__nand4_1
       54  202.694   sky130_fd_sc_hd__nor2_1
        1    6.256   sky130_fd_sc_hd__nor2b_1
       16   80.077   sky130_fd_sc_hd__nor3_1
       14  105.101   sky130_fd_sc_hd__o21a_1
       54  270.259   sky130_fd_sc_hd__o21ai_0
        1    7.507   sky130_fd_sc_hd__o21bai_1
        4   25.024   sky130_fd_sc_hd__o22ai_1
       14  105.101   sky130_fd_sc_hd__o31ai_1
        2   12.512   sky130_fd_sc_hd__or3_1
      169  1480.17   sky130_fd_sc_hd__xnor2_1
       14  315.302   sky130_fd_sc_hd__xnor3_1
       74  648.122   sky130_fd_sc_hd__xor2_1
        1   23.773   sky130_fd_sc_hd__xor3_1

   Chip area for module '$paramod$8392c0aee371eac30cfcd917af9a6c37ac869d3e\pe': 6299.792000
     of which used for sequential elements: 1201.152000 (19.07%)

=== $paramod$8a1ba2cf01c95fdc0bf9d63d187ed5ed97eea327\array ===

        +----------Local Count, excluding submodules.
        |        +-Local Area, excluding submodules.
        |        | 
       95        - wires
     2250        - wire bits
       95        - public wires
     2250        - public wire bits
        7        - ports
      650        - port bits
        8        - submodules
        8        -   $paramod$2d9d52210384a3dbb8614ce1c183f001b222b95a\pe_col

   Chip area for module '$paramod$8a1ba2cf01c95fdc0bf9d63d187ed5ed97eea327\array': 0.000000
     of which used for sequential elements: 0.000000 (-nan%)

=== design hierarchy ===

        +----------Count including submodules.
        |        +-Area including submodules.
        |        | 
    49856 4.03E+05 $paramod$8a1ba2cf01c95fdc0bf9d63d187ed5ed97eea327\array
      779  6.3E+03   $paramod$8392c0aee371eac30cfcd917af9a6c37ac869d3e\pe

        +----------Count including submodules.
        |        +-Area including submodules.
        |        | 
   105887        - wires
   121506        - wire bits
      799        - public wires
    13986        - public wire bits
      511        - ports
     7522        - port bits
        -        - memories
        -        - memory bits
        -        - processes
    49856 4.03E+05 cells
       64  560.538   sky130_fd_sc_hd__a211o_1
      192 1.44E+03   sky130_fd_sc_hd__a21boi_0
      256 1.92E+03   sky130_fd_sc_hd__a21o_1
     3008 1.51E+04   sky130_fd_sc_hd__a21oi_1
      128  960.922   sky130_fd_sc_hd__a22oi_1
       64  560.538   sky130_fd_sc_hd__a31o_1
       64  400.384   sky130_fd_sc_hd__a31oi_1
      128 1.28E+03   sky130_fd_sc_hd__a32o_1
       64  560.538   sky130_fd_sc_hd__a32oi_1
      832  5.2E+03   sky130_fd_sc_hd__and2_0
      128  800.768   sky130_fd_sc_hd__and3_1
       64  560.538   sky130_fd_sc_hd__and4_1
     1280  4.8E+03   sky130_fd_sc_hd__clkinv_1
     3072 7.69E+04   sky130_fd_sc_hd__dfrtp_1
      448  2.8E+03   sky130_fd_sc_hd__lpflow_inputiso1p_1
     1344 8.41E+03   sky130_fd_sc_hd__lpflow_isobufsrc_1
     3264 3.27E+04   sky130_fd_sc_hd__maj3_1
       64  720.691   sky130_fd_sc_hd__mux2_1
     6336 2.38E+04   sky130_fd_sc_hd__nand2_1
     1600  10009.6   sky130_fd_sc_hd__nand2b_1
      576 2.88E+03   sky130_fd_sc_hd__nand3_1
       64  480.461   sky130_fd_sc_hd__nand3b_1
       64  400.384   sky130_fd_sc_hd__nand4_1
     3456  1.3E+04   sky130_fd_sc_hd__nor2_1
       64  400.384   sky130_fd_sc_hd__nor2b_1
     1024 5.12E+03   sky130_fd_sc_hd__nor3_1
      896 6.73E+03   sky130_fd_sc_hd__o21a_1
     3456 1.73E+04   sky130_fd_sc_hd__o21ai_0
       64  480.461   sky130_fd_sc_hd__o21bai_1
      256  1.6E+03   sky130_fd_sc_hd__o22ai_1
      896 6.73E+03   sky130_fd_sc_hd__o31ai_1
      128  800.768   sky130_fd_sc_hd__or3_1
    10816 9.47E+04   sky130_fd_sc_hd__xnor2_1
      896 2.02E+04   sky130_fd_sc_hd__xnor3_1
     4736 4.15E+04   sky130_fd_sc_hd__xor2_1
       64 1.52E+03   sky130_fd_sc_hd__xor3_1
        8 4.03E+05 submodules
        8 4.03E+05   $paramod$2d9d52210384a3dbb8614ce1c183f001b222b95a\pe_col

   Chip area for top module '$paramod$8a1ba2cf01c95fdc0bf9d63d187ed5ed97eea327\array': 403186.688000
     of which used for sequential elements: 76873.728000 (19.07%)

Renaming module $paramod$8a1ba2cf01c95fdc0bf9d63d187ed5ed97eea327\array to array.

7. Executing Verilog backend.

7.1. Executing BMUXMAP pass.

7.2. Executing DEMUXMAP pass.
Dumping module `$paramod$2d9d52210384a3dbb8614ce1c183f001b222b95a\pe_col'.
Dumping module `$paramod$8392c0aee371eac30cfcd917af9a6c37ac869d3e\pe'.
Dumping module `\array'.

End of script. Logfile hash: 3b970650fb, time: 0.90s, user: 0.48s, system: 0.06s, MEM: 50.50 MB peak
Yosys 0.65+71 (git sha1 e56c6a954, g++ 11.4.0-1ubuntu1~22.04.3 -fPIC -O3)
Time spent: 45% 2x abc (0 sec), 15% 3x read_verilog (0 sec), ...
