
 /----------------------------------------------------------------------------\
 |  yosys -- Yosys Open SYnthesis Suite                                       |
 |  Copyright (C) 2012 - 2026  Claire Xenia Wolf <claire@yosyshq.com>         |
 |  Distributed under an ISC-like license, type "license" to see terms        |
 \----------------------------------------------------------------------------/
 Yosys 0.65+71 (git sha1 e56c6a954, g++ 11.4.0-1ubuntu1~22.04.3 -fPIC -O3)

-- Running command `
    read_verilog results/sv2v_output.v;
    chparam -set ROWS 32             -set COLS 32             -set DATA_WIDTH 16             -set ACC_WIDTH 32             array
    synth -top array;
    dfflibmap -liberty /home/bharathw/.ciel/ciel/sky130/versions/0fe599b2afb6708d281543108caf8310912f54af/sky130A/libs.ref/sky130_fd_sc_hd/lib/sky130_fd_sc_hd__tt_025C_1v80.lib;
    abc -liberty /home/bharathw/.ciel/ciel/sky130/versions/0fe599b2afb6708d281543108caf8310912f54af/sky130A/libs.ref/sky130_fd_sc_hd/lib/sky130_fd_sc_hd__tt_025C_1v80.lib;
    stat -liberty /home/bharathw/.ciel/ciel/sky130/versions/0fe599b2afb6708d281543108caf8310912f54af/sky130A/libs.ref/sky130_fd_sc_hd/lib/sky130_fd_sc_hd__tt_025C_1v80.lib;
    rename -top array
    write_verilog gate_level.v
' --

1. Executing Verilog-2005 frontend: results/sv2v_output.v
Parsing Verilog input from `results/sv2v_output.v' to AST representation.
Generating RTLIL representation for module `\pe'.
Generating RTLIL representation for module `\pe_col'.
Generating RTLIL representation for module `\array'.
Successfully finished Verilog frontend.
Parameter \ROWS = 32
Parameter \COLS = 32
Parameter \DATA_WIDTH = 16
Parameter \ACC_WIDTH = 32

2. Executing AST frontend in derive mode using pre-parsed AST for module `\array'.
Parameter \ROWS = 32
Parameter \COLS = 32
Parameter \DATA_WIDTH = 16
Parameter \ACC_WIDTH = 32
Generating RTLIL representation for module `$paramod$ea9a025bc5ee84a808c2fa4f9964e04fcc1e340a\array'.

3. Executing SYNTH pass.

3.1. Executing HIERARCHY pass (managing design hierarchy).

3.1.1. Analyzing design hierarchy..
Top module:  \array
Used module:     \pe_col
Used module:         \pe
Parameter \DATA_WIDTH = 8
Parameter \ACC_WIDTH = 32

3.1.2. Executing AST frontend in derive mode using pre-parsed AST for module `\pe'.
Parameter \DATA_WIDTH = 8
Parameter \ACC_WIDTH = 32
Generating RTLIL representation for module `$paramod$8392c0aee371eac30cfcd917af9a6c37ac869d3e\pe'.
Parameter \DATA_WIDTH = 8
Parameter \ACC_WIDTH = 32
Found cached RTLIL representation for module `$paramod$8392c0aee371eac30cfcd917af9a6c37ac869d3e\pe'.
Parameter \DATA_WIDTH = 8
Parameter \ACC_WIDTH = 32
Found cached RTLIL representation for module `$paramod$8392c0aee371eac30cfcd917af9a6c37ac869d3e\pe'.
Parameter \DATA_WIDTH = 8
Parameter \ACC_WIDTH = 32
Found cached RTLIL representation for module `$paramod$8392c0aee371eac30cfcd917af9a6c37ac869d3e\pe'.
Parameter \DATA_WIDTH = 8
Parameter \ACC_WIDTH = 32
Found cached RTLIL representation for module `$paramod$8392c0aee371eac30cfcd917af9a6c37ac869d3e\pe'.
Parameter \DATA_WIDTH = 8
Parameter \ACC_WIDTH = 32
Found cached RTLIL representation for module `$paramod$8392c0aee371eac30cfcd917af9a6c37ac869d3e\pe'.
Parameter \DATA_WIDTH = 8
Parameter \ACC_WIDTH = 32
Found cached RTLIL representation for module `$paramod$8392c0aee371eac30cfcd917af9a6c37ac869d3e\pe'.
Parameter \DATA_WIDTH = 8
Parameter \ACC_WIDTH = 32
Found cached RTLIL representation for module `$paramod$8392c0aee371eac30cfcd917af9a6c37ac869d3e\pe'.
Parameter \DATA_WIDTH = 8
Parameter \ACC_WIDTH = 32
Found cached RTLIL representation for module `$paramod$8392c0aee371eac30cfcd917af9a6c37ac869d3e\pe'.
Parameter \DATA_WIDTH = 8
Parameter \ACC_WIDTH = 32
Found cached RTLIL representation for module `$paramod$8392c0aee371eac30cfcd917af9a6c37ac869d3e\pe'.
Parameter \DATA_WIDTH = 8
Parameter \ACC_WIDTH = 32
Found cached RTLIL representation for module `$paramod$8392c0aee371eac30cfcd917af9a6c37ac869d3e\pe'.
Parameter \DATA_WIDTH = 8
Parameter \ACC_WIDTH = 32
Found cached RTLIL representation for module `$paramod$8392c0aee371eac30cfcd917af9a6c37ac869d3e\pe'.
Parameter \DATA_WIDTH = 8
Parameter \ACC_WIDTH = 32
Found cached RTLIL representation for module `$paramod$8392c0aee371eac30cfcd917af9a6c37ac869d3e\pe'.
Parameter \DATA_WIDTH = 8
Parameter \ACC_WIDTH = 32
Found cached RTLIL representation for module `$paramod$8392c0aee371eac30cfcd917af9a6c37ac869d3e\pe'.
Parameter \DATA_WIDTH = 8
Parameter \ACC_WIDTH = 32
Found cached RTLIL representation for module `$paramod$8392c0aee371eac30cfcd917af9a6c37ac869d3e\pe'.
Parameter \DATA_WIDTH = 8
Parameter \ACC_WIDTH = 32
Found cached RTLIL representation for module `$paramod$8392c0aee371eac30cfcd917af9a6c37ac869d3e\pe'.
Reprocessing module pe_col because instantiated module $paramod$8392c0aee371eac30cfcd917af9a6c37ac869d3e\pe has become available.
Generating RTLIL representation for module `\pe_col'.
Parameter \ROWS = 32
Parameter \DATA_WIDTH = 16
Parameter \ACC_WIDTH = 32

3.1.3. Executing AST frontend in derive mode using pre-parsed AST for module `\pe_col'.
Parameter \ROWS = 32
Parameter \DATA_WIDTH = 16
Parameter \ACC_WIDTH = 32
Generating RTLIL representation for module `$paramod$bdf4e2444f8bc80364662ca048a044a95767dd4e\pe_col'.
Parameter \ROWS = 32
Parameter \DATA_WIDTH = 16
Parameter \ACC_WIDTH = 32
Found cached RTLIL representation for module `$paramod$bdf4e2444f8bc80364662ca048a044a95767dd4e\pe_col'.
Parameter \ROWS = 32
Parameter \DATA_WIDTH = 16
Parameter \ACC_WIDTH = 32
Found cached RTLIL representation for module `$paramod$bdf4e2444f8bc80364662ca048a044a95767dd4e\pe_col'.
Parameter \ROWS = 32
Parameter \DATA_WIDTH = 16
Parameter \ACC_WIDTH = 32
Found cached RTLIL representation for module `$paramod$bdf4e2444f8bc80364662ca048a044a95767dd4e\pe_col'.
Parameter \ROWS = 32
Parameter \DATA_WIDTH = 16
Parameter \ACC_WIDTH = 32
Found cached RTLIL representation for module `$paramod$bdf4e2444f8bc80364662ca048a044a95767dd4e\pe_col'.
Parameter \ROWS = 32
Parameter \DATA_WIDTH = 16
Parameter \ACC_WIDTH = 32
Found cached RTLIL representation for module `$paramod$bdf4e2444f8bc80364662ca048a044a95767dd4e\pe_col'.
Parameter \ROWS = 32
Parameter \DATA_WIDTH = 16
Parameter \ACC_WIDTH = 32
Found cached RTLIL representation for module `$paramod$bdf4e2444f8bc80364662ca048a044a95767dd4e\pe_col'.
Parameter \ROWS = 32
Parameter \DATA_WIDTH = 16
Parameter \ACC_WIDTH = 32
Found cached RTLIL representation for module `$paramod$bdf4e2444f8bc80364662ca048a044a95767dd4e\pe_col'.
Parameter \ROWS = 32
Parameter \DATA_WIDTH = 16
Parameter \ACC_WIDTH = 32
Found cached RTLIL representation for module `$paramod$bdf4e2444f8bc80364662ca048a044a95767dd4e\pe_col'.
Parameter \ROWS = 32
Parameter \DATA_WIDTH = 16
Parameter \ACC_WIDTH = 32
Found cached RTLIL representation for module `$paramod$bdf4e2444f8bc80364662ca048a044a95767dd4e\pe_col'.
Parameter \ROWS = 32
Parameter \DATA_WIDTH = 16
Parameter \ACC_WIDTH = 32
Found cached RTLIL representation for module `$paramod$bdf4e2444f8bc80364662ca048a044a95767dd4e\pe_col'.
Parameter \ROWS = 32
Parameter \DATA_WIDTH = 16
Parameter \ACC_WIDTH = 32
Found cached RTLIL representation for module `$paramod$bdf4e2444f8bc80364662ca048a044a95767dd4e\pe_col'.
Parameter \ROWS = 32
Parameter \DATA_WIDTH = 16
Parameter \ACC_WIDTH = 32
Found cached RTLIL representation for module `$paramod$bdf4e2444f8bc80364662ca048a044a95767dd4e\pe_col'.
Parameter \ROWS = 32
Parameter \DATA_WIDTH = 16
Parameter \ACC_WIDTH = 32
Found cached RTLIL representation for module `$paramod$bdf4e2444f8bc80364662ca048a044a95767dd4e\pe_col'.
Parameter \ROWS = 32
Parameter \DATA_WIDTH = 16
Parameter \ACC_WIDTH = 32
Found cached RTLIL representation for module `$paramod$bdf4e2444f8bc80364662ca048a044a95767dd4e\pe_col'.
Parameter \ROWS = 32
Parameter \DATA_WIDTH = 16
Parameter \ACC_WIDTH = 32
Found cached RTLIL representation for module `$paramod$bdf4e2444f8bc80364662ca048a044a95767dd4e\pe_col'.
Parameter \ROWS = 32
Parameter \DATA_WIDTH = 16
Parameter \ACC_WIDTH = 32
Found cached RTLIL representation for module `$paramod$bdf4e2444f8bc80364662ca048a044a95767dd4e\pe_col'.
Parameter \ROWS = 32
Parameter \DATA_WIDTH = 16
Parameter \ACC_WIDTH = 32
Found cached RTLIL representation for module `$paramod$bdf4e2444f8bc80364662ca048a044a95767dd4e\pe_col'.
Parameter \ROWS = 32
Parameter \DATA_WIDTH = 16
Parameter \ACC_WIDTH = 32
Found cached RTLIL representation for module `$paramod$bdf4e2444f8bc80364662ca048a044a95767dd4e\pe_col'.
Parameter \ROWS = 32
Parameter \DATA_WIDTH = 16
Parameter \ACC_WIDTH = 32
Found cached RTLIL representation for module `$paramod$bdf4e2444f8bc80364662ca048a044a95767dd4e\pe_col'.
Parameter \ROWS = 32
Parameter \DATA_WIDTH = 16
Parameter \ACC_WIDTH = 32
Found cached RTLIL representation for module `$paramod$bdf4e2444f8bc80364662ca048a044a95767dd4e\pe_col'.
Parameter \ROWS = 32
Parameter \DATA_WIDTH = 16
Parameter \ACC_WIDTH = 32
Found cached RTLIL representation for module `$paramod$bdf4e2444f8bc80364662ca048a044a95767dd4e\pe_col'.
Parameter \ROWS = 32
Parameter \DATA_WIDTH = 16
Parameter \ACC_WIDTH = 32
Found cached RTLIL representation for module `$paramod$bdf4e2444f8bc80364662ca048a044a95767dd4e\pe_col'.
Parameter \ROWS = 32
Parameter \DATA_WIDTH = 16
Parameter \ACC_WIDTH = 32
Found cached RTLIL representation for module `$paramod$bdf4e2444f8bc80364662ca048a044a95767dd4e\pe_col'.
Parameter \ROWS = 32
Parameter \DATA_WIDTH = 16
Parameter \ACC_WIDTH = 32
Found cached RTLIL representation for module `$paramod$bdf4e2444f8bc80364662ca048a044a95767dd4e\pe_col'.
Parameter \ROWS = 32
Parameter \DATA_WIDTH = 16
Parameter \ACC_WIDTH = 32
Found cached RTLIL representation for module `$paramod$bdf4e2444f8bc80364662ca048a044a95767dd4e\pe_col'.
Parameter \ROWS = 32
Parameter \DATA_WIDTH = 16
Parameter \ACC_WIDTH = 32
Found cached RTLIL representation for module `$paramod$bdf4e2444f8bc80364662ca048a044a95767dd4e\pe_col'.
Parameter \ROWS = 32
Parameter \DATA_WIDTH = 16
Parameter \ACC_WIDTH = 32
Found cached RTLIL representation for module `$paramod$bdf4e2444f8bc80364662ca048a044a95767dd4e\pe_col'.
Parameter \ROWS = 32
Parameter \DATA_WIDTH = 16
Parameter \ACC_WIDTH = 32
Found cached RTLIL representation for module `$paramod$bdf4e2444f8bc80364662ca048a044a95767dd4e\pe_col'.
Parameter \ROWS = 32
Parameter \DATA_WIDTH = 16
Parameter \ACC_WIDTH = 32
Found cached RTLIL representation for module `$paramod$bdf4e2444f8bc80364662ca048a044a95767dd4e\pe_col'.
Parameter \ROWS = 32
Parameter \DATA_WIDTH = 16
Parameter \ACC_WIDTH = 32
Found cached RTLIL representation for module `$paramod$bdf4e2444f8bc80364662ca048a044a95767dd4e\pe_col'.
Parameter \ROWS = 32
Parameter \DATA_WIDTH = 16
Parameter \ACC_WIDTH = 32
Found cached RTLIL representation for module `$paramod$bdf4e2444f8bc80364662ca048a044a95767dd4e\pe_col'.
Reprocessing module array because instantiated module $paramod$bdf4e2444f8bc80364662ca048a044a95767dd4e\pe_col has become available.
Generating RTLIL representation for module `$paramod$ea9a025bc5ee84a808c2fa4f9964e04fcc1e340a\array'.

3.1.4. Analyzing design hierarchy..
Top module:  $paramod$ea9a025bc5ee84a808c2fa4f9964e04fcc1e340a\array
Used module:     \pe_col
Used module:         \pe
Parameter \DATA_WIDTH = 8
Parameter \ACC_WIDTH = 32
Found cached RTLIL representation for module `$paramod$8392c0aee371eac30cfcd917af9a6c37ac869d3e\pe'.
Parameter \DATA_WIDTH = 8
Parameter \ACC_WIDTH = 32
Found cached RTLIL representation for module `$paramod$8392c0aee371eac30cfcd917af9a6c37ac869d3e\pe'.
Parameter \DATA_WIDTH = 8
Parameter \ACC_WIDTH = 32
Found cached RTLIL representation for module `$paramod$8392c0aee371eac30cfcd917af9a6c37ac869d3e\pe'.
Parameter \DATA_WIDTH = 8
Parameter \ACC_WIDTH = 32
Found cached RTLIL representation for module `$paramod$8392c0aee371eac30cfcd917af9a6c37ac869d3e\pe'.
Parameter \DATA_WIDTH = 8
Parameter \ACC_WIDTH = 32
Found cached RTLIL representation for module `$paramod$8392c0aee371eac30cfcd917af9a6c37ac869d3e\pe'.
Parameter \DATA_WIDTH = 8
Parameter \ACC_WIDTH = 32
Found cached RTLIL representation for module `$paramod$8392c0aee371eac30cfcd917af9a6c37ac869d3e\pe'.
Parameter \DATA_WIDTH = 8
Parameter \ACC_WIDTH = 32
Found cached RTLIL representation for module `$paramod$8392c0aee371eac30cfcd917af9a6c37ac869d3e\pe'.
Parameter \DATA_WIDTH = 8
Parameter \ACC_WIDTH = 32
Found cached RTLIL representation for module `$paramod$8392c0aee371eac30cfcd917af9a6c37ac869d3e\pe'.
Parameter \DATA_WIDTH = 8
Parameter \ACC_WIDTH = 32
Found cached RTLIL representation for module `$paramod$8392c0aee371eac30cfcd917af9a6c37ac869d3e\pe'.
Parameter \DATA_WIDTH = 8
Parameter \ACC_WIDTH = 32
Found cached RTLIL representation for module `$paramod$8392c0aee371eac30cfcd917af9a6c37ac869d3e\pe'.
Parameter \DATA_WIDTH = 8
Parameter \ACC_WIDTH = 32
Found cached RTLIL representation for module `$paramod$8392c0aee371eac30cfcd917af9a6c37ac869d3e\pe'.
Parameter \DATA_WIDTH = 8
Parameter \ACC_WIDTH = 32
Found cached RTLIL representation for module `$paramod$8392c0aee371eac30cfcd917af9a6c37ac869d3e\pe'.
Parameter \DATA_WIDTH = 8
Parameter \ACC_WIDTH = 32
Found cached RTLIL representation for module `$paramod$8392c0aee371eac30cfcd917af9a6c37ac869d3e\pe'.
Parameter \DATA_WIDTH = 8
Parameter \ACC_WIDTH = 32
Found cached RTLIL representation for module `$paramod$8392c0aee371eac30cfcd917af9a6c37ac869d3e\pe'.
Parameter \DATA_WIDTH = 8
Parameter \ACC_WIDTH = 32
Found cached RTLIL representation for module `$paramod$8392c0aee371eac30cfcd917af9a6c37ac869d3e\pe'.
Parameter \DATA_WIDTH = 8
Parameter \ACC_WIDTH = 32
Found cached RTLIL representation for module `$paramod$8392c0aee371eac30cfcd917af9a6c37ac869d3e\pe'.
Parameter \ROWS = 32
Parameter \DATA_WIDTH = 16
Parameter \ACC_WIDTH = 32
Found cached RTLIL representation for module `$paramod$bdf4e2444f8bc80364662ca048a044a95767dd4e\pe_col'.
Parameter \ROWS = 32
Parameter \DATA_WIDTH = 16
Parameter \ACC_WIDTH = 32
Found cached RTLIL representation for module `$paramod$bdf4e2444f8bc80364662ca048a044a95767dd4e\pe_col'.
Parameter \ROWS = 32
Parameter \DATA_WIDTH = 16
Parameter \ACC_WIDTH = 32
Found cached RTLIL representation for module `$paramod$bdf4e2444f8bc80364662ca048a044a95767dd4e\pe_col'.
Parameter \ROWS = 32
Parameter \DATA_WIDTH = 16
Parameter \ACC_WIDTH = 32
Found cached RTLIL representation for module `$paramod$bdf4e2444f8bc80364662ca048a044a95767dd4e\pe_col'.
Parameter \ROWS = 32
Parameter \DATA_WIDTH = 16
Parameter \ACC_WIDTH = 32
Found cached RTLIL representation for module `$paramod$bdf4e2444f8bc80364662ca048a044a95767dd4e\pe_col'.
Parameter \ROWS = 32
Parameter \DATA_WIDTH = 16
Parameter \ACC_WIDTH = 32
Found cached RTLIL representation for module `$paramod$bdf4e2444f8bc80364662ca048a044a95767dd4e\pe_col'.
Parameter \ROWS = 32
Parameter \DATA_WIDTH = 16
Parameter \ACC_WIDTH = 32
Found cached RTLIL representation for module `$paramod$bdf4e2444f8bc80364662ca048a044a95767dd4e\pe_col'.
Parameter \ROWS = 32
Parameter \DATA_WIDTH = 16
Parameter \ACC_WIDTH = 32
Found cached RTLIL representation for module `$paramod$bdf4e2444f8bc80364662ca048a044a95767dd4e\pe_col'.
Parameter \ROWS = 32
Parameter \DATA_WIDTH = 16
Parameter \ACC_WIDTH = 32
Found cached RTLIL representation for module `$paramod$bdf4e2444f8bc80364662ca048a044a95767dd4e\pe_col'.
Parameter \ROWS = 32
Parameter \DATA_WIDTH = 16
Parameter \ACC_WIDTH = 32
Found cached RTLIL representation for module `$paramod$bdf4e2444f8bc80364662ca048a044a95767dd4e\pe_col'.
Parameter \ROWS = 32
Parameter \DATA_WIDTH = 16
Parameter \ACC_WIDTH = 32
Found cached RTLIL representation for module `$paramod$bdf4e2444f8bc80364662ca048a044a95767dd4e\pe_col'.
Parameter \ROWS = 32
Parameter \DATA_WIDTH = 16
Parameter \ACC_WIDTH = 32
Found cached RTLIL representation for module `$paramod$bdf4e2444f8bc80364662ca048a044a95767dd4e\pe_col'.
Parameter \ROWS = 32
Parameter \DATA_WIDTH = 16
Parameter \ACC_WIDTH = 32
Found cached RTLIL representation for module `$paramod$bdf4e2444f8bc80364662ca048a044a95767dd4e\pe_col'.
Parameter \ROWS = 32
Parameter \DATA_WIDTH = 16
Parameter \ACC_WIDTH = 32
Found cached RTLIL representation for module `$paramod$bdf4e2444f8bc80364662ca048a044a95767dd4e\pe_col'.
Parameter \ROWS = 32
Parameter \DATA_WIDTH = 16
Parameter \ACC_WIDTH = 32
Found cached RTLIL representation for module `$paramod$bdf4e2444f8bc80364662ca048a044a95767dd4e\pe_col'.
Parameter \ROWS = 32
Parameter \DATA_WIDTH = 16
Parameter \ACC_WIDTH = 32
Found cached RTLIL representation for module `$paramod$bdf4e2444f8bc80364662ca048a044a95767dd4e\pe_col'.
Parameter \ROWS = 32
Parameter \DATA_WIDTH = 16
Parameter \ACC_WIDTH = 32
Found cached RTLIL representation for module `$paramod$bdf4e2444f8bc80364662ca048a044a95767dd4e\pe_col'.
Parameter \ROWS = 32
Parameter \DATA_WIDTH = 16
Parameter \ACC_WIDTH = 32
Found cached RTLIL representation for module `$paramod$bdf4e2444f8bc80364662ca048a044a95767dd4e\pe_col'.
Parameter \ROWS = 32
Parameter \DATA_WIDTH = 16
Parameter \ACC_WIDTH = 32
Found cached RTLIL representation for module `$paramod$bdf4e2444f8bc80364662ca048a044a95767dd4e\pe_col'.
Parameter \ROWS = 32
Parameter \DATA_WIDTH = 16
Parameter \ACC_WIDTH = 32
Found cached RTLIL representation for module `$paramod$bdf4e2444f8bc80364662ca048a044a95767dd4e\pe_col'.
Parameter \ROWS = 32
Parameter \DATA_WIDTH = 16
Parameter \ACC_WIDTH = 32
Found cached RTLIL representation for module `$paramod$bdf4e2444f8bc80364662ca048a044a95767dd4e\pe_col'.
Parameter \ROWS = 32
Parameter \DATA_WIDTH = 16
Parameter \ACC_WIDTH = 32
Found cached RTLIL representation for module `$paramod$bdf4e2444f8bc80364662ca048a044a95767dd4e\pe_col'.
Parameter \ROWS = 32
Parameter \DATA_WIDTH = 16
Parameter \ACC_WIDTH = 32
Found cached RTLIL representation for module `$paramod$bdf4e2444f8bc80364662ca048a044a95767dd4e\pe_col'.
Parameter \ROWS = 32
Parameter \DATA_WIDTH = 16
Parameter \ACC_WIDTH = 32
Found cached RTLIL representation for module `$paramod$bdf4e2444f8bc80364662ca048a044a95767dd4e\pe_col'.
Parameter \ROWS = 32
Parameter \DATA_WIDTH = 16
Parameter \ACC_WIDTH = 32
Found cached RTLIL representation for module `$paramod$bdf4e2444f8bc80364662ca048a044a95767dd4e\pe_col'.
Parameter \ROWS = 32
Parameter \DATA_WIDTH = 16
Parameter \ACC_WIDTH = 32
Found cached RTLIL representation for module `$paramod$bdf4e2444f8bc80364662ca048a044a95767dd4e\pe_col'.
Parameter \ROWS = 32
Parameter \DATA_WIDTH = 16
Parameter \ACC_WIDTH = 32
Found cached RTLIL representation for module `$paramod$bdf4e2444f8bc80364662ca048a044a95767dd4e\pe_col'.
Parameter \ROWS = 32
Parameter \DATA_WIDTH = 16
Parameter \ACC_WIDTH = 32
Found cached RTLIL representation for module `$paramod$bdf4e2444f8bc80364662ca048a044a95767dd4e\pe_col'.
Parameter \ROWS = 32
Parameter \DATA_WIDTH = 16
Parameter \ACC_WIDTH = 32
Found cached RTLIL representation for module `$paramod$bdf4e2444f8bc80364662ca048a044a95767dd4e\pe_col'.
Parameter \ROWS = 32
Parameter \DATA_WIDTH = 16
Parameter \ACC_WIDTH = 32
Found cached RTLIL representation for module `$paramod$bdf4e2444f8bc80364662ca048a044a95767dd4e\pe_col'.
Parameter \ROWS = 32
Parameter \DATA_WIDTH = 16
Parameter \ACC_WIDTH = 32
Found cached RTLIL representation for module `$paramod$bdf4e2444f8bc80364662ca048a044a95767dd4e\pe_col'.
Parameter \ROWS = 32
Parameter \DATA_WIDTH = 16
Parameter \ACC_WIDTH = 32
Found cached RTLIL representation for module `$paramod$bdf4e2444f8bc80364662ca048a044a95767dd4e\pe_col'.

3.1.5. Analyzing design hierarchy..
Top module:  $paramod$ea9a025bc5ee84a808c2fa4f9964e04fcc1e340a\array
Used module:     $paramod$bdf4e2444f8bc80364662ca048a044a95767dd4e\pe_col
Used module:         \pe
Parameter \DATA_WIDTH = 16
Parameter \ACC_WIDTH = 32

3.1.6. Executing AST frontend in derive mode using pre-parsed AST for module `\pe'.
Parameter \DATA_WIDTH = 16
Parameter \ACC_WIDTH = 32
Generating RTLIL representation for module `$paramod$c90708c2091c5deb0a68d048d1310494f86784d2\pe'.
Parameter \DATA_WIDTH = 16
Parameter \ACC_WIDTH = 32
Found cached RTLIL representation for module `$paramod$c90708c2091c5deb0a68d048d1310494f86784d2\pe'.
Parameter \DATA_WIDTH = 16
Parameter \ACC_WIDTH = 32
Found cached RTLIL representation for module `$paramod$c90708c2091c5deb0a68d048d1310494f86784d2\pe'.
Parameter \DATA_WIDTH = 16
Parameter \ACC_WIDTH = 32
Found cached RTLIL representation for module `$paramod$c90708c2091c5deb0a68d048d1310494f86784d2\pe'.
Parameter \DATA_WIDTH = 16
Parameter \ACC_WIDTH = 32
Found cached RTLIL representation for module `$paramod$c90708c2091c5deb0a68d048d1310494f86784d2\pe'.
Parameter \DATA_WIDTH = 16
Parameter \ACC_WIDTH = 32
Found cached RTLIL representation for module `$paramod$c90708c2091c5deb0a68d048d1310494f86784d2\pe'.
Parameter \DATA_WIDTH = 16
Parameter \ACC_WIDTH = 32
Found cached RTLIL representation for module `$paramod$c90708c2091c5deb0a68d048d1310494f86784d2\pe'.
Parameter \DATA_WIDTH = 16
Parameter \ACC_WIDTH = 32
Found cached RTLIL representation for module `$paramod$c90708c2091c5deb0a68d048d1310494f86784d2\pe'.
Parameter \DATA_WIDTH = 16
Parameter \ACC_WIDTH = 32
Found cached RTLIL representation for module `$paramod$c90708c2091c5deb0a68d048d1310494f86784d2\pe'.
Parameter \DATA_WIDTH = 16
Parameter \ACC_WIDTH = 32
Found cached RTLIL representation for module `$paramod$c90708c2091c5deb0a68d048d1310494f86784d2\pe'.
Parameter \DATA_WIDTH = 16
Parameter \ACC_WIDTH = 32
Found cached RTLIL representation for module `$paramod$c90708c2091c5deb0a68d048d1310494f86784d2\pe'.
Parameter \DATA_WIDTH = 16
Parameter \ACC_WIDTH = 32
Found cached RTLIL representation for module `$paramod$c90708c2091c5deb0a68d048d1310494f86784d2\pe'.
Parameter \DATA_WIDTH = 16
Parameter \ACC_WIDTH = 32
Found cached RTLIL representation for module `$paramod$c90708c2091c5deb0a68d048d1310494f86784d2\pe'.
Parameter \DATA_WIDTH = 16
Parameter \ACC_WIDTH = 32
Found cached RTLIL representation for module `$paramod$c90708c2091c5deb0a68d048d1310494f86784d2\pe'.
Parameter \DATA_WIDTH = 16
Parameter \ACC_WIDTH = 32
Found cached RTLIL representation for module `$paramod$c90708c2091c5deb0a68d048d1310494f86784d2\pe'.
Parameter \DATA_WIDTH = 16
Parameter \ACC_WIDTH = 32
Found cached RTLIL representation for module `$paramod$c90708c2091c5deb0a68d048d1310494f86784d2\pe'.
Parameter \DATA_WIDTH = 16
Parameter \ACC_WIDTH = 32
Found cached RTLIL representation for module `$paramod$c90708c2091c5deb0a68d048d1310494f86784d2\pe'.
Parameter \DATA_WIDTH = 16
Parameter \ACC_WIDTH = 32
Found cached RTLIL representation for module `$paramod$c90708c2091c5deb0a68d048d1310494f86784d2\pe'.
Parameter \DATA_WIDTH = 16
Parameter \ACC_WIDTH = 32
Found cached RTLIL representation for module `$paramod$c90708c2091c5deb0a68d048d1310494f86784d2\pe'.
Parameter \DATA_WIDTH = 16
Parameter \ACC_WIDTH = 32
Found cached RTLIL representation for module `$paramod$c90708c2091c5deb0a68d048d1310494f86784d2\pe'.
Parameter \DATA_WIDTH = 16
Parameter \ACC_WIDTH = 32
Found cached RTLIL representation for module `$paramod$c90708c2091c5deb0a68d048d1310494f86784d2\pe'.
Parameter \DATA_WIDTH = 16
Parameter \ACC_WIDTH = 32
Found cached RTLIL representation for module `$paramod$c90708c2091c5deb0a68d048d1310494f86784d2\pe'.
Parameter \DATA_WIDTH = 16
Parameter \ACC_WIDTH = 32
Found cached RTLIL representation for module `$paramod$c90708c2091c5deb0a68d048d1310494f86784d2\pe'.
Parameter \DATA_WIDTH = 16
Parameter \ACC_WIDTH = 32
Found cached RTLIL representation for module `$paramod$c90708c2091c5deb0a68d048d1310494f86784d2\pe'.
Parameter \DATA_WIDTH = 16
Parameter \ACC_WIDTH = 32
Found cached RTLIL representation for module `$paramod$c90708c2091c5deb0a68d048d1310494f86784d2\pe'.
Parameter \DATA_WIDTH = 16
Parameter \ACC_WIDTH = 32
Found cached RTLIL representation for module `$paramod$c90708c2091c5deb0a68d048d1310494f86784d2\pe'.
Parameter \DATA_WIDTH = 16
Parameter \ACC_WIDTH = 32
Found cached RTLIL representation for module `$paramod$c90708c2091c5deb0a68d048d1310494f86784d2\pe'.
Parameter \DATA_WIDTH = 16
Parameter \ACC_WIDTH = 32
Found cached RTLIL representation for module `$paramod$c90708c2091c5deb0a68d048d1310494f86784d2\pe'.
Parameter \DATA_WIDTH = 16
Parameter \ACC_WIDTH = 32
Found cached RTLIL representation for module `$paramod$c90708c2091c5deb0a68d048d1310494f86784d2\pe'.
Parameter \DATA_WIDTH = 16
Parameter \ACC_WIDTH = 32
Found cached RTLIL representation for module `$paramod$c90708c2091c5deb0a68d048d1310494f86784d2\pe'.
Parameter \DATA_WIDTH = 16
Parameter \ACC_WIDTH = 32
Found cached RTLIL representation for module `$paramod$c90708c2091c5deb0a68d048d1310494f86784d2\pe'.
Parameter \DATA_WIDTH = 16
Parameter \ACC_WIDTH = 32
Found cached RTLIL representation for module `$paramod$c90708c2091c5deb0a68d048d1310494f86784d2\pe'.
Reprocessing module $paramod$bdf4e2444f8bc80364662ca048a044a95767dd4e\pe_col because instantiated module $paramod$c90708c2091c5deb0a68d048d1310494f86784d2\pe has become available.
Generating RTLIL representation for module `$paramod$bdf4e2444f8bc80364662ca048a044a95767dd4e\pe_col'.

3.1.7. Analyzing design hierarchy..
Top module:  $paramod$ea9a025bc5ee84a808c2fa4f9964e04fcc1e340a\array
Used module:     $paramod$bdf4e2444f8bc80364662ca048a044a95767dd4e\pe_col
Used module:         \pe
Parameter \DATA_WIDTH = 16
Parameter \ACC_WIDTH = 32
Found cached RTLIL representation for module `$paramod$c90708c2091c5deb0a68d048d1310494f86784d2\pe'.
Parameter \DATA_WIDTH = 16
Parameter \ACC_WIDTH = 32
Found cached RTLIL representation for module `$paramod$c90708c2091c5deb0a68d048d1310494f86784d2\pe'.
Parameter \DATA_WIDTH = 16
Parameter \ACC_WIDTH = 32
Found cached RTLIL representation for module `$paramod$c90708c2091c5deb0a68d048d1310494f86784d2\pe'.
Parameter \DATA_WIDTH = 16
Parameter \ACC_WIDTH = 32
Found cached RTLIL representation for module `$paramod$c90708c2091c5deb0a68d048d1310494f86784d2\pe'.
Parameter \DATA_WIDTH = 16
Parameter \ACC_WIDTH = 32
Found cached RTLIL representation for module `$paramod$c90708c2091c5deb0a68d048d1310494f86784d2\pe'.
Parameter \DATA_WIDTH = 16
Parameter \ACC_WIDTH = 32
Found cached RTLIL representation for module `$paramod$c90708c2091c5deb0a68d048d1310494f86784d2\pe'.
Parameter \DATA_WIDTH = 16
Parameter \ACC_WIDTH = 32
Found cached RTLIL representation for module `$paramod$c90708c2091c5deb0a68d048d1310494f86784d2\pe'.
Parameter \DATA_WIDTH = 16
Parameter \ACC_WIDTH = 32
Found cached RTLIL representation for module `$paramod$c90708c2091c5deb0a68d048d1310494f86784d2\pe'.
Parameter \DATA_WIDTH = 16
Parameter \ACC_WIDTH = 32
Found cached RTLIL representation for module `$paramod$c90708c2091c5deb0a68d048d1310494f86784d2\pe'.
Parameter \DATA_WIDTH = 16
Parameter \ACC_WIDTH = 32
Found cached RTLIL representation for module `$paramod$c90708c2091c5deb0a68d048d1310494f86784d2\pe'.
Parameter \DATA_WIDTH = 16
Parameter \ACC_WIDTH = 32
Found cached RTLIL representation for module `$paramod$c90708c2091c5deb0a68d048d1310494f86784d2\pe'.
Parameter \DATA_WIDTH = 16
Parameter \ACC_WIDTH = 32
Found cached RTLIL representation for module `$paramod$c90708c2091c5deb0a68d048d1310494f86784d2\pe'.
Parameter \DATA_WIDTH = 16
Parameter \ACC_WIDTH = 32
Found cached RTLIL representation for module `$paramod$c90708c2091c5deb0a68d048d1310494f86784d2\pe'.
Parameter \DATA_WIDTH = 16
Parameter \ACC_WIDTH = 32
Found cached RTLIL representation for module `$paramod$c90708c2091c5deb0a68d048d1310494f86784d2\pe'.
Parameter \DATA_WIDTH = 16
Parameter \ACC_WIDTH = 32
Found cached RTLIL representation for module `$paramod$c90708c2091c5deb0a68d048d1310494f86784d2\pe'.
Parameter \DATA_WIDTH = 16
Parameter \ACC_WIDTH = 32
Found cached RTLIL representation for module `$paramod$c90708c2091c5deb0a68d048d1310494f86784d2\pe'.
Parameter \DATA_WIDTH = 16
Parameter \ACC_WIDTH = 32
Found cached RTLIL representation for module `$paramod$c90708c2091c5deb0a68d048d1310494f86784d2\pe'.
Parameter \DATA_WIDTH = 16
Parameter \ACC_WIDTH = 32
Found cached RTLIL representation for module `$paramod$c90708c2091c5deb0a68d048d1310494f86784d2\pe'.
Parameter \DATA_WIDTH = 16
Parameter \ACC_WIDTH = 32
Found cached RTLIL representation for module `$paramod$c90708c2091c5deb0a68d048d1310494f86784d2\pe'.
Parameter \DATA_WIDTH = 16
Parameter \ACC_WIDTH = 32
Found cached RTLIL representation for module `$paramod$c90708c2091c5deb0a68d048d1310494f86784d2\pe'.
Parameter \DATA_WIDTH = 16
Parameter \ACC_WIDTH = 32
Found cached RTLIL representation for module `$paramod$c90708c2091c5deb0a68d048d1310494f86784d2\pe'.
Parameter \DATA_WIDTH = 16
Parameter \ACC_WIDTH = 32
Found cached RTLIL representation for module `$paramod$c90708c2091c5deb0a68d048d1310494f86784d2\pe'.
Parameter \DATA_WIDTH = 16
Parameter \ACC_WIDTH = 32
Found cached RTLIL representation for module `$paramod$c90708c2091c5deb0a68d048d1310494f86784d2\pe'.
Parameter \DATA_WIDTH = 16
Parameter \ACC_WIDTH = 32
Found cached RTLIL representation for module `$paramod$c90708c2091c5deb0a68d048d1310494f86784d2\pe'.
Parameter \DATA_WIDTH = 16
Parameter \ACC_WIDTH = 32
Found cached RTLIL representation for module `$paramod$c90708c2091c5deb0a68d048d1310494f86784d2\pe'.
Parameter \DATA_WIDTH = 16
Parameter \ACC_WIDTH = 32
Found cached RTLIL representation for module `$paramod$c90708c2091c5deb0a68d048d1310494f86784d2\pe'.
Parameter \DATA_WIDTH = 16
Parameter \ACC_WIDTH = 32
Found cached RTLIL representation for module `$paramod$c90708c2091c5deb0a68d048d1310494f86784d2\pe'.
Parameter \DATA_WIDTH = 16
Parameter \ACC_WIDTH = 32
Found cached RTLIL representation for module `$paramod$c90708c2091c5deb0a68d048d1310494f86784d2\pe'.
Parameter \DATA_WIDTH = 16
Parameter \ACC_WIDTH = 32
Found cached RTLIL representation for module `$paramod$c90708c2091c5deb0a68d048d1310494f86784d2\pe'.
Parameter \DATA_WIDTH = 16
Parameter \ACC_WIDTH = 32
Found cached RTLIL representation for module `$paramod$c90708c2091c5deb0a68d048d1310494f86784d2\pe'.
Parameter \DATA_WIDTH = 16
Parameter \ACC_WIDTH = 32
Found cached RTLIL representation for module `$paramod$c90708c2091c5deb0a68d048d1310494f86784d2\pe'.
Parameter \DATA_WIDTH = 16
Parameter \ACC_WIDTH = 32
Found cached RTLIL representation for module `$paramod$c90708c2091c5deb0a68d048d1310494f86784d2\pe'.

3.1.8. Analyzing design hierarchy..
Top module:  $paramod$ea9a025bc5ee84a808c2fa4f9964e04fcc1e340a\array
Used module:     $paramod$bdf4e2444f8bc80364662ca048a044a95767dd4e\pe_col
Used module:         $paramod$c90708c2091c5deb0a68d048d1310494f86784d2\pe

3.1.9. Analyzing design hierarchy..
Top module:  $paramod$ea9a025bc5ee84a808c2fa4f9964e04fcc1e340a\array
Used module:     $paramod$bdf4e2444f8bc80364662ca048a044a95767dd4e\pe_col
Used module:         $paramod$c90708c2091c5deb0a68d048d1310494f86784d2\pe
Removing unused module `\pe_col'.
Removing unused module `$paramod$8392c0aee371eac30cfcd917af9a6c37ac869d3e\pe'.
Removing unused module `\pe'.
Removed 3 unused modules.

3.2. Executing PROC pass (convert processes to netlists).

3.2.1. Executing PROC_CLEAN pass (remove empty switches from decision trees).
Cleaned up 0 empty switches.

3.2.2. Executing PROC_RMDEAD pass (remove dead branches from decision trees).
Marked 2 switch rules as full_case in process $proc$results/sv2v_output.v:22$2573 in module $paramod$c90708c2091c5deb0a68d048d1310494f86784d2\pe.
Removed a total of 0 dead cases.

3.2.3. Executing PROC_PRUNE pass (remove redundant assignments in processes).
Removed 2 redundant assignments.
Promoted 1089 assignments to connections.

3.2.4. Executing PROC_INIT pass (extract init attributes).

3.2.5. Executing PROC_ARST pass (detect async resets in processes).
Found async reset \rst_n in `$paramod$c90708c2091c5deb0a68d048d1310494f86784d2\pe.$proc$results/sv2v_output.v:22$2573'.

3.2.6. Executing PROC_ROM pass (convert switches to ROMs).
Converted 0 switches.
<suppressed ~1 debug messages>

3.2.7. Executing PROC_MUX pass (convert decision trees to multiplexers).
Creating decoders for process `$paramod$c90708c2091c5deb0a68d048d1310494f86784d2\pe.$proc$results/sv2v_output.v:22$2573'.
     1/3: $0\data_out[15:0]
     2/3: $0\acc_out[31:0]
     3/3: $0\weight_r[15:0]
Creating decoders for process `$paramod$bdf4e2444f8bc80364662ca048a044a95767dd4e\pe_col.$proc$results/sv2v_output.v:73$2736'.
Creating decoders for process `$paramod$bdf4e2444f8bc80364662ca048a044a95767dd4e\pe_col.$proc$results/sv2v_output.v:73$2735'.
Creating decoders for process `$paramod$bdf4e2444f8bc80364662ca048a044a95767dd4e\pe_col.$proc$results/sv2v_output.v:73$2734'.
Creating decoders for process `$paramod$bdf4e2444f8bc80364662ca048a044a95767dd4e\pe_col.$proc$results/sv2v_output.v:73$2733'.
Creating decoders for process `$paramod$bdf4e2444f8bc80364662ca048a044a95767dd4e\pe_col.$proc$results/sv2v_output.v:73$2732'.
Creating decoders for process `$paramod$bdf4e2444f8bc80364662ca048a044a95767dd4e\pe_col.$proc$results/sv2v_output.v:73$2731'.
Creating decoders for process `$paramod$bdf4e2444f8bc80364662ca048a044a95767dd4e\pe_col.$proc$results/sv2v_output.v:73$2730'.
Creating decoders for process `$paramod$bdf4e2444f8bc80364662ca048a044a95767dd4e\pe_col.$proc$results/sv2v_output.v:73$2729'.
Creating decoders for process `$paramod$bdf4e2444f8bc80364662ca048a044a95767dd4e\pe_col.$proc$results/sv2v_output.v:73$2728'.
Creating decoders for process `$paramod$bdf4e2444f8bc80364662ca048a044a95767dd4e\pe_col.$proc$results/sv2v_output.v:73$2727'.
Creating decoders for process `$paramod$bdf4e2444f8bc80364662ca048a044a95767dd4e\pe_col.$proc$results/sv2v_output.v:73$2726'.
Creating decoders for process `$paramod$bdf4e2444f8bc80364662ca048a044a95767dd4e\pe_col.$proc$results/sv2v_output.v:73$2725'.
Creating decoders for process `$paramod$bdf4e2444f8bc80364662ca048a044a95767dd4e\pe_col.$proc$results/sv2v_output.v:73$2724'.
Creating decoders for process `$paramod$bdf4e2444f8bc80364662ca048a044a95767dd4e\pe_col.$proc$results/sv2v_output.v:73$2723'.
Creating decoders for process `$paramod$bdf4e2444f8bc80364662ca048a044a95767dd4e\pe_col.$proc$results/sv2v_output.v:73$2722'.
Creating decoders for process `$paramod$bdf4e2444f8bc80364662ca048a044a95767dd4e\pe_col.$proc$results/sv2v_output.v:73$2721'.
Creating decoders for process `$paramod$bdf4e2444f8bc80364662ca048a044a95767dd4e\pe_col.$proc$results/sv2v_output.v:73$2720'.
Creating decoders for process `$paramod$bdf4e2444f8bc80364662ca048a044a95767dd4e\pe_col.$proc$results/sv2v_output.v:73$2719'.
Creating decoders for process `$paramod$bdf4e2444f8bc80364662ca048a044a95767dd4e\pe_col.$proc$results/sv2v_output.v:73$2718'.
Creating decoders for process `$paramod$bdf4e2444f8bc80364662ca048a044a95767dd4e\pe_col.$proc$results/sv2v_output.v:73$2717'.
Creating decoders for process `$paramod$bdf4e2444f8bc80364662ca048a044a95767dd4e\pe_col.$proc$results/sv2v_output.v:73$2716'.
Creating decoders for process `$paramod$bdf4e2444f8bc80364662ca048a044a95767dd4e\pe_col.$proc$results/sv2v_output.v:73$2715'.
Creating decoders for process `$paramod$bdf4e2444f8bc80364662ca048a044a95767dd4e\pe_col.$proc$results/sv2v_output.v:73$2714'.
Creating decoders for process `$paramod$bdf4e2444f8bc80364662ca048a044a95767dd4e\pe_col.$proc$results/sv2v_output.v:73$2713'.
Creating decoders for process `$paramod$bdf4e2444f8bc80364662ca048a044a95767dd4e\pe_col.$proc$results/sv2v_output.v:73$2712'.
Creating decoders for process `$paramod$bdf4e2444f8bc80364662ca048a044a95767dd4e\pe_col.$proc$results/sv2v_output.v:73$2711'.
Creating decoders for process `$paramod$bdf4e2444f8bc80364662ca048a044a95767dd4e\pe_col.$proc$results/sv2v_output.v:73$2710'.
Creating decoders for process `$paramod$bdf4e2444f8bc80364662ca048a044a95767dd4e\pe_col.$proc$results/sv2v_output.v:73$2709'.
Creating decoders for process `$paramod$bdf4e2444f8bc80364662ca048a044a95767dd4e\pe_col.$proc$results/sv2v_output.v:73$2708'.
Creating decoders for process `$paramod$bdf4e2444f8bc80364662ca048a044a95767dd4e\pe_col.$proc$results/sv2v_output.v:73$2707'.
Creating decoders for process `$paramod$bdf4e2444f8bc80364662ca048a044a95767dd4e\pe_col.$proc$results/sv2v_output.v:73$2706'.
Creating decoders for process `$paramod$bdf4e2444f8bc80364662ca048a044a95767dd4e\pe_col.$proc$results/sv2v_output.v:73$2705'.
Creating decoders for process `$paramod$bdf4e2444f8bc80364662ca048a044a95767dd4e\pe_col.$proc$results/sv2v_output.v:58$2704'.
Creating decoders for process `$paramod$ea9a025bc5ee84a808c2fa4f9964e04fcc1e340a\array.$proc$results/sv2v_output.v:118$2571'.
Creating decoders for process `$paramod$ea9a025bc5ee84a808c2fa4f9964e04fcc1e340a\array.$proc$results/sv2v_output.v:118$2570'.
Creating decoders for process `$paramod$ea9a025bc5ee84a808c2fa4f9964e04fcc1e340a\array.$proc$results/sv2v_output.v:118$2569'.
Creating decoders for process `$paramod$ea9a025bc5ee84a808c2fa4f9964e04fcc1e340a\array.$proc$results/sv2v_output.v:118$2568'.
Creating decoders for process `$paramod$ea9a025bc5ee84a808c2fa4f9964e04fcc1e340a\array.$proc$results/sv2v_output.v:118$2567'.
Creating decoders for process `$paramod$ea9a025bc5ee84a808c2fa4f9964e04fcc1e340a\array.$proc$results/sv2v_output.v:118$2566'.
Creating decoders for process `$paramod$ea9a025bc5ee84a808c2fa4f9964e04fcc1e340a\array.$proc$results/sv2v_output.v:118$2565'.
Creating decoders for process `$paramod$ea9a025bc5ee84a808c2fa4f9964e04fcc1e340a\array.$proc$results/sv2v_output.v:118$2564'.
Creating decoders for process `$paramod$ea9a025bc5ee84a808c2fa4f9964e04fcc1e340a\array.$proc$results/sv2v_output.v:118$2563'.
Creating decoders for process `$paramod$ea9a025bc5ee84a808c2fa4f9964e04fcc1e340a\array.$proc$results/sv2v_output.v:118$2562'.
Creating decoders for process `$paramod$ea9a025bc5ee84a808c2fa4f9964e04fcc1e340a\array.$proc$results/sv2v_output.v:118$2561'.
Creating decoders for process `$paramod$ea9a025bc5ee84a808c2fa4f9964e04fcc1e340a\array.$proc$results/sv2v_output.v:118$2560'.
Creating decoders for process `$paramod$ea9a025bc5ee84a808c2fa4f9964e04fcc1e340a\array.$proc$results/sv2v_output.v:118$2559'.
Creating decoders for process `$paramod$ea9a025bc5ee84a808c2fa4f9964e04fcc1e340a\array.$proc$results/sv2v_output.v:118$2558'.
Creating decoders for process `$paramod$ea9a025bc5ee84a808c2fa4f9964e04fcc1e340a\array.$proc$results/sv2v_output.v:118$2557'.
Creating decoders for process `$paramod$ea9a025bc5ee84a808c2fa4f9964e04fcc1e340a\array.$proc$results/sv2v_output.v:118$2556'.
Creating decoders for process `$paramod$ea9a025bc5ee84a808c2fa4f9964e04fcc1e340a\array.$proc$results/sv2v_output.v:118$2555'.
Creating decoders for process `$paramod$ea9a025bc5ee84a808c2fa4f9964e04fcc1e340a\array.$proc$results/sv2v_output.v:118$2554'.
Creating decoders for process `$paramod$ea9a025bc5ee84a808c2fa4f9964e04fcc1e340a\array.$proc$results/sv2v_output.v:118$2553'.
Creating decoders for process `$paramod$ea9a025bc5ee84a808c2fa4f9964e04fcc1e340a\array.$proc$results/sv2v_output.v:118$2552'.
Creating decoders for process `$paramod$ea9a025bc5ee84a808c2fa4f9964e04fcc1e340a\array.$proc$results/sv2v_output.v:118$2551'.
Creating decoders for process `$paramod$ea9a025bc5ee84a808c2fa4f9964e04fcc1e340a\array.$proc$results/sv2v_output.v:118$2550'.
Creating decoders for process `$paramod$ea9a025bc5ee84a808c2fa4f9964e04fcc1e340a\array.$proc$results/sv2v_output.v:118$2549'.
Creating decoders for process `$paramod$ea9a025bc5ee84a808c2fa4f9964e04fcc1e340a\array.$proc$results/sv2v_output.v:118$2548'.
Creating decoders for process `$paramod$ea9a025bc5ee84a808c2fa4f9964e04fcc1e340a\array.$proc$results/sv2v_output.v:118$2547'.
Creating decoders for process `$paramod$ea9a025bc5ee84a808c2fa4f9964e04fcc1e340a\array.$proc$results/sv2v_output.v:118$2546'.
Creating decoders for process `$paramod$ea9a025bc5ee84a808c2fa4f9964e04fcc1e340a\array.$proc$results/sv2v_output.v:118$2545'.
Creating decoders for process `$paramod$ea9a025bc5ee84a808c2fa4f9964e04fcc1e340a\array.$proc$results/sv2v_output.v:118$2544'.
Creating decoders for process `$paramod$ea9a025bc5ee84a808c2fa4f9964e04fcc1e340a\array.$proc$results/sv2v_output.v:118$2543'.
Creating decoders for process `$paramod$ea9a025bc5ee84a808c2fa4f9964e04fcc1e340a\array.$proc$results/sv2v_output.v:118$2542'.
Creating decoders for process `$paramod$ea9a025bc5ee84a808c2fa4f9964e04fcc1e340a\array.$proc$results/sv2v_output.v:118$2541'.
Creating decoders for process `$paramod$ea9a025bc5ee84a808c2fa4f9964e04fcc1e340a\array.$proc$results/sv2v_output.v:118$2540'.
Creating decoders for process `$paramod$ea9a025bc5ee84a808c2fa4f9964e04fcc1e340a\array.$proc$results/sv2v_output.v:118$2539'.
Creating decoders for process `$paramod$ea9a025bc5ee84a808c2fa4f9964e04fcc1e340a\array.$proc$results/sv2v_output.v:118$2538'.
Creating decoders for process `$paramod$ea9a025bc5ee84a808c2fa4f9964e04fcc1e340a\array.$proc$results/sv2v_output.v:118$2537'.
Creating decoders for process `$paramod$ea9a025bc5ee84a808c2fa4f9964e04fcc1e340a\array.$proc$results/sv2v_output.v:118$2536'.
Creating decoders for process `$paramod$ea9a025bc5ee84a808c2fa4f9964e04fcc1e340a\array.$proc$results/sv2v_output.v:118$2535'.
Creating decoders for process `$paramod$ea9a025bc5ee84a808c2fa4f9964e04fcc1e340a\array.$proc$results/sv2v_output.v:118$2534'.
Creating decoders for process `$paramod$ea9a025bc5ee84a808c2fa4f9964e04fcc1e340a\array.$proc$results/sv2v_output.v:118$2533'.
Creating decoders for process `$paramod$ea9a025bc5ee84a808c2fa4f9964e04fcc1e340a\array.$proc$results/sv2v_output.v:118$2532'.
Creating decoders for process `$paramod$ea9a025bc5ee84a808c2fa4f9964e04fcc1e340a\array.$proc$results/sv2v_output.v:118$2531'.
Creating decoders for process `$paramod$ea9a025bc5ee84a808c2fa4f9964e04fcc1e340a\array.$proc$results/sv2v_output.v:118$2530'.
Creating decoders for process `$paramod$ea9a025bc5ee84a808c2fa4f9964e04fcc1e340a\array.$proc$results/sv2v_output.v:118$2529'.
Creating decoders for process `$paramod$ea9a025bc5ee84a808c2fa4f9964e04fcc1e340a\array.$proc$results/sv2v_output.v:118$2528'.
Creating decoders for process `$paramod$ea9a025bc5ee84a808c2fa4f9964e04fcc1e340a\array.$proc$results/sv2v_output.v:118$2527'.
Creating decoders for process `$paramod$ea9a025bc5ee84a808c2fa4f9964e04fcc1e340a\array.$proc$results/sv2v_output.v:118$2526'.
Creating decoders for process `$paramod$ea9a025bc5ee84a808c2fa4f9964e04fcc1e340a\array.$proc$results/sv2v_output.v:118$2525'.
Creating decoders for process `$paramod$ea9a025bc5ee84a808c2fa4f9964e04fcc1e340a\array.$proc$results/sv2v_output.v:118$2524'.
Creating decoders for process `$paramod$ea9a025bc5ee84a808c2fa4f9964e04fcc1e340a\array.$proc$results/sv2v_output.v:118$2523'.
Creating decoders for process `$paramod$ea9a025bc5ee84a808c2fa4f9964e04fcc1e340a\array.$proc$results/sv2v_output.v:118$2522'.
Creating decoders for process `$paramod$ea9a025bc5ee84a808c2fa4f9964e04fcc1e340a\array.$proc$results/sv2v_output.v:118$2521'.
Creating decoders for process `$paramod$ea9a025bc5ee84a808c2fa4f9964e04fcc1e340a\array.$proc$results/sv2v_output.v:118$2520'.
Creating decoders for process `$paramod$ea9a025bc5ee84a808c2fa4f9964e04fcc1e340a\array.$proc$results/sv2v_output.v:118$2519'.
Creating decoders for process `$paramod$ea9a025bc5ee84a808c2fa4f9964e04fcc1e340a\array.$proc$results/sv2v_output.v:118$2518'.
Creating decoders for process `$paramod$ea9a025bc5ee84a808c2fa4f9964e04fcc1e340a\array.$proc$results/sv2v_output.v:118$2517'.
Creating decoders for process `$paramod$ea9a025bc5ee84a808c2fa4f9964e04fcc1e340a\array.$proc$results/sv2v_output.v:118$2516'.
Creating decoders for process `$paramod$ea9a025bc5ee84a808c2fa4f9964e04fcc1e340a\array.$proc$results/sv2v_output.v:118$2515'.
Creating decoders for process `$paramod$ea9a025bc5ee84a808c2fa4f9964e04fcc1e340a\array.$proc$results/sv2v_output.v:118$2514'.
Creating decoders for process `$paramod$ea9a025bc5ee84a808c2fa4f9964e04fcc1e340a\array.$proc$results/sv2v_output.v:118$2513'.
Creating decoders for process `$paramod$ea9a025bc5ee84a808c2fa4f9964e04fcc1e340a\array.$proc$results/sv2v_output.v:118$2512'.
Creating decoders for process `$paramod$ea9a025bc5ee84a808c2fa4f9964e04fcc1e340a\array.$proc$results/sv2v_output.v:118$2511'.
Creating decoders for process `$paramod$ea9a025bc5ee84a808c2fa4f9964e04fcc1e340a\array.$proc$results/sv2v_output.v:118$2510'.
Creating decoders for process `$paramod$ea9a025bc5ee84a808c2fa4f9964e04fcc1e340a\array.$proc$results/sv2v_output.v:118$2509'.
Creating decoders for process `$paramod$ea9a025bc5ee84a808c2fa4f9964e04fcc1e340a\array.$proc$results/sv2v_output.v:118$2508'.
Creating decoders for process `$paramod$ea9a025bc5ee84a808c2fa4f9964e04fcc1e340a\array.$proc$results/sv2v_output.v:118$2507'.
Creating decoders for process `$paramod$ea9a025bc5ee84a808c2fa4f9964e04fcc1e340a\array.$proc$results/sv2v_output.v:118$2506'.
Creating decoders for process `$paramod$ea9a025bc5ee84a808c2fa4f9964e04fcc1e340a\array.$proc$results/sv2v_output.v:118$2505'.
Creating decoders for process `$paramod$ea9a025bc5ee84a808c2fa4f9964e04fcc1e340a\array.$proc$results/sv2v_output.v:118$2504'.
Creating decoders for process `$paramod$ea9a025bc5ee84a808c2fa4f9964e04fcc1e340a\array.$proc$results/sv2v_output.v:118$2503'.
Creating decoders for process `$paramod$ea9a025bc5ee84a808c2fa4f9964e04fcc1e340a\array.$proc$results/sv2v_output.v:118$2502'.
Creating decoders for process `$paramod$ea9a025bc5ee84a808c2fa4f9964e04fcc1e340a\array.$proc$results/sv2v_output.v:118$2501'.
Creating decoders for process `$paramod$ea9a025bc5ee84a808c2fa4f9964e04fcc1e340a\array.$proc$results/sv2v_output.v:118$2500'.
Creating decoders for process `$paramod$ea9a025bc5ee84a808c2fa4f9964e04fcc1e340a\array.$proc$results/sv2v_output.v:118$2499'.
Creating decoders for process `$paramod$ea9a025bc5ee84a808c2fa4f9964e04fcc1e340a\array.$proc$results/sv2v_output.v:118$2498'.
Creating decoders for process `$paramod$ea9a025bc5ee84a808c2fa4f9964e04fcc1e340a\array.$proc$results/sv2v_output.v:118$2497'.
Creating decoders for process `$paramod$ea9a025bc5ee84a808c2fa4f9964e04fcc1e340a\array.$proc$results/sv2v_output.v:118$2496'.
Creating decoders for process `$paramod$ea9a025bc5ee84a808c2fa4f9964e04fcc1e340a\array.$proc$results/sv2v_output.v:118$2495'.
Creating decoders for process `$paramod$ea9a025bc5ee84a808c2fa4f9964e04fcc1e340a\array.$proc$results/sv2v_output.v:118$2494'.
Creating decoders for process `$paramod$ea9a025bc5ee84a808c2fa4f9964e04fcc1e340a\array.$proc$results/sv2v_output.v:118$2493'.
Creating decoders for process `$paramod$ea9a025bc5ee84a808c2fa4f9964e04fcc1e340a\array.$proc$results/sv2v_output.v:118$2492'.
Creating decoders for process `$paramod$ea9a025bc5ee84a808c2fa4f9964e04fcc1e340a\array.$proc$results/sv2v_output.v:118$2491'.
Creating decoders for process `$paramod$ea9a025bc5ee84a808c2fa4f9964e04fcc1e340a\array.$proc$results/sv2v_output.v:118$2490'.
Creating decoders for process `$paramod$ea9a025bc5ee84a808c2fa4f9964e04fcc1e340a\array.$proc$results/sv2v_output.v:118$2489'.
Creating decoders for process `$paramod$ea9a025bc5ee84a808c2fa4f9964e04fcc1e340a\array.$proc$results/sv2v_output.v:118$2488'.
Creating decoders for process `$paramod$ea9a025bc5ee84a808c2fa4f9964e04fcc1e340a\array.$proc$results/sv2v_output.v:118$2487'.
Creating decoders for process `$paramod$ea9a025bc5ee84a808c2fa4f9964e04fcc1e340a\array.$proc$results/sv2v_output.v:118$2486'.
Creating decoders for process `$paramod$ea9a025bc5ee84a808c2fa4f9964e04fcc1e340a\array.$proc$results/sv2v_output.v:118$2485'.
Creating decoders for process `$paramod$ea9a025bc5ee84a808c2fa4f9964e04fcc1e340a\array.$proc$results/sv2v_output.v:118$2484'.
Creating decoders for process `$paramod$ea9a025bc5ee84a808c2fa4f9964e04fcc1e340a\array.$proc$results/sv2v_output.v:118$2483'.
Creating decoders for process `$paramod$ea9a025bc5ee84a808c2fa4f9964e04fcc1e340a\array.$proc$results/sv2v_output.v:118$2482'.
Creating decoders for process `$paramod$ea9a025bc5ee84a808c2fa4f9964e04fcc1e340a\array.$proc$results/sv2v_output.v:118$2481'.
Creating decoders for process `$paramod$ea9a025bc5ee84a808c2fa4f9964e04fcc1e340a\array.$proc$results/sv2v_output.v:118$2480'.
Creating decoders for process `$paramod$ea9a025bc5ee84a808c2fa4f9964e04fcc1e340a\array.$proc$results/sv2v_output.v:118$2479'.
Creating decoders for process `$paramod$ea9a025bc5ee84a808c2fa4f9964e04fcc1e340a\array.$proc$results/sv2v_output.v:118$2478'.
Creating decoders for process `$paramod$ea9a025bc5ee84a808c2fa4f9964e04fcc1e340a\array.$proc$results/sv2v_output.v:118$2477'.
Creating decoders for process `$paramod$ea9a025bc5ee84a808c2fa4f9964e04fcc1e340a\array.$proc$results/sv2v_output.v:118$2476'.
Creating decoders for process `$paramod$ea9a025bc5ee84a808c2fa4f9964e04fcc1e340a\array.$proc$results/sv2v_output.v:118$2475'.
Creating decoders for process `$paramod$ea9a025bc5ee84a808c2fa4f9964e04fcc1e340a\array.$proc$results/sv2v_output.v:118$2474'.
Creating decoders for process `$paramod$ea9a025bc5ee84a808c2fa4f9964e04fcc1e340a\array.$proc$results/sv2v_output.v:118$2473'.
Creating decoders for process `$paramod$ea9a025bc5ee84a808c2fa4f9964e04fcc1e340a\array.$proc$results/sv2v_output.v:118$2472'.
Creating decoders for process `$paramod$ea9a025bc5ee84a808c2fa4f9964e04fcc1e340a\array.$proc$results/sv2v_output.v:118$2471'.
Creating decoders for process `$paramod$ea9a025bc5ee84a808c2fa4f9964e04fcc1e340a\array.$proc$results/sv2v_output.v:118$2470'.
Creating decoders for process `$paramod$ea9a025bc5ee84a808c2fa4f9964e04fcc1e340a\array.$proc$results/sv2v_output.v:118$2469'.
Creating decoders for process `$paramod$ea9a025bc5ee84a808c2fa4f9964e04fcc1e340a\array.$proc$results/sv2v_output.v:118$2468'.
Creating decoders for process `$paramod$ea9a025bc5ee84a808c2fa4f9964e04fcc1e340a\array.$proc$results/sv2v_output.v:118$2467'.
Creating decoders for process `$paramod$ea9a025bc5ee84a808c2fa4f9964e04fcc1e340a\array.$proc$results/sv2v_output.v:118$2466'.
Creating decoders for process `$paramod$ea9a025bc5ee84a808c2fa4f9964e04fcc1e340a\array.$proc$results/sv2v_output.v:118$2465'.
Creating decoders for process `$paramod$ea9a025bc5ee84a808c2fa4f9964e04fcc1e340a\array.$proc$results/sv2v_output.v:118$2464'.
Creating decoders for process `$paramod$ea9a025bc5ee84a808c2fa4f9964e04fcc1e340a\array.$proc$results/sv2v_output.v:118$2463'.
Creating decoders for process `$paramod$ea9a025bc5ee84a808c2fa4f9964e04fcc1e340a\array.$proc$results/sv2v_output.v:118$2462'.
Creating decoders for process `$paramod$ea9a025bc5ee84a808c2fa4f9964e04fcc1e340a\array.$proc$results/sv2v_output.v:118$2461'.
Creating decoders for process `$paramod$ea9a025bc5ee84a808c2fa4f9964e04fcc1e340a\array.$proc$results/sv2v_output.v:118$2460'.
Creating decoders for process `$paramod$ea9a025bc5ee84a808c2fa4f9964e04fcc1e340a\array.$proc$results/sv2v_output.v:118$2459'.
Creating decoders for process `$paramod$ea9a025bc5ee84a808c2fa4f9964e04fcc1e340a\array.$proc$results/sv2v_output.v:118$2458'.
Creating decoders for process `$paramod$ea9a025bc5ee84a808c2fa4f9964e04fcc1e340a\array.$proc$results/sv2v_output.v:118$2457'.
Creating decoders for process `$paramod$ea9a025bc5ee84a808c2fa4f9964e04fcc1e340a\array.$proc$results/sv2v_output.v:118$2456'.
Creating decoders for process `$paramod$ea9a025bc5ee84a808c2fa4f9964e04fcc1e340a\array.$proc$results/sv2v_output.v:118$2455'.
Creating decoders for process `$paramod$ea9a025bc5ee84a808c2fa4f9964e04fcc1e340a\array.$proc$results/sv2v_output.v:118$2454'.
Creating decoders for process `$paramod$ea9a025bc5ee84a808c2fa4f9964e04fcc1e340a\array.$proc$results/sv2v_output.v:118$2453'.
Creating decoders for process `$paramod$ea9a025bc5ee84a808c2fa4f9964e04fcc1e340a\array.$proc$results/sv2v_output.v:118$2452'.
Creating decoders for process `$paramod$ea9a025bc5ee84a808c2fa4f9964e04fcc1e340a\array.$proc$results/sv2v_output.v:118$2451'.
Creating decoders for process `$paramod$ea9a025bc5ee84a808c2fa4f9964e04fcc1e340a\array.$proc$results/sv2v_output.v:118$2450'.
Creating decoders for process `$paramod$ea9a025bc5ee84a808c2fa4f9964e04fcc1e340a\array.$proc$results/sv2v_output.v:118$2449'.
Creating decoders for process `$paramod$ea9a025bc5ee84a808c2fa4f9964e04fcc1e340a\array.$proc$results/sv2v_output.v:118$2448'.
Creating decoders for process `$paramod$ea9a025bc5ee84a808c2fa4f9964e04fcc1e340a\array.$proc$results/sv2v_output.v:118$2447'.
Creating decoders for process `$paramod$ea9a025bc5ee84a808c2fa4f9964e04fcc1e340a\array.$proc$results/sv2v_output.v:118$2446'.
Creating decoders for process `$paramod$ea9a025bc5ee84a808c2fa4f9964e04fcc1e340a\array.$proc$results/sv2v_output.v:118$2445'.
Creating decoders for process `$paramod$ea9a025bc5ee84a808c2fa4f9964e04fcc1e340a\array.$proc$results/sv2v_output.v:118$2444'.
Creating decoders for process `$paramod$ea9a025bc5ee84a808c2fa4f9964e04fcc1e340a\array.$proc$results/sv2v_output.v:118$2443'.
Creating decoders for process `$paramod$ea9a025bc5ee84a808c2fa4f9964e04fcc1e340a\array.$proc$results/sv2v_output.v:118$2442'.
Creating decoders for process `$paramod$ea9a025bc5ee84a808c2fa4f9964e04fcc1e340a\array.$proc$results/sv2v_output.v:118$2441'.
Creating decoders for process `$paramod$ea9a025bc5ee84a808c2fa4f9964e04fcc1e340a\array.$proc$results/sv2v_output.v:118$2440'.
Creating decoders for process `$paramod$ea9a025bc5ee84a808c2fa4f9964e04fcc1e340a\array.$proc$results/sv2v_output.v:118$2439'.
Creating decoders for process `$paramod$ea9a025bc5ee84a808c2fa4f9964e04fcc1e340a\array.$proc$results/sv2v_output.v:118$2438'.
Creating decoders for process `$paramod$ea9a025bc5ee84a808c2fa4f9964e04fcc1e340a\array.$proc$results/sv2v_output.v:118$2437'.
Creating decoders for process `$paramod$ea9a025bc5ee84a808c2fa4f9964e04fcc1e340a\array.$proc$results/sv2v_output.v:118$2436'.
Creating decoders for process `$paramod$ea9a025bc5ee84a808c2fa4f9964e04fcc1e340a\array.$proc$results/sv2v_output.v:118$2435'.
Creating decoders for process `$paramod$ea9a025bc5ee84a808c2fa4f9964e04fcc1e340a\array.$proc$results/sv2v_output.v:118$2434'.
Creating decoders for process `$paramod$ea9a025bc5ee84a808c2fa4f9964e04fcc1e340a\array.$proc$results/sv2v_output.v:118$2433'.
Creating decoders for process `$paramod$ea9a025bc5ee84a808c2fa4f9964e04fcc1e340a\array.$proc$results/sv2v_output.v:118$2432'.
Creating decoders for process `$paramod$ea9a025bc5ee84a808c2fa4f9964e04fcc1e340a\array.$proc$results/sv2v_output.v:118$2431'.
Creating decoders for process `$paramod$ea9a025bc5ee84a808c2fa4f9964e04fcc1e340a\array.$proc$results/sv2v_output.v:118$2430'.
Creating decoders for process `$paramod$ea9a025bc5ee84a808c2fa4f9964e04fcc1e340a\array.$proc$results/sv2v_output.v:118$2429'.
Creating decoders for process `$paramod$ea9a025bc5ee84a808c2fa4f9964e04fcc1e340a\array.$proc$results/sv2v_output.v:118$2428'.
Creating decoders for process `$paramod$ea9a025bc5ee84a808c2fa4f9964e04fcc1e340a\array.$proc$results/sv2v_output.v:118$2427'.
Creating decoders for process `$paramod$ea9a025bc5ee84a808c2fa4f9964e04fcc1e340a\array.$proc$results/sv2v_output.v:118$2426'.
Creating decoders for process `$paramod$ea9a025bc5ee84a808c2fa4f9964e04fcc1e340a\array.$proc$results/sv2v_output.v:118$2425'.
Creating decoders for process `$paramod$ea9a025bc5ee84a808c2fa4f9964e04fcc1e340a\array.$proc$results/sv2v_output.v:118$2424'.
Creating decoders for process `$paramod$ea9a025bc5ee84a808c2fa4f9964e04fcc1e340a\array.$proc$results/sv2v_output.v:118$2423'.
Creating decoders for process `$paramod$ea9a025bc5ee84a808c2fa4f9964e04fcc1e340a\array.$proc$results/sv2v_output.v:118$2422'.
Creating decoders for process `$paramod$ea9a025bc5ee84a808c2fa4f9964e04fcc1e340a\array.$proc$results/sv2v_output.v:118$2421'.
Creating decoders for process `$paramod$ea9a025bc5ee84a808c2fa4f9964e04fcc1e340a\array.$proc$results/sv2v_output.v:118$2420'.
Creating decoders for process `$paramod$ea9a025bc5ee84a808c2fa4f9964e04fcc1e340a\array.$proc$results/sv2v_output.v:118$2419'.
Creating decoders for process `$paramod$ea9a025bc5ee84a808c2fa4f9964e04fcc1e340a\array.$proc$results/sv2v_output.v:118$2418'.
Creating decoders for process `$paramod$ea9a025bc5ee84a808c2fa4f9964e04fcc1e340a\array.$proc$results/sv2v_output.v:118$2417'.
Creating decoders for process `$paramod$ea9a025bc5ee84a808c2fa4f9964e04fcc1e340a\array.$proc$results/sv2v_output.v:118$2416'.
Creating decoders for process `$paramod$ea9a025bc5ee84a808c2fa4f9964e04fcc1e340a\array.$proc$results/sv2v_output.v:118$2415'.
Creating decoders for process `$paramod$ea9a025bc5ee84a808c2fa4f9964e04fcc1e340a\array.$proc$results/sv2v_output.v:118$2414'.
Creating decoders for process `$paramod$ea9a025bc5ee84a808c2fa4f9964e04fcc1e340a\array.$proc$results/sv2v_output.v:118$2413'.
Creating decoders for process `$paramod$ea9a025bc5ee84a808c2fa4f9964e04fcc1e340a\array.$proc$results/sv2v_output.v:118$2412'.
Creating decoders for process `$paramod$ea9a025bc5ee84a808c2fa4f9964e04fcc1e340a\array.$proc$results/sv2v_output.v:118$2411'.
Creating decoders for process `$paramod$ea9a025bc5ee84a808c2fa4f9964e04fcc1e340a\array.$proc$results/sv2v_output.v:118$2410'.
Creating decoders for process `$paramod$ea9a025bc5ee84a808c2fa4f9964e04fcc1e340a\array.$proc$results/sv2v_output.v:118$2409'.
Creating decoders for process `$paramod$ea9a025bc5ee84a808c2fa4f9964e04fcc1e340a\array.$proc$results/sv2v_output.v:118$2408'.
Creating decoders for process `$paramod$ea9a025bc5ee84a808c2fa4f9964e04fcc1e340a\array.$proc$results/sv2v_output.v:118$2407'.
Creating decoders for process `$paramod$ea9a025bc5ee84a808c2fa4f9964e04fcc1e340a\array.$proc$results/sv2v_output.v:118$2406'.
Creating decoders for process `$paramod$ea9a025bc5ee84a808c2fa4f9964e04fcc1e340a\array.$proc$results/sv2v_output.v:118$2405'.
Creating decoders for process `$paramod$ea9a025bc5ee84a808c2fa4f9964e04fcc1e340a\array.$proc$results/sv2v_output.v:118$2404'.
Creating decoders for process `$paramod$ea9a025bc5ee84a808c2fa4f9964e04fcc1e340a\array.$proc$results/sv2v_output.v:118$2403'.
Creating decoders for process `$paramod$ea9a025bc5ee84a808c2fa4f9964e04fcc1e340a\array.$proc$results/sv2v_output.v:118$2402'.
Creating decoders for process `$paramod$ea9a025bc5ee84a808c2fa4f9964e04fcc1e340a\array.$proc$results/sv2v_output.v:118$2401'.
Creating decoders for process `$paramod$ea9a025bc5ee84a808c2fa4f9964e04fcc1e340a\array.$proc$results/sv2v_output.v:118$2400'.
Creating decoders for process `$paramod$ea9a025bc5ee84a808c2fa4f9964e04fcc1e340a\array.$proc$results/sv2v_output.v:118$2399'.
Creating decoders for process `$paramod$ea9a025bc5ee84a808c2fa4f9964e04fcc1e340a\array.$proc$results/sv2v_output.v:118$2398'.
Creating decoders for process `$paramod$ea9a025bc5ee84a808c2fa4f9964e04fcc1e340a\array.$proc$results/sv2v_output.v:118$2397'.
Creating decoders for process `$paramod$ea9a025bc5ee84a808c2fa4f9964e04fcc1e340a\array.$proc$results/sv2v_output.v:118$2396'.
Creating decoders for process `$paramod$ea9a025bc5ee84a808c2fa4f9964e04fcc1e340a\array.$proc$results/sv2v_output.v:118$2395'.
Creating decoders for process `$paramod$ea9a025bc5ee84a808c2fa4f9964e04fcc1e340a\array.$proc$results/sv2v_output.v:118$2394'.
Creating decoders for process `$paramod$ea9a025bc5ee84a808c2fa4f9964e04fcc1e340a\array.$proc$results/sv2v_output.v:118$2393'.
Creating decoders for process `$paramod$ea9a025bc5ee84a808c2fa4f9964e04fcc1e340a\array.$proc$results/sv2v_output.v:118$2392'.
Creating decoders for process `$paramod$ea9a025bc5ee84a808c2fa4f9964e04fcc1e340a\array.$proc$results/sv2v_output.v:118$2391'.
Creating decoders for process `$paramod$ea9a025bc5ee84a808c2fa4f9964e04fcc1e340a\array.$proc$results/sv2v_output.v:118$2390'.
Creating decoders for process `$paramod$ea9a025bc5ee84a808c2fa4f9964e04fcc1e340a\array.$proc$results/sv2v_output.v:118$2389'.
Creating decoders for process `$paramod$ea9a025bc5ee84a808c2fa4f9964e04fcc1e340a\array.$proc$results/sv2v_output.v:118$2388'.
Creating decoders for process `$paramod$ea9a025bc5ee84a808c2fa4f9964e04fcc1e340a\array.$proc$results/sv2v_output.v:118$2387'.
Creating decoders for process `$paramod$ea9a025bc5ee84a808c2fa4f9964e04fcc1e340a\array.$proc$results/sv2v_output.v:118$2386'.
Creating decoders for process `$paramod$ea9a025bc5ee84a808c2fa4f9964e04fcc1e340a\array.$proc$results/sv2v_output.v:118$2385'.
Creating decoders for process `$paramod$ea9a025bc5ee84a808c2fa4f9964e04fcc1e340a\array.$proc$results/sv2v_output.v:118$2384'.
Creating decoders for process `$paramod$ea9a025bc5ee84a808c2fa4f9964e04fcc1e340a\array.$proc$results/sv2v_output.v:118$2383'.
Creating decoders for process `$paramod$ea9a025bc5ee84a808c2fa4f9964e04fcc1e340a\array.$proc$results/sv2v_output.v:118$2382'.
Creating decoders for process `$paramod$ea9a025bc5ee84a808c2fa4f9964e04fcc1e340a\array.$proc$results/sv2v_output.v:118$2381'.
Creating decoders for process `$paramod$ea9a025bc5ee84a808c2fa4f9964e04fcc1e340a\array.$proc$results/sv2v_output.v:118$2380'.
Creating decoders for process `$paramod$ea9a025bc5ee84a808c2fa4f9964e04fcc1e340a\array.$proc$results/sv2v_output.v:118$2379'.
Creating decoders for process `$paramod$ea9a025bc5ee84a808c2fa4f9964e04fcc1e340a\array.$proc$results/sv2v_output.v:118$2378'.
Creating decoders for process `$paramod$ea9a025bc5ee84a808c2fa4f9964e04fcc1e340a\array.$proc$results/sv2v_output.v:118$2377'.
Creating decoders for process `$paramod$ea9a025bc5ee84a808c2fa4f9964e04fcc1e340a\array.$proc$results/sv2v_output.v:118$2376'.
Creating decoders for process `$paramod$ea9a025bc5ee84a808c2fa4f9964e04fcc1e340a\array.$proc$results/sv2v_output.v:118$2375'.
Creating decoders for process `$paramod$ea9a025bc5ee84a808c2fa4f9964e04fcc1e340a\array.$proc$results/sv2v_output.v:118$2374'.
Creating decoders for process `$paramod$ea9a025bc5ee84a808c2fa4f9964e04fcc1e340a\array.$proc$results/sv2v_output.v:118$2373'.
Creating decoders for process `$paramod$ea9a025bc5ee84a808c2fa4f9964e04fcc1e340a\array.$proc$results/sv2v_output.v:118$2372'.
Creating decoders for process `$paramod$ea9a025bc5ee84a808c2fa4f9964e04fcc1e340a\array.$proc$results/sv2v_output.v:118$2371'.
Creating decoders for process `$paramod$ea9a025bc5ee84a808c2fa4f9964e04fcc1e340a\array.$proc$results/sv2v_output.v:118$2370'.
Creating decoders for process `$paramod$ea9a025bc5ee84a808c2fa4f9964e04fcc1e340a\array.$proc$results/sv2v_output.v:118$2369'.
Creating decoders for process `$paramod$ea9a025bc5ee84a808c2fa4f9964e04fcc1e340a\array.$proc$results/sv2v_output.v:118$2368'.
Creating decoders for process `$paramod$ea9a025bc5ee84a808c2fa4f9964e04fcc1e340a\array.$proc$results/sv2v_output.v:118$2367'.
Creating decoders for process `$paramod$ea9a025bc5ee84a808c2fa4f9964e04fcc1e340a\array.$proc$results/sv2v_output.v:118$2366'.
Creating decoders for process `$paramod$ea9a025bc5ee84a808c2fa4f9964e04fcc1e340a\array.$proc$results/sv2v_output.v:118$2365'.
Creating decoders for process `$paramod$ea9a025bc5ee84a808c2fa4f9964e04fcc1e340a\array.$proc$results/sv2v_output.v:118$2364'.
Creating decoders for process `$paramod$ea9a025bc5ee84a808c2fa4f9964e04fcc1e340a\array.$proc$results/sv2v_output.v:118$2363'.
Creating decoders for process `$paramod$ea9a025bc5ee84a808c2fa4f9964e04fcc1e340a\array.$proc$results/sv2v_output.v:118$2362'.
Creating decoders for process `$paramod$ea9a025bc5ee84a808c2fa4f9964e04fcc1e340a\array.$proc$results/sv2v_output.v:118$2361'.
Creating decoders for process `$paramod$ea9a025bc5ee84a808c2fa4f9964e04fcc1e340a\array.$proc$results/sv2v_output.v:118$2360'.
Creating decoders for process `$paramod$ea9a025bc5ee84a808c2fa4f9964e04fcc1e340a\array.$proc$results/sv2v_output.v:118$2359'.
Creating decoders for process `$paramod$ea9a025bc5ee84a808c2fa4f9964e04fcc1e340a\array.$proc$results/sv2v_output.v:118$2358'.
Creating decoders for process `$paramod$ea9a025bc5ee84a808c2fa4f9964e04fcc1e340a\array.$proc$results/sv2v_output.v:118$2357'.
Creating decoders for process `$paramod$ea9a025bc5ee84a808c2fa4f9964e04fcc1e340a\array.$proc$results/sv2v_output.v:118$2356'.
Creating decoders for process `$paramod$ea9a025bc5ee84a808c2fa4f9964e04fcc1e340a\array.$proc$results/sv2v_output.v:118$2355'.
Creating decoders for process `$paramod$ea9a025bc5ee84a808c2fa4f9964e04fcc1e340a\array.$proc$results/sv2v_output.v:118$2354'.
Creating decoders for process `$paramod$ea9a025bc5ee84a808c2fa4f9964e04fcc1e340a\array.$proc$results/sv2v_output.v:118$2353'.
Creating decoders for process `$paramod$ea9a025bc5ee84a808c2fa4f9964e04fcc1e340a\array.$proc$results/sv2v_output.v:118$2352'.
Creating decoders for process `$paramod$ea9a025bc5ee84a808c2fa4f9964e04fcc1e340a\array.$proc$results/sv2v_output.v:118$2351'.
Creating decoders for process `$paramod$ea9a025bc5ee84a808c2fa4f9964e04fcc1e340a\array.$proc$results/sv2v_output.v:118$2350'.
Creating decoders for process `$paramod$ea9a025bc5ee84a808c2fa4f9964e04fcc1e340a\array.$proc$results/sv2v_output.v:118$2349'.
Creating decoders for process `$paramod$ea9a025bc5ee84a808c2fa4f9964e04fcc1e340a\array.$proc$results/sv2v_output.v:118$2348'.
Creating decoders for process `$paramod$ea9a025bc5ee84a808c2fa4f9964e04fcc1e340a\array.$proc$results/sv2v_output.v:118$2347'.
Creating decoders for process `$paramod$ea9a025bc5ee84a808c2fa4f9964e04fcc1e340a\array.$proc$results/sv2v_output.v:118$2346'.
Creating decoders for process `$paramod$ea9a025bc5ee84a808c2fa4f9964e04fcc1e340a\array.$proc$results/sv2v_output.v:118$2345'.
Creating decoders for process `$paramod$ea9a025bc5ee84a808c2fa4f9964e04fcc1e340a\array.$proc$results/sv2v_output.v:118$2344'.
Creating decoders for process `$paramod$ea9a025bc5ee84a808c2fa4f9964e04fcc1e340a\array.$proc$results/sv2v_output.v:118$2343'.
Creating decoders for process `$paramod$ea9a025bc5ee84a808c2fa4f9964e04fcc1e340a\array.$proc$results/sv2v_output.v:118$2342'.
Creating decoders for process `$paramod$ea9a025bc5ee84a808c2fa4f9964e04fcc1e340a\array.$proc$results/sv2v_output.v:118$2341'.
Creating decoders for process `$paramod$ea9a025bc5ee84a808c2fa4f9964e04fcc1e340a\array.$proc$results/sv2v_output.v:118$2340'.
Creating decoders for process `$paramod$ea9a025bc5ee84a808c2fa4f9964e04fcc1e340a\array.$proc$results/sv2v_output.v:118$2339'.
Creating decoders for process `$paramod$ea9a025bc5ee84a808c2fa4f9964e04fcc1e340a\array.$proc$results/sv2v_output.v:118$2338'.
Creating decoders for process `$paramod$ea9a025bc5ee84a808c2fa4f9964e04fcc1e340a\array.$proc$results/sv2v_output.v:118$2337'.
Creating decoders for process `$paramod$ea9a025bc5ee84a808c2fa4f9964e04fcc1e340a\array.$proc$results/sv2v_output.v:118$2336'.
Creating decoders for process `$paramod$ea9a025bc5ee84a808c2fa4f9964e04fcc1e340a\array.$proc$results/sv2v_output.v:118$2335'.
Creating decoders for process `$paramod$ea9a025bc5ee84a808c2fa4f9964e04fcc1e340a\array.$proc$results/sv2v_output.v:118$2334'.
Creating decoders for process `$paramod$ea9a025bc5ee84a808c2fa4f9964e04fcc1e340a\array.$proc$results/sv2v_output.v:118$2333'.
Creating decoders for process `$paramod$ea9a025bc5ee84a808c2fa4f9964e04fcc1e340a\array.$proc$results/sv2v_output.v:118$2332'.
Creating decoders for process `$paramod$ea9a025bc5ee84a808c2fa4f9964e04fcc1e340a\array.$proc$results/sv2v_output.v:118$2331'.
Creating decoders for process `$paramod$ea9a025bc5ee84a808c2fa4f9964e04fcc1e340a\array.$proc$results/sv2v_output.v:118$2330'.
Creating decoders for process `$paramod$ea9a025bc5ee84a808c2fa4f9964e04fcc1e340a\array.$proc$results/sv2v_output.v:118$2329'.
Creating decoders for process `$paramod$ea9a025bc5ee84a808c2fa4f9964e04fcc1e340a\array.$proc$results/sv2v_output.v:118$2328'.
Creating decoders for process `$paramod$ea9a025bc5ee84a808c2fa4f9964e04fcc1e340a\array.$proc$results/sv2v_output.v:118$2327'.
Creating decoders for process `$paramod$ea9a025bc5ee84a808c2fa4f9964e04fcc1e340a\array.$proc$results/sv2v_output.v:118$2326'.
Creating decoders for process `$paramod$ea9a025bc5ee84a808c2fa4f9964e04fcc1e340a\array.$proc$results/sv2v_output.v:118$2325'.
Creating decoders for process `$paramod$ea9a025bc5ee84a808c2fa4f9964e04fcc1e340a\array.$proc$results/sv2v_output.v:118$2324'.
Creating decoders for process `$paramod$ea9a025bc5ee84a808c2fa4f9964e04fcc1e340a\array.$proc$results/sv2v_output.v:118$2323'.
Creating decoders for process `$paramod$ea9a025bc5ee84a808c2fa4f9964e04fcc1e340a\array.$proc$results/sv2v_output.v:118$2322'.
Creating decoders for process `$paramod$ea9a025bc5ee84a808c2fa4f9964e04fcc1e340a\array.$proc$results/sv2v_output.v:118$2321'.
Creating decoders for process `$paramod$ea9a025bc5ee84a808c2fa4f9964e04fcc1e340a\array.$proc$results/sv2v_output.v:118$2320'.
Creating decoders for process `$paramod$ea9a025bc5ee84a808c2fa4f9964e04fcc1e340a\array.$proc$results/sv2v_output.v:118$2319'.
Creating decoders for process `$paramod$ea9a025bc5ee84a808c2fa4f9964e04fcc1e340a\array.$proc$results/sv2v_output.v:118$2318'.
Creating decoders for process `$paramod$ea9a025bc5ee84a808c2fa4f9964e04fcc1e340a\array.$proc$results/sv2v_output.v:118$2317'.
Creating decoders for process `$paramod$ea9a025bc5ee84a808c2fa4f9964e04fcc1e340a\array.$proc$results/sv2v_output.v:118$2316'.
Creating decoders for process `$paramod$ea9a025bc5ee84a808c2fa4f9964e04fcc1e340a\array.$proc$results/sv2v_output.v:118$2315'.
Creating decoders for process `$paramod$ea9a025bc5ee84a808c2fa4f9964e04fcc1e340a\array.$proc$results/sv2v_output.v:118$2314'.
Creating decoders for process `$paramod$ea9a025bc5ee84a808c2fa4f9964e04fcc1e340a\array.$proc$results/sv2v_output.v:118$2313'.
Creating decoders for process `$paramod$ea9a025bc5ee84a808c2fa4f9964e04fcc1e340a\array.$proc$results/sv2v_output.v:118$2312'.
Creating decoders for process `$paramod$ea9a025bc5ee84a808c2fa4f9964e04fcc1e340a\array.$proc$results/sv2v_output.v:118$2311'.
Creating decoders for process `$paramod$ea9a025bc5ee84a808c2fa4f9964e04fcc1e340a\array.$proc$results/sv2v_output.v:118$2310'.
Creating decoders for process `$paramod$ea9a025bc5ee84a808c2fa4f9964e04fcc1e340a\array.$proc$results/sv2v_output.v:118$2309'.
Creating decoders for process `$paramod$ea9a025bc5ee84a808c2fa4f9964e04fcc1e340a\array.$proc$results/sv2v_output.v:118$2308'.
Creating decoders for process `$paramod$ea9a025bc5ee84a808c2fa4f9964e04fcc1e340a\array.$proc$results/sv2v_output.v:118$2307'.
Creating decoders for process `$paramod$ea9a025bc5ee84a808c2fa4f9964e04fcc1e340a\array.$proc$results/sv2v_output.v:118$2306'.
Creating decoders for process `$paramod$ea9a025bc5ee84a808c2fa4f9964e04fcc1e340a\array.$proc$results/sv2v_output.v:118$2305'.
Creating decoders for process `$paramod$ea9a025bc5ee84a808c2fa4f9964e04fcc1e340a\array.$proc$results/sv2v_output.v:118$2304'.
Creating decoders for process `$paramod$ea9a025bc5ee84a808c2fa4f9964e04fcc1e340a\array.$proc$results/sv2v_output.v:118$2303'.
Creating decoders for process `$paramod$ea9a025bc5ee84a808c2fa4f9964e04fcc1e340a\array.$proc$results/sv2v_output.v:118$2302'.
Creating decoders for process `$paramod$ea9a025bc5ee84a808c2fa4f9964e04fcc1e340a\array.$proc$results/sv2v_output.v:118$2301'.
Creating decoders for process `$paramod$ea9a025bc5ee84a808c2fa4f9964e04fcc1e340a\array.$proc$results/sv2v_output.v:118$2300'.
Creating decoders for process `$paramod$ea9a025bc5ee84a808c2fa4f9964e04fcc1e340a\array.$proc$results/sv2v_output.v:118$2299'.
Creating decoders for process `$paramod$ea9a025bc5ee84a808c2fa4f9964e04fcc1e340a\array.$proc$results/sv2v_output.v:118$2298'.
Creating decoders for process `$paramod$ea9a025bc5ee84a808c2fa4f9964e04fcc1e340a\array.$proc$results/sv2v_output.v:118$2297'.
Creating decoders for process `$paramod$ea9a025bc5ee84a808c2fa4f9964e04fcc1e340a\array.$proc$results/sv2v_output.v:118$2296'.
Creating decoders for process `$paramod$ea9a025bc5ee84a808c2fa4f9964e04fcc1e340a\array.$proc$results/sv2v_output.v:118$2295'.
Creating decoders for process `$paramod$ea9a025bc5ee84a808c2fa4f9964e04fcc1e340a\array.$proc$results/sv2v_output.v:118$2294'.
Creating decoders for process `$paramod$ea9a025bc5ee84a808c2fa4f9964e04fcc1e340a\array.$proc$results/sv2v_output.v:118$2293'.
Creating decoders for process `$paramod$ea9a025bc5ee84a808c2fa4f9964e04fcc1e340a\array.$proc$results/sv2v_output.v:118$2292'.
Creating decoders for process `$paramod$ea9a025bc5ee84a808c2fa4f9964e04fcc1e340a\array.$proc$results/sv2v_output.v:118$2291'.
Creating decoders for process `$paramod$ea9a025bc5ee84a808c2fa4f9964e04fcc1e340a\array.$proc$results/sv2v_output.v:118$2290'.
Creating decoders for process `$paramod$ea9a025bc5ee84a808c2fa4f9964e04fcc1e340a\array.$proc$results/sv2v_output.v:118$2289'.
Creating decoders for process `$paramod$ea9a025bc5ee84a808c2fa4f9964e04fcc1e340a\array.$proc$results/sv2v_output.v:118$2288'.
Creating decoders for process `$paramod$ea9a025bc5ee84a808c2fa4f9964e04fcc1e340a\array.$proc$results/sv2v_output.v:118$2287'.
Creating decoders for process `$paramod$ea9a025bc5ee84a808c2fa4f9964e04fcc1e340a\array.$proc$results/sv2v_output.v:118$2286'.
Creating decoders for process `$paramod$ea9a025bc5ee84a808c2fa4f9964e04fcc1e340a\array.$proc$results/sv2v_output.v:118$2285'.
Creating decoders for process `$paramod$ea9a025bc5ee84a808c2fa4f9964e04fcc1e340a\array.$proc$results/sv2v_output.v:118$2284'.
Creating decoders for process `$paramod$ea9a025bc5ee84a808c2fa4f9964e04fcc1e340a\array.$proc$results/sv2v_output.v:118$2283'.
Creating decoders for process `$paramod$ea9a025bc5ee84a808c2fa4f9964e04fcc1e340a\array.$proc$results/sv2v_output.v:118$2282'.
Creating decoders for process `$paramod$ea9a025bc5ee84a808c2fa4f9964e04fcc1e340a\array.$proc$results/sv2v_output.v:118$2281'.
Creating decoders for process `$paramod$ea9a025bc5ee84a808c2fa4f9964e04fcc1e340a\array.$proc$results/sv2v_output.v:118$2280'.
Creating decoders for process `$paramod$ea9a025bc5ee84a808c2fa4f9964e04fcc1e340a\array.$proc$results/sv2v_output.v:118$2279'.
Creating decoders for process `$paramod$ea9a025bc5ee84a808c2fa4f9964e04fcc1e340a\array.$proc$results/sv2v_output.v:118$2278'.
Creating decoders for process `$paramod$ea9a025bc5ee84a808c2fa4f9964e04fcc1e340a\array.$proc$results/sv2v_output.v:118$2277'.
Creating decoders for process `$paramod$ea9a025bc5ee84a808c2fa4f9964e04fcc1e340a\array.$proc$results/sv2v_output.v:118$2276'.
Creating decoders for process `$paramod$ea9a025bc5ee84a808c2fa4f9964e04fcc1e340a\array.$proc$results/sv2v_output.v:118$2275'.
Creating decoders for process `$paramod$ea9a025bc5ee84a808c2fa4f9964e04fcc1e340a\array.$proc$results/sv2v_output.v:118$2274'.
Creating decoders for process `$paramod$ea9a025bc5ee84a808c2fa4f9964e04fcc1e340a\array.$proc$results/sv2v_output.v:118$2273'.
Creating decoders for process `$paramod$ea9a025bc5ee84a808c2fa4f9964e04fcc1e340a\array.$proc$results/sv2v_output.v:118$2272'.
Creating decoders for process `$paramod$ea9a025bc5ee84a808c2fa4f9964e04fcc1e340a\array.$proc$results/sv2v_output.v:118$2271'.
Creating decoders for process `$paramod$ea9a025bc5ee84a808c2fa4f9964e04fcc1e340a\array.$proc$results/sv2v_output.v:118$2270'.
Creating decoders for process `$paramod$ea9a025bc5ee84a808c2fa4f9964e04fcc1e340a\array.$proc$results/sv2v_output.v:118$2269'.
Creating decoders for process `$paramod$ea9a025bc5ee84a808c2fa4f9964e04fcc1e340a\array.$proc$results/sv2v_output.v:118$2268'.
Creating decoders for process `$paramod$ea9a025bc5ee84a808c2fa4f9964e04fcc1e340a\array.$proc$results/sv2v_output.v:118$2267'.
Creating decoders for process `$paramod$ea9a025bc5ee84a808c2fa4f9964e04fcc1e340a\array.$proc$results/sv2v_output.v:118$2266'.
Creating decoders for process `$paramod$ea9a025bc5ee84a808c2fa4f9964e04fcc1e340a\array.$proc$results/sv2v_output.v:118$2265'.
Creating decoders for process `$paramod$ea9a025bc5ee84a808c2fa4f9964e04fcc1e340a\array.$proc$results/sv2v_output.v:118$2264'.
Creating decoders for process `$paramod$ea9a025bc5ee84a808c2fa4f9964e04fcc1e340a\array.$proc$results/sv2v_output.v:118$2263'.
Creating decoders for process `$paramod$ea9a025bc5ee84a808c2fa4f9964e04fcc1e340a\array.$proc$results/sv2v_output.v:118$2262'.
Creating decoders for process `$paramod$ea9a025bc5ee84a808c2fa4f9964e04fcc1e340a\array.$proc$results/sv2v_output.v:118$2261'.
Creating decoders for process `$paramod$ea9a025bc5ee84a808c2fa4f9964e04fcc1e340a\array.$proc$results/sv2v_output.v:118$2260'.
Creating decoders for process `$paramod$ea9a025bc5ee84a808c2fa4f9964e04fcc1e340a\array.$proc$results/sv2v_output.v:118$2259'.
Creating decoders for process `$paramod$ea9a025bc5ee84a808c2fa4f9964e04fcc1e340a\array.$proc$results/sv2v_output.v:118$2258'.
Creating decoders for process `$paramod$ea9a025bc5ee84a808c2fa4f9964e04fcc1e340a\array.$proc$results/sv2v_output.v:118$2257'.
Creating decoders for process `$paramod$ea9a025bc5ee84a808c2fa4f9964e04fcc1e340a\array.$proc$results/sv2v_output.v:118$2256'.
Creating decoders for process `$paramod$ea9a025bc5ee84a808c2fa4f9964e04fcc1e340a\array.$proc$results/sv2v_output.v:118$2255'.
Creating decoders for process `$paramod$ea9a025bc5ee84a808c2fa4f9964e04fcc1e340a\array.$proc$results/sv2v_output.v:118$2254'.
Creating decoders for process `$paramod$ea9a025bc5ee84a808c2fa4f9964e04fcc1e340a\array.$proc$results/sv2v_output.v:118$2253'.
Creating decoders for process `$paramod$ea9a025bc5ee84a808c2fa4f9964e04fcc1e340a\array.$proc$results/sv2v_output.v:118$2252'.
Creating decoders for process `$paramod$ea9a025bc5ee84a808c2fa4f9964e04fcc1e340a\array.$proc$results/sv2v_output.v:118$2251'.
Creating decoders for process `$paramod$ea9a025bc5ee84a808c2fa4f9964e04fcc1e340a\array.$proc$results/sv2v_output.v:118$2250'.
Creating decoders for process `$paramod$ea9a025bc5ee84a808c2fa4f9964e04fcc1e340a\array.$proc$results/sv2v_output.v:118$2249'.
Creating decoders for process `$paramod$ea9a025bc5ee84a808c2fa4f9964e04fcc1e340a\array.$proc$results/sv2v_output.v:118$2248'.
Creating decoders for process `$paramod$ea9a025bc5ee84a808c2fa4f9964e04fcc1e340a\array.$proc$results/sv2v_output.v:118$2247'.
Creating decoders for process `$paramod$ea9a025bc5ee84a808c2fa4f9964e04fcc1e340a\array.$proc$results/sv2v_output.v:118$2246'.
Creating decoders for process `$paramod$ea9a025bc5ee84a808c2fa4f9964e04fcc1e340a\array.$proc$results/sv2v_output.v:118$2245'.
Creating decoders for process `$paramod$ea9a025bc5ee84a808c2fa4f9964e04fcc1e340a\array.$proc$results/sv2v_output.v:118$2244'.
Creating decoders for process `$paramod$ea9a025bc5ee84a808c2fa4f9964e04fcc1e340a\array.$proc$results/sv2v_output.v:118$2243'.
Creating decoders for process `$paramod$ea9a025bc5ee84a808c2fa4f9964e04fcc1e340a\array.$proc$results/sv2v_output.v:118$2242'.
Creating decoders for process `$paramod$ea9a025bc5ee84a808c2fa4f9964e04fcc1e340a\array.$proc$results/sv2v_output.v:118$2241'.
Creating decoders for process `$paramod$ea9a025bc5ee84a808c2fa4f9964e04fcc1e340a\array.$proc$results/sv2v_output.v:118$2240'.
Creating decoders for process `$paramod$ea9a025bc5ee84a808c2fa4f9964e04fcc1e340a\array.$proc$results/sv2v_output.v:118$2239'.
Creating decoders for process `$paramod$ea9a025bc5ee84a808c2fa4f9964e04fcc1e340a\array.$proc$results/sv2v_output.v:118$2238'.
Creating decoders for process `$paramod$ea9a025bc5ee84a808c2fa4f9964e04fcc1e340a\array.$proc$results/sv2v_output.v:118$2237'.
Creating decoders for process `$paramod$ea9a025bc5ee84a808c2fa4f9964e04fcc1e340a\array.$proc$results/sv2v_output.v:118$2236'.
Creating decoders for process `$paramod$ea9a025bc5ee84a808c2fa4f9964e04fcc1e340a\array.$proc$results/sv2v_output.v:118$2235'.
Creating decoders for process `$paramod$ea9a025bc5ee84a808c2fa4f9964e04fcc1e340a\array.$proc$results/sv2v_output.v:118$2234'.
Creating decoders for process `$paramod$ea9a025bc5ee84a808c2fa4f9964e04fcc1e340a\array.$proc$results/sv2v_output.v:118$2233'.
Creating decoders for process `$paramod$ea9a025bc5ee84a808c2fa4f9964e04fcc1e340a\array.$proc$results/sv2v_output.v:118$2232'.
Creating decoders for process `$paramod$ea9a025bc5ee84a808c2fa4f9964e04fcc1e340a\array.$proc$results/sv2v_output.v:118$2231'.
Creating decoders for process `$paramod$ea9a025bc5ee84a808c2fa4f9964e04fcc1e340a\array.$proc$results/sv2v_output.v:118$2230'.
Creating decoders for process `$paramod$ea9a025bc5ee84a808c2fa4f9964e04fcc1e340a\array.$proc$results/sv2v_output.v:118$2229'.
Creating decoders for process `$paramod$ea9a025bc5ee84a808c2fa4f9964e04fcc1e340a\array.$proc$results/sv2v_output.v:118$2228'.
Creating decoders for process `$paramod$ea9a025bc5ee84a808c2fa4f9964e04fcc1e340a\array.$proc$results/sv2v_output.v:118$2227'.
Creating decoders for process `$paramod$ea9a025bc5ee84a808c2fa4f9964e04fcc1e340a\array.$proc$results/sv2v_output.v:118$2226'.
Creating decoders for process `$paramod$ea9a025bc5ee84a808c2fa4f9964e04fcc1e340a\array.$proc$results/sv2v_output.v:118$2225'.
Creating decoders for process `$paramod$ea9a025bc5ee84a808c2fa4f9964e04fcc1e340a\array.$proc$results/sv2v_output.v:118$2224'.
Creating decoders for process `$paramod$ea9a025bc5ee84a808c2fa4f9964e04fcc1e340a\array.$proc$results/sv2v_output.v:118$2223'.
Creating decoders for process `$paramod$ea9a025bc5ee84a808c2fa4f9964e04fcc1e340a\array.$proc$results/sv2v_output.v:118$2222'.
Creating decoders for process `$paramod$ea9a025bc5ee84a808c2fa4f9964e04fcc1e340a\array.$proc$results/sv2v_output.v:118$2221'.
Creating decoders for process `$paramod$ea9a025bc5ee84a808c2fa4f9964e04fcc1e340a\array.$proc$results/sv2v_output.v:118$2220'.
Creating decoders for process `$paramod$ea9a025bc5ee84a808c2fa4f9964e04fcc1e340a\array.$proc$results/sv2v_output.v:118$2219'.
Creating decoders for process `$paramod$ea9a025bc5ee84a808c2fa4f9964e04fcc1e340a\array.$proc$results/sv2v_output.v:118$2218'.
Creating decoders for process `$paramod$ea9a025bc5ee84a808c2fa4f9964e04fcc1e340a\array.$proc$results/sv2v_output.v:118$2217'.
Creating decoders for process `$paramod$ea9a025bc5ee84a808c2fa4f9964e04fcc1e340a\array.$proc$results/sv2v_output.v:118$2216'.
Creating decoders for process `$paramod$ea9a025bc5ee84a808c2fa4f9964e04fcc1e340a\array.$proc$results/sv2v_output.v:118$2215'.
Creating decoders for process `$paramod$ea9a025bc5ee84a808c2fa4f9964e04fcc1e340a\array.$proc$results/sv2v_output.v:118$2214'.
Creating decoders for process `$paramod$ea9a025bc5ee84a808c2fa4f9964e04fcc1e340a\array.$proc$results/sv2v_output.v:118$2213'.
Creating decoders for process `$paramod$ea9a025bc5ee84a808c2fa4f9964e04fcc1e340a\array.$proc$results/sv2v_output.v:118$2212'.
Creating decoders for process `$paramod$ea9a025bc5ee84a808c2fa4f9964e04fcc1e340a\array.$proc$results/sv2v_output.v:118$2211'.
Creating decoders for process `$paramod$ea9a025bc5ee84a808c2fa4f9964e04fcc1e340a\array.$proc$results/sv2v_output.v:118$2210'.
Creating decoders for process `$paramod$ea9a025bc5ee84a808c2fa4f9964e04fcc1e340a\array.$proc$results/sv2v_output.v:118$2209'.
Creating decoders for process `$paramod$ea9a025bc5ee84a808c2fa4f9964e04fcc1e340a\array.$proc$results/sv2v_output.v:118$2208'.
Creating decoders for process `$paramod$ea9a025bc5ee84a808c2fa4f9964e04fcc1e340a\array.$proc$results/sv2v_output.v:118$2207'.
Creating decoders for process `$paramod$ea9a025bc5ee84a808c2fa4f9964e04fcc1e340a\array.$proc$results/sv2v_output.v:118$2206'.
Creating decoders for process `$paramod$ea9a025bc5ee84a808c2fa4f9964e04fcc1e340a\array.$proc$results/sv2v_output.v:118$2205'.
Creating decoders for process `$paramod$ea9a025bc5ee84a808c2fa4f9964e04fcc1e340a\array.$proc$results/sv2v_output.v:118$2204'.
Creating decoders for process `$paramod$ea9a025bc5ee84a808c2fa4f9964e04fcc1e340a\array.$proc$results/sv2v_output.v:118$2203'.
Creating decoders for process `$paramod$ea9a025bc5ee84a808c2fa4f9964e04fcc1e340a\array.$proc$results/sv2v_output.v:118$2202'.
Creating decoders for process `$paramod$ea9a025bc5ee84a808c2fa4f9964e04fcc1e340a\array.$proc$results/sv2v_output.v:118$2201'.
Creating decoders for process `$paramod$ea9a025bc5ee84a808c2fa4f9964e04fcc1e340a\array.$proc$results/sv2v_output.v:118$2200'.
Creating decoders for process `$paramod$ea9a025bc5ee84a808c2fa4f9964e04fcc1e340a\array.$proc$results/sv2v_output.v:118$2199'.
Creating decoders for process `$paramod$ea9a025bc5ee84a808c2fa4f9964e04fcc1e340a\array.$proc$results/sv2v_output.v:118$2198'.
Creating decoders for process `$paramod$ea9a025bc5ee84a808c2fa4f9964e04fcc1e340a\array.$proc$results/sv2v_output.v:118$2197'.
Creating decoders for process `$paramod$ea9a025bc5ee84a808c2fa4f9964e04fcc1e340a\array.$proc$results/sv2v_output.v:118$2196'.
Creating decoders for process `$paramod$ea9a025bc5ee84a808c2fa4f9964e04fcc1e340a\array.$proc$results/sv2v_output.v:118$2195'.
Creating decoders for process `$paramod$ea9a025bc5ee84a808c2fa4f9964e04fcc1e340a\array.$proc$results/sv2v_output.v:118$2194'.
Creating decoders for process `$paramod$ea9a025bc5ee84a808c2fa4f9964e04fcc1e340a\array.$proc$results/sv2v_output.v:118$2193'.
Creating decoders for process `$paramod$ea9a025bc5ee84a808c2fa4f9964e04fcc1e340a\array.$proc$results/sv2v_output.v:118$2192'.
Creating decoders for process `$paramod$ea9a025bc5ee84a808c2fa4f9964e04fcc1e340a\array.$proc$results/sv2v_output.v:118$2191'.
Creating decoders for process `$paramod$ea9a025bc5ee84a808c2fa4f9964e04fcc1e340a\array.$proc$results/sv2v_output.v:118$2190'.
Creating decoders for process `$paramod$ea9a025bc5ee84a808c2fa4f9964e04fcc1e340a\array.$proc$results/sv2v_output.v:118$2189'.
Creating decoders for process `$paramod$ea9a025bc5ee84a808c2fa4f9964e04fcc1e340a\array.$proc$results/sv2v_output.v:118$2188'.
Creating decoders for process `$paramod$ea9a025bc5ee84a808c2fa4f9964e04fcc1e340a\array.$proc$results/sv2v_output.v:118$2187'.
Creating decoders for process `$paramod$ea9a025bc5ee84a808c2fa4f9964e04fcc1e340a\array.$proc$results/sv2v_output.v:118$2186'.
Creating decoders for process `$paramod$ea9a025bc5ee84a808c2fa4f9964e04fcc1e340a\array.$proc$results/sv2v_output.v:118$2185'.
Creating decoders for process `$paramod$ea9a025bc5ee84a808c2fa4f9964e04fcc1e340a\array.$proc$results/sv2v_output.v:118$2184'.
Creating decoders for process `$paramod$ea9a025bc5ee84a808c2fa4f9964e04fcc1e340a\array.$proc$results/sv2v_output.v:118$2183'.
Creating decoders for process `$paramod$ea9a025bc5ee84a808c2fa4f9964e04fcc1e340a\array.$proc$results/sv2v_output.v:118$2182'.
Creating decoders for process `$paramod$ea9a025bc5ee84a808c2fa4f9964e04fcc1e340a\array.$proc$results/sv2v_output.v:118$2181'.
Creating decoders for process `$paramod$ea9a025bc5ee84a808c2fa4f9964e04fcc1e340a\array.$proc$results/sv2v_output.v:118$2180'.
Creating decoders for process `$paramod$ea9a025bc5ee84a808c2fa4f9964e04fcc1e340a\array.$proc$results/sv2v_output.v:118$2179'.
Creating decoders for process `$paramod$ea9a025bc5ee84a808c2fa4f9964e04fcc1e340a\array.$proc$results/sv2v_output.v:118$2178'.
Creating decoders for process `$paramod$ea9a025bc5ee84a808c2fa4f9964e04fcc1e340a\array.$proc$results/sv2v_output.v:118$2177'.
Creating decoders for process `$paramod$ea9a025bc5ee84a808c2fa4f9964e04fcc1e340a\array.$proc$results/sv2v_output.v:118$2176'.
Creating decoders for process `$paramod$ea9a025bc5ee84a808c2fa4f9964e04fcc1e340a\array.$proc$results/sv2v_output.v:118$2175'.
Creating decoders for process `$paramod$ea9a025bc5ee84a808c2fa4f9964e04fcc1e340a\array.$proc$results/sv2v_output.v:118$2174'.
Creating decoders for process `$paramod$ea9a025bc5ee84a808c2fa4f9964e04fcc1e340a\array.$proc$results/sv2v_output.v:118$2173'.
Creating decoders for process `$paramod$ea9a025bc5ee84a808c2fa4f9964e04fcc1e340a\array.$proc$results/sv2v_output.v:118$2172'.
Creating decoders for process `$paramod$ea9a025bc5ee84a808c2fa4f9964e04fcc1e340a\array.$proc$results/sv2v_output.v:118$2171'.
Creating decoders for process `$paramod$ea9a025bc5ee84a808c2fa4f9964e04fcc1e340a\array.$proc$results/sv2v_output.v:118$2170'.
Creating decoders for process `$paramod$ea9a025bc5ee84a808c2fa4f9964e04fcc1e340a\array.$proc$results/sv2v_output.v:118$2169'.
Creating decoders for process `$paramod$ea9a025bc5ee84a808c2fa4f9964e04fcc1e340a\array.$proc$results/sv2v_output.v:118$2168'.
Creating decoders for process `$paramod$ea9a025bc5ee84a808c2fa4f9964e04fcc1e340a\array.$proc$results/sv2v_output.v:118$2167'.
Creating decoders for process `$paramod$ea9a025bc5ee84a808c2fa4f9964e04fcc1e340a\array.$proc$results/sv2v_output.v:118$2166'.
Creating decoders for process `$paramod$ea9a025bc5ee84a808c2fa4f9964e04fcc1e340a\array.$proc$results/sv2v_output.v:118$2165'.
Creating decoders for process `$paramod$ea9a025bc5ee84a808c2fa4f9964e04fcc1e340a\array.$proc$results/sv2v_output.v:118$2164'.
Creating decoders for process `$paramod$ea9a025bc5ee84a808c2fa4f9964e04fcc1e340a\array.$proc$results/sv2v_output.v:118$2163'.
Creating decoders for process `$paramod$ea9a025bc5ee84a808c2fa4f9964e04fcc1e340a\array.$proc$results/sv2v_output.v:118$2162'.
Creating decoders for process `$paramod$ea9a025bc5ee84a808c2fa4f9964e04fcc1e340a\array.$proc$results/sv2v_output.v:118$2161'.
Creating decoders for process `$paramod$ea9a025bc5ee84a808c2fa4f9964e04fcc1e340a\array.$proc$results/sv2v_output.v:118$2160'.
Creating decoders for process `$paramod$ea9a025bc5ee84a808c2fa4f9964e04fcc1e340a\array.$proc$results/sv2v_output.v:118$2159'.
Creating decoders for process `$paramod$ea9a025bc5ee84a808c2fa4f9964e04fcc1e340a\array.$proc$results/sv2v_output.v:118$2158'.
Creating decoders for process `$paramod$ea9a025bc5ee84a808c2fa4f9964e04fcc1e340a\array.$proc$results/sv2v_output.v:118$2157'.
Creating decoders for process `$paramod$ea9a025bc5ee84a808c2fa4f9964e04fcc1e340a\array.$proc$results/sv2v_output.v:118$2156'.
Creating decoders for process `$paramod$ea9a025bc5ee84a808c2fa4f9964e04fcc1e340a\array.$proc$results/sv2v_output.v:118$2155'.
Creating decoders for process `$paramod$ea9a025bc5ee84a808c2fa4f9964e04fcc1e340a\array.$proc$results/sv2v_output.v:118$2154'.
Creating decoders for process `$paramod$ea9a025bc5ee84a808c2fa4f9964e04fcc1e340a\array.$proc$results/sv2v_output.v:118$2153'.
Creating decoders for process `$paramod$ea9a025bc5ee84a808c2fa4f9964e04fcc1e340a\array.$proc$results/sv2v_output.v:118$2152'.
Creating decoders for process `$paramod$ea9a025bc5ee84a808c2fa4f9964e04fcc1e340a\array.$proc$results/sv2v_output.v:118$2151'.
Creating decoders for process `$paramod$ea9a025bc5ee84a808c2fa4f9964e04fcc1e340a\array.$proc$results/sv2v_output.v:118$2150'.
Creating decoders for process `$paramod$ea9a025bc5ee84a808c2fa4f9964e04fcc1e340a\array.$proc$results/sv2v_output.v:118$2149'.
Creating decoders for process `$paramod$ea9a025bc5ee84a808c2fa4f9964e04fcc1e340a\array.$proc$results/sv2v_output.v:118$2148'.
Creating decoders for process `$paramod$ea9a025bc5ee84a808c2fa4f9964e04fcc1e340a\array.$proc$results/sv2v_output.v:118$2147'.
Creating decoders for process `$paramod$ea9a025bc5ee84a808c2fa4f9964e04fcc1e340a\array.$proc$results/sv2v_output.v:118$2146'.
Creating decoders for process `$paramod$ea9a025bc5ee84a808c2fa4f9964e04fcc1e340a\array.$proc$results/sv2v_output.v:118$2145'.
Creating decoders for process `$paramod$ea9a025bc5ee84a808c2fa4f9964e04fcc1e340a\array.$proc$results/sv2v_output.v:118$2144'.
Creating decoders for process `$paramod$ea9a025bc5ee84a808c2fa4f9964e04fcc1e340a\array.$proc$results/sv2v_output.v:118$2143'.
Creating decoders for process `$paramod$ea9a025bc5ee84a808c2fa4f9964e04fcc1e340a\array.$proc$results/sv2v_output.v:118$2142'.
Creating decoders for process `$paramod$ea9a025bc5ee84a808c2fa4f9964e04fcc1e340a\array.$proc$results/sv2v_output.v:118$2141'.
Creating decoders for process `$paramod$ea9a025bc5ee84a808c2fa4f9964e04fcc1e340a\array.$proc$results/sv2v_output.v:118$2140'.
Creating decoders for process `$paramod$ea9a025bc5ee84a808c2fa4f9964e04fcc1e340a\array.$proc$results/sv2v_output.v:118$2139'.
Creating decoders for process `$paramod$ea9a025bc5ee84a808c2fa4f9964e04fcc1e340a\array.$proc$results/sv2v_output.v:118$2138'.
Creating decoders for process `$paramod$ea9a025bc5ee84a808c2fa4f9964e04fcc1e340a\array.$proc$results/sv2v_output.v:118$2137'.
Creating decoders for process `$paramod$ea9a025bc5ee84a808c2fa4f9964e04fcc1e340a\array.$proc$results/sv2v_output.v:118$2136'.
Creating decoders for process `$paramod$ea9a025bc5ee84a808c2fa4f9964e04fcc1e340a\array.$proc$results/sv2v_output.v:118$2135'.
Creating decoders for process `$paramod$ea9a025bc5ee84a808c2fa4f9964e04fcc1e340a\array.$proc$results/sv2v_output.v:118$2134'.
Creating decoders for process `$paramod$ea9a025bc5ee84a808c2fa4f9964e04fcc1e340a\array.$proc$results/sv2v_output.v:118$2133'.
Creating decoders for process `$paramod$ea9a025bc5ee84a808c2fa4f9964e04fcc1e340a\array.$proc$results/sv2v_output.v:118$2132'.
Creating decoders for process `$paramod$ea9a025bc5ee84a808c2fa4f9964e04fcc1e340a\array.$proc$results/sv2v_output.v:118$2131'.
Creating decoders for process `$paramod$ea9a025bc5ee84a808c2fa4f9964e04fcc1e340a\array.$proc$results/sv2v_output.v:118$2130'.
Creating decoders for process `$paramod$ea9a025bc5ee84a808c2fa4f9964e04fcc1e340a\array.$proc$results/sv2v_output.v:118$2129'.
Creating decoders for process `$paramod$ea9a025bc5ee84a808c2fa4f9964e04fcc1e340a\array.$proc$results/sv2v_output.v:118$2128'.
Creating decoders for process `$paramod$ea9a025bc5ee84a808c2fa4f9964e04fcc1e340a\array.$proc$results/sv2v_output.v:118$2127'.
Creating decoders for process `$paramod$ea9a025bc5ee84a808c2fa4f9964e04fcc1e340a\array.$proc$results/sv2v_output.v:118$2126'.
Creating decoders for process `$paramod$ea9a025bc5ee84a808c2fa4f9964e04fcc1e340a\array.$proc$results/sv2v_output.v:118$2125'.
Creating decoders for process `$paramod$ea9a025bc5ee84a808c2fa4f9964e04fcc1e340a\array.$proc$results/sv2v_output.v:118$2124'.
Creating decoders for process `$paramod$ea9a025bc5ee84a808c2fa4f9964e04fcc1e340a\array.$proc$results/sv2v_output.v:118$2123'.
Creating decoders for process `$paramod$ea9a025bc5ee84a808c2fa4f9964e04fcc1e340a\array.$proc$results/sv2v_output.v:118$2122'.
Creating decoders for process `$paramod$ea9a025bc5ee84a808c2fa4f9964e04fcc1e340a\array.$proc$results/sv2v_output.v:118$2121'.
Creating decoders for process `$paramod$ea9a025bc5ee84a808c2fa4f9964e04fcc1e340a\array.$proc$results/sv2v_output.v:118$2120'.
Creating decoders for process `$paramod$ea9a025bc5ee84a808c2fa4f9964e04fcc1e340a\array.$proc$results/sv2v_output.v:118$2119'.
Creating decoders for process `$paramod$ea9a025bc5ee84a808c2fa4f9964e04fcc1e340a\array.$proc$results/sv2v_output.v:118$2118'.
Creating decoders for process `$paramod$ea9a025bc5ee84a808c2fa4f9964e04fcc1e340a\array.$proc$results/sv2v_output.v:118$2117'.
Creating decoders for process `$paramod$ea9a025bc5ee84a808c2fa4f9964e04fcc1e340a\array.$proc$results/sv2v_output.v:118$2116'.
Creating decoders for process `$paramod$ea9a025bc5ee84a808c2fa4f9964e04fcc1e340a\array.$proc$results/sv2v_output.v:118$2115'.
Creating decoders for process `$paramod$ea9a025bc5ee84a808c2fa4f9964e04fcc1e340a\array.$proc$results/sv2v_output.v:118$2114'.
Creating decoders for process `$paramod$ea9a025bc5ee84a808c2fa4f9964e04fcc1e340a\array.$proc$results/sv2v_output.v:118$2113'.
Creating decoders for process `$paramod$ea9a025bc5ee84a808c2fa4f9964e04fcc1e340a\array.$proc$results/sv2v_output.v:118$2112'.
Creating decoders for process `$paramod$ea9a025bc5ee84a808c2fa4f9964e04fcc1e340a\array.$proc$results/sv2v_output.v:118$2111'.
Creating decoders for process `$paramod$ea9a025bc5ee84a808c2fa4f9964e04fcc1e340a\array.$proc$results/sv2v_output.v:118$2110'.
Creating decoders for process `$paramod$ea9a025bc5ee84a808c2fa4f9964e04fcc1e340a\array.$proc$results/sv2v_output.v:118$2109'.
Creating decoders for process `$paramod$ea9a025bc5ee84a808c2fa4f9964e04fcc1e340a\array.$proc$results/sv2v_output.v:118$2108'.
Creating decoders for process `$paramod$ea9a025bc5ee84a808c2fa4f9964e04fcc1e340a\array.$proc$results/sv2v_output.v:118$2107'.
Creating decoders for process `$paramod$ea9a025bc5ee84a808c2fa4f9964e04fcc1e340a\array.$proc$results/sv2v_output.v:118$2106'.
Creating decoders for process `$paramod$ea9a025bc5ee84a808c2fa4f9964e04fcc1e340a\array.$proc$results/sv2v_output.v:118$2105'.
Creating decoders for process `$paramod$ea9a025bc5ee84a808c2fa4f9964e04fcc1e340a\array.$proc$results/sv2v_output.v:118$2104'.
Creating decoders for process `$paramod$ea9a025bc5ee84a808c2fa4f9964e04fcc1e340a\array.$proc$results/sv2v_output.v:118$2103'.
Creating decoders for process `$paramod$ea9a025bc5ee84a808c2fa4f9964e04fcc1e340a\array.$proc$results/sv2v_output.v:118$2102'.
Creating decoders for process `$paramod$ea9a025bc5ee84a808c2fa4f9964e04fcc1e340a\array.$proc$results/sv2v_output.v:118$2101'.
Creating decoders for process `$paramod$ea9a025bc5ee84a808c2fa4f9964e04fcc1e340a\array.$proc$results/sv2v_output.v:118$2100'.
Creating decoders for process `$paramod$ea9a025bc5ee84a808c2fa4f9964e04fcc1e340a\array.$proc$results/sv2v_output.v:118$2099'.
Creating decoders for process `$paramod$ea9a025bc5ee84a808c2fa4f9964e04fcc1e340a\array.$proc$results/sv2v_output.v:118$2098'.
Creating decoders for process `$paramod$ea9a025bc5ee84a808c2fa4f9964e04fcc1e340a\array.$proc$results/sv2v_output.v:118$2097'.
Creating decoders for process `$paramod$ea9a025bc5ee84a808c2fa4f9964e04fcc1e340a\array.$proc$results/sv2v_output.v:118$2096'.
Creating decoders for process `$paramod$ea9a025bc5ee84a808c2fa4f9964e04fcc1e340a\array.$proc$results/sv2v_output.v:118$2095'.
Creating decoders for process `$paramod$ea9a025bc5ee84a808c2fa4f9964e04fcc1e340a\array.$proc$results/sv2v_output.v:118$2094'.
Creating decoders for process `$paramod$ea9a025bc5ee84a808c2fa4f9964e04fcc1e340a\array.$proc$results/sv2v_output.v:118$2093'.
Creating decoders for process `$paramod$ea9a025bc5ee84a808c2fa4f9964e04fcc1e340a\array.$proc$results/sv2v_output.v:118$2092'.
Creating decoders for process `$paramod$ea9a025bc5ee84a808c2fa4f9964e04fcc1e340a\array.$proc$results/sv2v_output.v:118$2091'.
Creating decoders for process `$paramod$ea9a025bc5ee84a808c2fa4f9964e04fcc1e340a\array.$proc$results/sv2v_output.v:118$2090'.
Creating decoders for process `$paramod$ea9a025bc5ee84a808c2fa4f9964e04fcc1e340a\array.$proc$results/sv2v_output.v:118$2089'.
Creating decoders for process `$paramod$ea9a025bc5ee84a808c2fa4f9964e04fcc1e340a\array.$proc$results/sv2v_output.v:118$2088'.
Creating decoders for process `$paramod$ea9a025bc5ee84a808c2fa4f9964e04fcc1e340a\array.$proc$results/sv2v_output.v:118$2087'.
Creating decoders for process `$paramod$ea9a025bc5ee84a808c2fa4f9964e04fcc1e340a\array.$proc$results/sv2v_output.v:118$2086'.
Creating decoders for process `$paramod$ea9a025bc5ee84a808c2fa4f9964e04fcc1e340a\array.$proc$results/sv2v_output.v:118$2085'.
Creating decoders for process `$paramod$ea9a025bc5ee84a808c2fa4f9964e04fcc1e340a\array.$proc$results/sv2v_output.v:118$2084'.
Creating decoders for process `$paramod$ea9a025bc5ee84a808c2fa4f9964e04fcc1e340a\array.$proc$results/sv2v_output.v:118$2083'.
Creating decoders for process `$paramod$ea9a025bc5ee84a808c2fa4f9964e04fcc1e340a\array.$proc$results/sv2v_output.v:118$2082'.
Creating decoders for process `$paramod$ea9a025bc5ee84a808c2fa4f9964e04fcc1e340a\array.$proc$results/sv2v_output.v:118$2081'.
Creating decoders for process `$paramod$ea9a025bc5ee84a808c2fa4f9964e04fcc1e340a\array.$proc$results/sv2v_output.v:118$2080'.
Creating decoders for process `$paramod$ea9a025bc5ee84a808c2fa4f9964e04fcc1e340a\array.$proc$results/sv2v_output.v:118$2079'.
Creating decoders for process `$paramod$ea9a025bc5ee84a808c2fa4f9964e04fcc1e340a\array.$proc$results/sv2v_output.v:118$2078'.
Creating decoders for process `$paramod$ea9a025bc5ee84a808c2fa4f9964e04fcc1e340a\array.$proc$results/sv2v_output.v:118$2077'.
Creating decoders for process `$paramod$ea9a025bc5ee84a808c2fa4f9964e04fcc1e340a\array.$proc$results/sv2v_output.v:118$2076'.
Creating decoders for process `$paramod$ea9a025bc5ee84a808c2fa4f9964e04fcc1e340a\array.$proc$results/sv2v_output.v:118$2075'.
Creating decoders for process `$paramod$ea9a025bc5ee84a808c2fa4f9964e04fcc1e340a\array.$proc$results/sv2v_output.v:118$2074'.
Creating decoders for process `$paramod$ea9a025bc5ee84a808c2fa4f9964e04fcc1e340a\array.$proc$results/sv2v_output.v:118$2073'.
Creating decoders for process `$paramod$ea9a025bc5ee84a808c2fa4f9964e04fcc1e340a\array.$proc$results/sv2v_output.v:118$2072'.
Creating decoders for process `$paramod$ea9a025bc5ee84a808c2fa4f9964e04fcc1e340a\array.$proc$results/sv2v_output.v:118$2071'.
Creating decoders for process `$paramod$ea9a025bc5ee84a808c2fa4f9964e04fcc1e340a\array.$proc$results/sv2v_output.v:118$2070'.
Creating decoders for process `$paramod$ea9a025bc5ee84a808c2fa4f9964e04fcc1e340a\array.$proc$results/sv2v_output.v:118$2069'.
Creating decoders for process `$paramod$ea9a025bc5ee84a808c2fa4f9964e04fcc1e340a\array.$proc$results/sv2v_output.v:118$2068'.
Creating decoders for process `$paramod$ea9a025bc5ee84a808c2fa4f9964e04fcc1e340a\array.$proc$results/sv2v_output.v:118$2067'.
Creating decoders for process `$paramod$ea9a025bc5ee84a808c2fa4f9964e04fcc1e340a\array.$proc$results/sv2v_output.v:118$2066'.
Creating decoders for process `$paramod$ea9a025bc5ee84a808c2fa4f9964e04fcc1e340a\array.$proc$results/sv2v_output.v:118$2065'.
Creating decoders for process `$paramod$ea9a025bc5ee84a808c2fa4f9964e04fcc1e340a\array.$proc$results/sv2v_output.v:118$2064'.
Creating decoders for process `$paramod$ea9a025bc5ee84a808c2fa4f9964e04fcc1e340a\array.$proc$results/sv2v_output.v:118$2063'.
Creating decoders for process `$paramod$ea9a025bc5ee84a808c2fa4f9964e04fcc1e340a\array.$proc$results/sv2v_output.v:118$2062'.
Creating decoders for process `$paramod$ea9a025bc5ee84a808c2fa4f9964e04fcc1e340a\array.$proc$results/sv2v_output.v:118$2061'.
Creating decoders for process `$paramod$ea9a025bc5ee84a808c2fa4f9964e04fcc1e340a\array.$proc$results/sv2v_output.v:118$2060'.
Creating decoders for process `$paramod$ea9a025bc5ee84a808c2fa4f9964e04fcc1e340a\array.$proc$results/sv2v_output.v:118$2059'.
Creating decoders for process `$paramod$ea9a025bc5ee84a808c2fa4f9964e04fcc1e340a\array.$proc$results/sv2v_output.v:118$2058'.
Creating decoders for process `$paramod$ea9a025bc5ee84a808c2fa4f9964e04fcc1e340a\array.$proc$results/sv2v_output.v:118$2057'.
Creating decoders for process `$paramod$ea9a025bc5ee84a808c2fa4f9964e04fcc1e340a\array.$proc$results/sv2v_output.v:118$2056'.
Creating decoders for process `$paramod$ea9a025bc5ee84a808c2fa4f9964e04fcc1e340a\array.$proc$results/sv2v_output.v:118$2055'.
Creating decoders for process `$paramod$ea9a025bc5ee84a808c2fa4f9964e04fcc1e340a\array.$proc$results/sv2v_output.v:118$2054'.
Creating decoders for process `$paramod$ea9a025bc5ee84a808c2fa4f9964e04fcc1e340a\array.$proc$results/sv2v_output.v:118$2053'.
Creating decoders for process `$paramod$ea9a025bc5ee84a808c2fa4f9964e04fcc1e340a\array.$proc$results/sv2v_output.v:118$2052'.
Creating decoders for process `$paramod$ea9a025bc5ee84a808c2fa4f9964e04fcc1e340a\array.$proc$results/sv2v_output.v:118$2051'.
Creating decoders for process `$paramod$ea9a025bc5ee84a808c2fa4f9964e04fcc1e340a\array.$proc$results/sv2v_output.v:118$2050'.
Creating decoders for process `$paramod$ea9a025bc5ee84a808c2fa4f9964e04fcc1e340a\array.$proc$results/sv2v_output.v:118$2049'.
Creating decoders for process `$paramod$ea9a025bc5ee84a808c2fa4f9964e04fcc1e340a\array.$proc$results/sv2v_output.v:118$2048'.
Creating decoders for process `$paramod$ea9a025bc5ee84a808c2fa4f9964e04fcc1e340a\array.$proc$results/sv2v_output.v:118$2047'.
Creating decoders for process `$paramod$ea9a025bc5ee84a808c2fa4f9964e04fcc1e340a\array.$proc$results/sv2v_output.v:118$2046'.
Creating decoders for process `$paramod$ea9a025bc5ee84a808c2fa4f9964e04fcc1e340a\array.$proc$results/sv2v_output.v:118$2045'.
Creating decoders for process `$paramod$ea9a025bc5ee84a808c2fa4f9964e04fcc1e340a\array.$proc$results/sv2v_output.v:118$2044'.
Creating decoders for process `$paramod$ea9a025bc5ee84a808c2fa4f9964e04fcc1e340a\array.$proc$results/sv2v_output.v:118$2043'.
Creating decoders for process `$paramod$ea9a025bc5ee84a808c2fa4f9964e04fcc1e340a\array.$proc$results/sv2v_output.v:118$2042'.
Creating decoders for process `$paramod$ea9a025bc5ee84a808c2fa4f9964e04fcc1e340a\array.$proc$results/sv2v_output.v:118$2041'.
Creating decoders for process `$paramod$ea9a025bc5ee84a808c2fa4f9964e04fcc1e340a\array.$proc$results/sv2v_output.v:118$2040'.
Creating decoders for process `$paramod$ea9a025bc5ee84a808c2fa4f9964e04fcc1e340a\array.$proc$results/sv2v_output.v:118$2039'.
Creating decoders for process `$paramod$ea9a025bc5ee84a808c2fa4f9964e04fcc1e340a\array.$proc$results/sv2v_output.v:118$2038'.
Creating decoders for process `$paramod$ea9a025bc5ee84a808c2fa4f9964e04fcc1e340a\array.$proc$results/sv2v_output.v:118$2037'.
Creating decoders for process `$paramod$ea9a025bc5ee84a808c2fa4f9964e04fcc1e340a\array.$proc$results/sv2v_output.v:118$2036'.
Creating decoders for process `$paramod$ea9a025bc5ee84a808c2fa4f9964e04fcc1e340a\array.$proc$results/sv2v_output.v:118$2035'.
Creating decoders for process `$paramod$ea9a025bc5ee84a808c2fa4f9964e04fcc1e340a\array.$proc$results/sv2v_output.v:118$2034'.
Creating decoders for process `$paramod$ea9a025bc5ee84a808c2fa4f9964e04fcc1e340a\array.$proc$results/sv2v_output.v:118$2033'.
Creating decoders for process `$paramod$ea9a025bc5ee84a808c2fa4f9964e04fcc1e340a\array.$proc$results/sv2v_output.v:118$2032'.
Creating decoders for process `$paramod$ea9a025bc5ee84a808c2fa4f9964e04fcc1e340a\array.$proc$results/sv2v_output.v:118$2031'.
Creating decoders for process `$paramod$ea9a025bc5ee84a808c2fa4f9964e04fcc1e340a\array.$proc$results/sv2v_output.v:118$2030'.
Creating decoders for process `$paramod$ea9a025bc5ee84a808c2fa4f9964e04fcc1e340a\array.$proc$results/sv2v_output.v:118$2029'.
Creating decoders for process `$paramod$ea9a025bc5ee84a808c2fa4f9964e04fcc1e340a\array.$proc$results/sv2v_output.v:118$2028'.
Creating decoders for process `$paramod$ea9a025bc5ee84a808c2fa4f9964e04fcc1e340a\array.$proc$results/sv2v_output.v:118$2027'.
Creating decoders for process `$paramod$ea9a025bc5ee84a808c2fa4f9964e04fcc1e340a\array.$proc$results/sv2v_output.v:118$2026'.
Creating decoders for process `$paramod$ea9a025bc5ee84a808c2fa4f9964e04fcc1e340a\array.$proc$results/sv2v_output.v:118$2025'.
Creating decoders for process `$paramod$ea9a025bc5ee84a808c2fa4f9964e04fcc1e340a\array.$proc$results/sv2v_output.v:118$2024'.
Creating decoders for process `$paramod$ea9a025bc5ee84a808c2fa4f9964e04fcc1e340a\array.$proc$results/sv2v_output.v:118$2023'.
Creating decoders for process `$paramod$ea9a025bc5ee84a808c2fa4f9964e04fcc1e340a\array.$proc$results/sv2v_output.v:118$2022'.
Creating decoders for process `$paramod$ea9a025bc5ee84a808c2fa4f9964e04fcc1e340a\array.$proc$results/sv2v_output.v:118$2021'.
Creating decoders for process `$paramod$ea9a025bc5ee84a808c2fa4f9964e04fcc1e340a\array.$proc$results/sv2v_output.v:118$2020'.
Creating decoders for process `$paramod$ea9a025bc5ee84a808c2fa4f9964e04fcc1e340a\array.$proc$results/sv2v_output.v:118$2019'.
Creating decoders for process `$paramod$ea9a025bc5ee84a808c2fa4f9964e04fcc1e340a\array.$proc$results/sv2v_output.v:118$2018'.
Creating decoders for process `$paramod$ea9a025bc5ee84a808c2fa4f9964e04fcc1e340a\array.$proc$results/sv2v_output.v:118$2017'.
Creating decoders for process `$paramod$ea9a025bc5ee84a808c2fa4f9964e04fcc1e340a\array.$proc$results/sv2v_output.v:118$2016'.
Creating decoders for process `$paramod$ea9a025bc5ee84a808c2fa4f9964e04fcc1e340a\array.$proc$results/sv2v_output.v:118$2015'.
Creating decoders for process `$paramod$ea9a025bc5ee84a808c2fa4f9964e04fcc1e340a\array.$proc$results/sv2v_output.v:118$2014'.
Creating decoders for process `$paramod$ea9a025bc5ee84a808c2fa4f9964e04fcc1e340a\array.$proc$results/sv2v_output.v:118$2013'.
Creating decoders for process `$paramod$ea9a025bc5ee84a808c2fa4f9964e04fcc1e340a\array.$proc$results/sv2v_output.v:118$2012'.
Creating decoders for process `$paramod$ea9a025bc5ee84a808c2fa4f9964e04fcc1e340a\array.$proc$results/sv2v_output.v:118$2011'.
Creating decoders for process `$paramod$ea9a025bc5ee84a808c2fa4f9964e04fcc1e340a\array.$proc$results/sv2v_output.v:118$2010'.
Creating decoders for process `$paramod$ea9a025bc5ee84a808c2fa4f9964e04fcc1e340a\array.$proc$results/sv2v_output.v:118$2009'.
Creating decoders for process `$paramod$ea9a025bc5ee84a808c2fa4f9964e04fcc1e340a\array.$proc$results/sv2v_output.v:118$2008'.
Creating decoders for process `$paramod$ea9a025bc5ee84a808c2fa4f9964e04fcc1e340a\array.$proc$results/sv2v_output.v:118$2007'.
Creating decoders for process `$paramod$ea9a025bc5ee84a808c2fa4f9964e04fcc1e340a\array.$proc$results/sv2v_output.v:118$2006'.
Creating decoders for process `$paramod$ea9a025bc5ee84a808c2fa4f9964e04fcc1e340a\array.$proc$results/sv2v_output.v:118$2005'.
Creating decoders for process `$paramod$ea9a025bc5ee84a808c2fa4f9964e04fcc1e340a\array.$proc$results/sv2v_output.v:118$2004'.
Creating decoders for process `$paramod$ea9a025bc5ee84a808c2fa4f9964e04fcc1e340a\array.$proc$results/sv2v_output.v:118$2003'.
Creating decoders for process `$paramod$ea9a025bc5ee84a808c2fa4f9964e04fcc1e340a\array.$proc$results/sv2v_output.v:118$2002'.
Creating decoders for process `$paramod$ea9a025bc5ee84a808c2fa4f9964e04fcc1e340a\array.$proc$results/sv2v_output.v:118$2001'.
Creating decoders for process `$paramod$ea9a025bc5ee84a808c2fa4f9964e04fcc1e340a\array.$proc$results/sv2v_output.v:118$2000'.
Creating decoders for process `$paramod$ea9a025bc5ee84a808c2fa4f9964e04fcc1e340a\array.$proc$results/sv2v_output.v:118$1999'.
Creating decoders for process `$paramod$ea9a025bc5ee84a808c2fa4f9964e04fcc1e340a\array.$proc$results/sv2v_output.v:118$1998'.
Creating decoders for process `$paramod$ea9a025bc5ee84a808c2fa4f9964e04fcc1e340a\array.$proc$results/sv2v_output.v:118$1997'.
Creating decoders for process `$paramod$ea9a025bc5ee84a808c2fa4f9964e04fcc1e340a\array.$proc$results/sv2v_output.v:118$1996'.
Creating decoders for process `$paramod$ea9a025bc5ee84a808c2fa4f9964e04fcc1e340a\array.$proc$results/sv2v_output.v:118$1995'.
Creating decoders for process `$paramod$ea9a025bc5ee84a808c2fa4f9964e04fcc1e340a\array.$proc$results/sv2v_output.v:118$1994'.
Creating decoders for process `$paramod$ea9a025bc5ee84a808c2fa4f9964e04fcc1e340a\array.$proc$results/sv2v_output.v:118$1993'.
Creating decoders for process `$paramod$ea9a025bc5ee84a808c2fa4f9964e04fcc1e340a\array.$proc$results/sv2v_output.v:118$1992'.
Creating decoders for process `$paramod$ea9a025bc5ee84a808c2fa4f9964e04fcc1e340a\array.$proc$results/sv2v_output.v:118$1991'.
Creating decoders for process `$paramod$ea9a025bc5ee84a808c2fa4f9964e04fcc1e340a\array.$proc$results/sv2v_output.v:118$1990'.
Creating decoders for process `$paramod$ea9a025bc5ee84a808c2fa4f9964e04fcc1e340a\array.$proc$results/sv2v_output.v:118$1989'.
Creating decoders for process `$paramod$ea9a025bc5ee84a808c2fa4f9964e04fcc1e340a\array.$proc$results/sv2v_output.v:118$1988'.
Creating decoders for process `$paramod$ea9a025bc5ee84a808c2fa4f9964e04fcc1e340a\array.$proc$results/sv2v_output.v:118$1987'.
Creating decoders for process `$paramod$ea9a025bc5ee84a808c2fa4f9964e04fcc1e340a\array.$proc$results/sv2v_output.v:118$1986'.
Creating decoders for process `$paramod$ea9a025bc5ee84a808c2fa4f9964e04fcc1e340a\array.$proc$results/sv2v_output.v:118$1985'.
Creating decoders for process `$paramod$ea9a025bc5ee84a808c2fa4f9964e04fcc1e340a\array.$proc$results/sv2v_output.v:118$1984'.
Creating decoders for process `$paramod$ea9a025bc5ee84a808c2fa4f9964e04fcc1e340a\array.$proc$results/sv2v_output.v:118$1983'.
Creating decoders for process `$paramod$ea9a025bc5ee84a808c2fa4f9964e04fcc1e340a\array.$proc$results/sv2v_output.v:118$1982'.
Creating decoders for process `$paramod$ea9a025bc5ee84a808c2fa4f9964e04fcc1e340a\array.$proc$results/sv2v_output.v:118$1981'.
Creating decoders for process `$paramod$ea9a025bc5ee84a808c2fa4f9964e04fcc1e340a\array.$proc$results/sv2v_output.v:118$1980'.
Creating decoders for process `$paramod$ea9a025bc5ee84a808c2fa4f9964e04fcc1e340a\array.$proc$results/sv2v_output.v:118$1979'.
Creating decoders for process `$paramod$ea9a025bc5ee84a808c2fa4f9964e04fcc1e340a\array.$proc$results/sv2v_output.v:118$1978'.
Creating decoders for process `$paramod$ea9a025bc5ee84a808c2fa4f9964e04fcc1e340a\array.$proc$results/sv2v_output.v:118$1977'.
Creating decoders for process `$paramod$ea9a025bc5ee84a808c2fa4f9964e04fcc1e340a\array.$proc$results/sv2v_output.v:118$1976'.
Creating decoders for process `$paramod$ea9a025bc5ee84a808c2fa4f9964e04fcc1e340a\array.$proc$results/sv2v_output.v:118$1975'.
Creating decoders for process `$paramod$ea9a025bc5ee84a808c2fa4f9964e04fcc1e340a\array.$proc$results/sv2v_output.v:118$1974'.
Creating decoders for process `$paramod$ea9a025bc5ee84a808c2fa4f9964e04fcc1e340a\array.$proc$results/sv2v_output.v:118$1973'.
Creating decoders for process `$paramod$ea9a025bc5ee84a808c2fa4f9964e04fcc1e340a\array.$proc$results/sv2v_output.v:118$1972'.
Creating decoders for process `$paramod$ea9a025bc5ee84a808c2fa4f9964e04fcc1e340a\array.$proc$results/sv2v_output.v:118$1971'.
Creating decoders for process `$paramod$ea9a025bc5ee84a808c2fa4f9964e04fcc1e340a\array.$proc$results/sv2v_output.v:118$1970'.
Creating decoders for process `$paramod$ea9a025bc5ee84a808c2fa4f9964e04fcc1e340a\array.$proc$results/sv2v_output.v:118$1969'.
Creating decoders for process `$paramod$ea9a025bc5ee84a808c2fa4f9964e04fcc1e340a\array.$proc$results/sv2v_output.v:118$1968'.
Creating decoders for process `$paramod$ea9a025bc5ee84a808c2fa4f9964e04fcc1e340a\array.$proc$results/sv2v_output.v:118$1967'.
Creating decoders for process `$paramod$ea9a025bc5ee84a808c2fa4f9964e04fcc1e340a\array.$proc$results/sv2v_output.v:118$1966'.
Creating decoders for process `$paramod$ea9a025bc5ee84a808c2fa4f9964e04fcc1e340a\array.$proc$results/sv2v_output.v:118$1965'.
Creating decoders for process `$paramod$ea9a025bc5ee84a808c2fa4f9964e04fcc1e340a\array.$proc$results/sv2v_output.v:118$1964'.
Creating decoders for process `$paramod$ea9a025bc5ee84a808c2fa4f9964e04fcc1e340a\array.$proc$results/sv2v_output.v:118$1963'.
Creating decoders for process `$paramod$ea9a025bc5ee84a808c2fa4f9964e04fcc1e340a\array.$proc$results/sv2v_output.v:118$1962'.
Creating decoders for process `$paramod$ea9a025bc5ee84a808c2fa4f9964e04fcc1e340a\array.$proc$results/sv2v_output.v:118$1961'.
Creating decoders for process `$paramod$ea9a025bc5ee84a808c2fa4f9964e04fcc1e340a\array.$proc$results/sv2v_output.v:118$1960'.
Creating decoders for process `$paramod$ea9a025bc5ee84a808c2fa4f9964e04fcc1e340a\array.$proc$results/sv2v_output.v:118$1959'.
Creating decoders for process `$paramod$ea9a025bc5ee84a808c2fa4f9964e04fcc1e340a\array.$proc$results/sv2v_output.v:118$1958'.
Creating decoders for process `$paramod$ea9a025bc5ee84a808c2fa4f9964e04fcc1e340a\array.$proc$results/sv2v_output.v:118$1957'.
Creating decoders for process `$paramod$ea9a025bc5ee84a808c2fa4f9964e04fcc1e340a\array.$proc$results/sv2v_output.v:118$1956'.
Creating decoders for process `$paramod$ea9a025bc5ee84a808c2fa4f9964e04fcc1e340a\array.$proc$results/sv2v_output.v:118$1955'.
Creating decoders for process `$paramod$ea9a025bc5ee84a808c2fa4f9964e04fcc1e340a\array.$proc$results/sv2v_output.v:118$1954'.
Creating decoders for process `$paramod$ea9a025bc5ee84a808c2fa4f9964e04fcc1e340a\array.$proc$results/sv2v_output.v:118$1953'.
Creating decoders for process `$paramod$ea9a025bc5ee84a808c2fa4f9964e04fcc1e340a\array.$proc$results/sv2v_output.v:118$1952'.
Creating decoders for process `$paramod$ea9a025bc5ee84a808c2fa4f9964e04fcc1e340a\array.$proc$results/sv2v_output.v:118$1951'.
Creating decoders for process `$paramod$ea9a025bc5ee84a808c2fa4f9964e04fcc1e340a\array.$proc$results/sv2v_output.v:118$1950'.
Creating decoders for process `$paramod$ea9a025bc5ee84a808c2fa4f9964e04fcc1e340a\array.$proc$results/sv2v_output.v:118$1949'.
Creating decoders for process `$paramod$ea9a025bc5ee84a808c2fa4f9964e04fcc1e340a\array.$proc$results/sv2v_output.v:118$1948'.
Creating decoders for process `$paramod$ea9a025bc5ee84a808c2fa4f9964e04fcc1e340a\array.$proc$results/sv2v_output.v:118$1947'.
Creating decoders for process `$paramod$ea9a025bc5ee84a808c2fa4f9964e04fcc1e340a\array.$proc$results/sv2v_output.v:118$1946'.
Creating decoders for process `$paramod$ea9a025bc5ee84a808c2fa4f9964e04fcc1e340a\array.$proc$results/sv2v_output.v:118$1945'.
Creating decoders for process `$paramod$ea9a025bc5ee84a808c2fa4f9964e04fcc1e340a\array.$proc$results/sv2v_output.v:118$1944'.
Creating decoders for process `$paramod$ea9a025bc5ee84a808c2fa4f9964e04fcc1e340a\array.$proc$results/sv2v_output.v:118$1943'.
Creating decoders for process `$paramod$ea9a025bc5ee84a808c2fa4f9964e04fcc1e340a\array.$proc$results/sv2v_output.v:118$1942'.
Creating decoders for process `$paramod$ea9a025bc5ee84a808c2fa4f9964e04fcc1e340a\array.$proc$results/sv2v_output.v:118$1941'.
Creating decoders for process `$paramod$ea9a025bc5ee84a808c2fa4f9964e04fcc1e340a\array.$proc$results/sv2v_output.v:118$1940'.
Creating decoders for process `$paramod$ea9a025bc5ee84a808c2fa4f9964e04fcc1e340a\array.$proc$results/sv2v_output.v:118$1939'.
Creating decoders for process `$paramod$ea9a025bc5ee84a808c2fa4f9964e04fcc1e340a\array.$proc$results/sv2v_output.v:118$1938'.
Creating decoders for process `$paramod$ea9a025bc5ee84a808c2fa4f9964e04fcc1e340a\array.$proc$results/sv2v_output.v:118$1937'.
Creating decoders for process `$paramod$ea9a025bc5ee84a808c2fa4f9964e04fcc1e340a\array.$proc$results/sv2v_output.v:118$1936'.
Creating decoders for process `$paramod$ea9a025bc5ee84a808c2fa4f9964e04fcc1e340a\array.$proc$results/sv2v_output.v:118$1935'.
Creating decoders for process `$paramod$ea9a025bc5ee84a808c2fa4f9964e04fcc1e340a\array.$proc$results/sv2v_output.v:118$1934'.
Creating decoders for process `$paramod$ea9a025bc5ee84a808c2fa4f9964e04fcc1e340a\array.$proc$results/sv2v_output.v:118$1933'.
Creating decoders for process `$paramod$ea9a025bc5ee84a808c2fa4f9964e04fcc1e340a\array.$proc$results/sv2v_output.v:118$1932'.
Creating decoders for process `$paramod$ea9a025bc5ee84a808c2fa4f9964e04fcc1e340a\array.$proc$results/sv2v_output.v:118$1931'.
Creating decoders for process `$paramod$ea9a025bc5ee84a808c2fa4f9964e04fcc1e340a\array.$proc$results/sv2v_output.v:118$1930'.
Creating decoders for process `$paramod$ea9a025bc5ee84a808c2fa4f9964e04fcc1e340a\array.$proc$results/sv2v_output.v:118$1929'.
Creating decoders for process `$paramod$ea9a025bc5ee84a808c2fa4f9964e04fcc1e340a\array.$proc$results/sv2v_output.v:118$1928'.
Creating decoders for process `$paramod$ea9a025bc5ee84a808c2fa4f9964e04fcc1e340a\array.$proc$results/sv2v_output.v:118$1927'.
Creating decoders for process `$paramod$ea9a025bc5ee84a808c2fa4f9964e04fcc1e340a\array.$proc$results/sv2v_output.v:118$1926'.
Creating decoders for process `$paramod$ea9a025bc5ee84a808c2fa4f9964e04fcc1e340a\array.$proc$results/sv2v_output.v:118$1925'.
Creating decoders for process `$paramod$ea9a025bc5ee84a808c2fa4f9964e04fcc1e340a\array.$proc$results/sv2v_output.v:118$1924'.
Creating decoders for process `$paramod$ea9a025bc5ee84a808c2fa4f9964e04fcc1e340a\array.$proc$results/sv2v_output.v:118$1923'.
Creating decoders for process `$paramod$ea9a025bc5ee84a808c2fa4f9964e04fcc1e340a\array.$proc$results/sv2v_output.v:118$1922'.
Creating decoders for process `$paramod$ea9a025bc5ee84a808c2fa4f9964e04fcc1e340a\array.$proc$results/sv2v_output.v:118$1921'.
Creating decoders for process `$paramod$ea9a025bc5ee84a808c2fa4f9964e04fcc1e340a\array.$proc$results/sv2v_output.v:118$1920'.
Creating decoders for process `$paramod$ea9a025bc5ee84a808c2fa4f9964e04fcc1e340a\array.$proc$results/sv2v_output.v:118$1919'.
Creating decoders for process `$paramod$ea9a025bc5ee84a808c2fa4f9964e04fcc1e340a\array.$proc$results/sv2v_output.v:118$1918'.
Creating decoders for process `$paramod$ea9a025bc5ee84a808c2fa4f9964e04fcc1e340a\array.$proc$results/sv2v_output.v:118$1917'.
Creating decoders for process `$paramod$ea9a025bc5ee84a808c2fa4f9964e04fcc1e340a\array.$proc$results/sv2v_output.v:118$1916'.
Creating decoders for process `$paramod$ea9a025bc5ee84a808c2fa4f9964e04fcc1e340a\array.$proc$results/sv2v_output.v:118$1915'.
Creating decoders for process `$paramod$ea9a025bc5ee84a808c2fa4f9964e04fcc1e340a\array.$proc$results/sv2v_output.v:118$1914'.
Creating decoders for process `$paramod$ea9a025bc5ee84a808c2fa4f9964e04fcc1e340a\array.$proc$results/sv2v_output.v:118$1913'.
Creating decoders for process `$paramod$ea9a025bc5ee84a808c2fa4f9964e04fcc1e340a\array.$proc$results/sv2v_output.v:118$1912'.
Creating decoders for process `$paramod$ea9a025bc5ee84a808c2fa4f9964e04fcc1e340a\array.$proc$results/sv2v_output.v:118$1911'.
Creating decoders for process `$paramod$ea9a025bc5ee84a808c2fa4f9964e04fcc1e340a\array.$proc$results/sv2v_output.v:118$1910'.
Creating decoders for process `$paramod$ea9a025bc5ee84a808c2fa4f9964e04fcc1e340a\array.$proc$results/sv2v_output.v:118$1909'.
Creating decoders for process `$paramod$ea9a025bc5ee84a808c2fa4f9964e04fcc1e340a\array.$proc$results/sv2v_output.v:118$1908'.
Creating decoders for process `$paramod$ea9a025bc5ee84a808c2fa4f9964e04fcc1e340a\array.$proc$results/sv2v_output.v:118$1907'.
Creating decoders for process `$paramod$ea9a025bc5ee84a808c2fa4f9964e04fcc1e340a\array.$proc$results/sv2v_output.v:118$1906'.
Creating decoders for process `$paramod$ea9a025bc5ee84a808c2fa4f9964e04fcc1e340a\array.$proc$results/sv2v_output.v:118$1905'.
Creating decoders for process `$paramod$ea9a025bc5ee84a808c2fa4f9964e04fcc1e340a\array.$proc$results/sv2v_output.v:118$1904'.
Creating decoders for process `$paramod$ea9a025bc5ee84a808c2fa4f9964e04fcc1e340a\array.$proc$results/sv2v_output.v:118$1903'.
Creating decoders for process `$paramod$ea9a025bc5ee84a808c2fa4f9964e04fcc1e340a\array.$proc$results/sv2v_output.v:118$1902'.
Creating decoders for process `$paramod$ea9a025bc5ee84a808c2fa4f9964e04fcc1e340a\array.$proc$results/sv2v_output.v:118$1901'.
Creating decoders for process `$paramod$ea9a025bc5ee84a808c2fa4f9964e04fcc1e340a\array.$proc$results/sv2v_output.v:118$1900'.
Creating decoders for process `$paramod$ea9a025bc5ee84a808c2fa4f9964e04fcc1e340a\array.$proc$results/sv2v_output.v:118$1899'.
Creating decoders for process `$paramod$ea9a025bc5ee84a808c2fa4f9964e04fcc1e340a\array.$proc$results/sv2v_output.v:118$1898'.
Creating decoders for process `$paramod$ea9a025bc5ee84a808c2fa4f9964e04fcc1e340a\array.$proc$results/sv2v_output.v:118$1897'.
Creating decoders for process `$paramod$ea9a025bc5ee84a808c2fa4f9964e04fcc1e340a\array.$proc$results/sv2v_output.v:118$1896'.
Creating decoders for process `$paramod$ea9a025bc5ee84a808c2fa4f9964e04fcc1e340a\array.$proc$results/sv2v_output.v:118$1895'.
Creating decoders for process `$paramod$ea9a025bc5ee84a808c2fa4f9964e04fcc1e340a\array.$proc$results/sv2v_output.v:118$1894'.
Creating decoders for process `$paramod$ea9a025bc5ee84a808c2fa4f9964e04fcc1e340a\array.$proc$results/sv2v_output.v:118$1893'.
Creating decoders for process `$paramod$ea9a025bc5ee84a808c2fa4f9964e04fcc1e340a\array.$proc$results/sv2v_output.v:118$1892'.
Creating decoders for process `$paramod$ea9a025bc5ee84a808c2fa4f9964e04fcc1e340a\array.$proc$results/sv2v_output.v:118$1891'.
Creating decoders for process `$paramod$ea9a025bc5ee84a808c2fa4f9964e04fcc1e340a\array.$proc$results/sv2v_output.v:118$1890'.
Creating decoders for process `$paramod$ea9a025bc5ee84a808c2fa4f9964e04fcc1e340a\array.$proc$results/sv2v_output.v:118$1889'.
Creating decoders for process `$paramod$ea9a025bc5ee84a808c2fa4f9964e04fcc1e340a\array.$proc$results/sv2v_output.v:118$1888'.
Creating decoders for process `$paramod$ea9a025bc5ee84a808c2fa4f9964e04fcc1e340a\array.$proc$results/sv2v_output.v:118$1887'.
Creating decoders for process `$paramod$ea9a025bc5ee84a808c2fa4f9964e04fcc1e340a\array.$proc$results/sv2v_output.v:118$1886'.
Creating decoders for process `$paramod$ea9a025bc5ee84a808c2fa4f9964e04fcc1e340a\array.$proc$results/sv2v_output.v:118$1885'.
Creating decoders for process `$paramod$ea9a025bc5ee84a808c2fa4f9964e04fcc1e340a\array.$proc$results/sv2v_output.v:118$1884'.
Creating decoders for process `$paramod$ea9a025bc5ee84a808c2fa4f9964e04fcc1e340a\array.$proc$results/sv2v_output.v:118$1883'.
Creating decoders for process `$paramod$ea9a025bc5ee84a808c2fa4f9964e04fcc1e340a\array.$proc$results/sv2v_output.v:118$1882'.
Creating decoders for process `$paramod$ea9a025bc5ee84a808c2fa4f9964e04fcc1e340a\array.$proc$results/sv2v_output.v:118$1881'.
Creating decoders for process `$paramod$ea9a025bc5ee84a808c2fa4f9964e04fcc1e340a\array.$proc$results/sv2v_output.v:118$1880'.
Creating decoders for process `$paramod$ea9a025bc5ee84a808c2fa4f9964e04fcc1e340a\array.$proc$results/sv2v_output.v:118$1879'.
Creating decoders for process `$paramod$ea9a025bc5ee84a808c2fa4f9964e04fcc1e340a\array.$proc$results/sv2v_output.v:118$1878'.
Creating decoders for process `$paramod$ea9a025bc5ee84a808c2fa4f9964e04fcc1e340a\array.$proc$results/sv2v_output.v:118$1877'.
Creating decoders for process `$paramod$ea9a025bc5ee84a808c2fa4f9964e04fcc1e340a\array.$proc$results/sv2v_output.v:118$1876'.
Creating decoders for process `$paramod$ea9a025bc5ee84a808c2fa4f9964e04fcc1e340a\array.$proc$results/sv2v_output.v:118$1875'.
Creating decoders for process `$paramod$ea9a025bc5ee84a808c2fa4f9964e04fcc1e340a\array.$proc$results/sv2v_output.v:118$1874'.
Creating decoders for process `$paramod$ea9a025bc5ee84a808c2fa4f9964e04fcc1e340a\array.$proc$results/sv2v_output.v:118$1873'.
Creating decoders for process `$paramod$ea9a025bc5ee84a808c2fa4f9964e04fcc1e340a\array.$proc$results/sv2v_output.v:118$1872'.
Creating decoders for process `$paramod$ea9a025bc5ee84a808c2fa4f9964e04fcc1e340a\array.$proc$results/sv2v_output.v:118$1871'.
Creating decoders for process `$paramod$ea9a025bc5ee84a808c2fa4f9964e04fcc1e340a\array.$proc$results/sv2v_output.v:118$1870'.
Creating decoders for process `$paramod$ea9a025bc5ee84a808c2fa4f9964e04fcc1e340a\array.$proc$results/sv2v_output.v:118$1869'.
Creating decoders for process `$paramod$ea9a025bc5ee84a808c2fa4f9964e04fcc1e340a\array.$proc$results/sv2v_output.v:118$1868'.
Creating decoders for process `$paramod$ea9a025bc5ee84a808c2fa4f9964e04fcc1e340a\array.$proc$results/sv2v_output.v:118$1867'.
Creating decoders for process `$paramod$ea9a025bc5ee84a808c2fa4f9964e04fcc1e340a\array.$proc$results/sv2v_output.v:118$1866'.
Creating decoders for process `$paramod$ea9a025bc5ee84a808c2fa4f9964e04fcc1e340a\array.$proc$results/sv2v_output.v:118$1865'.
Creating decoders for process `$paramod$ea9a025bc5ee84a808c2fa4f9964e04fcc1e340a\array.$proc$results/sv2v_output.v:118$1864'.
Creating decoders for process `$paramod$ea9a025bc5ee84a808c2fa4f9964e04fcc1e340a\array.$proc$results/sv2v_output.v:118$1863'.
Creating decoders for process `$paramod$ea9a025bc5ee84a808c2fa4f9964e04fcc1e340a\array.$proc$results/sv2v_output.v:118$1862'.
Creating decoders for process `$paramod$ea9a025bc5ee84a808c2fa4f9964e04fcc1e340a\array.$proc$results/sv2v_output.v:118$1861'.
Creating decoders for process `$paramod$ea9a025bc5ee84a808c2fa4f9964e04fcc1e340a\array.$proc$results/sv2v_output.v:118$1860'.
Creating decoders for process `$paramod$ea9a025bc5ee84a808c2fa4f9964e04fcc1e340a\array.$proc$results/sv2v_output.v:118$1859'.
Creating decoders for process `$paramod$ea9a025bc5ee84a808c2fa4f9964e04fcc1e340a\array.$proc$results/sv2v_output.v:118$1858'.
Creating decoders for process `$paramod$ea9a025bc5ee84a808c2fa4f9964e04fcc1e340a\array.$proc$results/sv2v_output.v:118$1857'.
Creating decoders for process `$paramod$ea9a025bc5ee84a808c2fa4f9964e04fcc1e340a\array.$proc$results/sv2v_output.v:118$1856'.
Creating decoders for process `$paramod$ea9a025bc5ee84a808c2fa4f9964e04fcc1e340a\array.$proc$results/sv2v_output.v:118$1855'.
Creating decoders for process `$paramod$ea9a025bc5ee84a808c2fa4f9964e04fcc1e340a\array.$proc$results/sv2v_output.v:118$1854'.
Creating decoders for process `$paramod$ea9a025bc5ee84a808c2fa4f9964e04fcc1e340a\array.$proc$results/sv2v_output.v:118$1853'.
Creating decoders for process `$paramod$ea9a025bc5ee84a808c2fa4f9964e04fcc1e340a\array.$proc$results/sv2v_output.v:118$1852'.
Creating decoders for process `$paramod$ea9a025bc5ee84a808c2fa4f9964e04fcc1e340a\array.$proc$results/sv2v_output.v:118$1851'.
Creating decoders for process `$paramod$ea9a025bc5ee84a808c2fa4f9964e04fcc1e340a\array.$proc$results/sv2v_output.v:118$1850'.
Creating decoders for process `$paramod$ea9a025bc5ee84a808c2fa4f9964e04fcc1e340a\array.$proc$results/sv2v_output.v:118$1849'.
Creating decoders for process `$paramod$ea9a025bc5ee84a808c2fa4f9964e04fcc1e340a\array.$proc$results/sv2v_output.v:118$1848'.
Creating decoders for process `$paramod$ea9a025bc5ee84a808c2fa4f9964e04fcc1e340a\array.$proc$results/sv2v_output.v:118$1847'.
Creating decoders for process `$paramod$ea9a025bc5ee84a808c2fa4f9964e04fcc1e340a\array.$proc$results/sv2v_output.v:118$1846'.
Creating decoders for process `$paramod$ea9a025bc5ee84a808c2fa4f9964e04fcc1e340a\array.$proc$results/sv2v_output.v:118$1845'.
Creating decoders for process `$paramod$ea9a025bc5ee84a808c2fa4f9964e04fcc1e340a\array.$proc$results/sv2v_output.v:118$1844'.
Creating decoders for process `$paramod$ea9a025bc5ee84a808c2fa4f9964e04fcc1e340a\array.$proc$results/sv2v_output.v:118$1843'.
Creating decoders for process `$paramod$ea9a025bc5ee84a808c2fa4f9964e04fcc1e340a\array.$proc$results/sv2v_output.v:118$1842'.
Creating decoders for process `$paramod$ea9a025bc5ee84a808c2fa4f9964e04fcc1e340a\array.$proc$results/sv2v_output.v:118$1841'.
Creating decoders for process `$paramod$ea9a025bc5ee84a808c2fa4f9964e04fcc1e340a\array.$proc$results/sv2v_output.v:118$1840'.
Creating decoders for process `$paramod$ea9a025bc5ee84a808c2fa4f9964e04fcc1e340a\array.$proc$results/sv2v_output.v:118$1839'.
Creating decoders for process `$paramod$ea9a025bc5ee84a808c2fa4f9964e04fcc1e340a\array.$proc$results/sv2v_output.v:118$1838'.
Creating decoders for process `$paramod$ea9a025bc5ee84a808c2fa4f9964e04fcc1e340a\array.$proc$results/sv2v_output.v:118$1837'.
Creating decoders for process `$paramod$ea9a025bc5ee84a808c2fa4f9964e04fcc1e340a\array.$proc$results/sv2v_output.v:118$1836'.
Creating decoders for process `$paramod$ea9a025bc5ee84a808c2fa4f9964e04fcc1e340a\array.$proc$results/sv2v_output.v:118$1835'.
Creating decoders for process `$paramod$ea9a025bc5ee84a808c2fa4f9964e04fcc1e340a\array.$proc$results/sv2v_output.v:118$1834'.
Creating decoders for process `$paramod$ea9a025bc5ee84a808c2fa4f9964e04fcc1e340a\array.$proc$results/sv2v_output.v:118$1833'.
Creating decoders for process `$paramod$ea9a025bc5ee84a808c2fa4f9964e04fcc1e340a\array.$proc$results/sv2v_output.v:118$1832'.
Creating decoders for process `$paramod$ea9a025bc5ee84a808c2fa4f9964e04fcc1e340a\array.$proc$results/sv2v_output.v:118$1831'.
Creating decoders for process `$paramod$ea9a025bc5ee84a808c2fa4f9964e04fcc1e340a\array.$proc$results/sv2v_output.v:118$1830'.
Creating decoders for process `$paramod$ea9a025bc5ee84a808c2fa4f9964e04fcc1e340a\array.$proc$results/sv2v_output.v:118$1829'.
Creating decoders for process `$paramod$ea9a025bc5ee84a808c2fa4f9964e04fcc1e340a\array.$proc$results/sv2v_output.v:118$1828'.
Creating decoders for process `$paramod$ea9a025bc5ee84a808c2fa4f9964e04fcc1e340a\array.$proc$results/sv2v_output.v:118$1827'.
Creating decoders for process `$paramod$ea9a025bc5ee84a808c2fa4f9964e04fcc1e340a\array.$proc$results/sv2v_output.v:118$1826'.
Creating decoders for process `$paramod$ea9a025bc5ee84a808c2fa4f9964e04fcc1e340a\array.$proc$results/sv2v_output.v:118$1825'.
Creating decoders for process `$paramod$ea9a025bc5ee84a808c2fa4f9964e04fcc1e340a\array.$proc$results/sv2v_output.v:118$1824'.
Creating decoders for process `$paramod$ea9a025bc5ee84a808c2fa4f9964e04fcc1e340a\array.$proc$results/sv2v_output.v:118$1823'.
Creating decoders for process `$paramod$ea9a025bc5ee84a808c2fa4f9964e04fcc1e340a\array.$proc$results/sv2v_output.v:118$1822'.
Creating decoders for process `$paramod$ea9a025bc5ee84a808c2fa4f9964e04fcc1e340a\array.$proc$results/sv2v_output.v:118$1821'.
Creating decoders for process `$paramod$ea9a025bc5ee84a808c2fa4f9964e04fcc1e340a\array.$proc$results/sv2v_output.v:118$1820'.
Creating decoders for process `$paramod$ea9a025bc5ee84a808c2fa4f9964e04fcc1e340a\array.$proc$results/sv2v_output.v:118$1819'.
Creating decoders for process `$paramod$ea9a025bc5ee84a808c2fa4f9964e04fcc1e340a\array.$proc$results/sv2v_output.v:118$1818'.
Creating decoders for process `$paramod$ea9a025bc5ee84a808c2fa4f9964e04fcc1e340a\array.$proc$results/sv2v_output.v:118$1817'.
Creating decoders for process `$paramod$ea9a025bc5ee84a808c2fa4f9964e04fcc1e340a\array.$proc$results/sv2v_output.v:118$1816'.
Creating decoders for process `$paramod$ea9a025bc5ee84a808c2fa4f9964e04fcc1e340a\array.$proc$results/sv2v_output.v:118$1815'.
Creating decoders for process `$paramod$ea9a025bc5ee84a808c2fa4f9964e04fcc1e340a\array.$proc$results/sv2v_output.v:118$1814'.
Creating decoders for process `$paramod$ea9a025bc5ee84a808c2fa4f9964e04fcc1e340a\array.$proc$results/sv2v_output.v:118$1813'.
Creating decoders for process `$paramod$ea9a025bc5ee84a808c2fa4f9964e04fcc1e340a\array.$proc$results/sv2v_output.v:118$1812'.
Creating decoders for process `$paramod$ea9a025bc5ee84a808c2fa4f9964e04fcc1e340a\array.$proc$results/sv2v_output.v:118$1811'.
Creating decoders for process `$paramod$ea9a025bc5ee84a808c2fa4f9964e04fcc1e340a\array.$proc$results/sv2v_output.v:118$1810'.
Creating decoders for process `$paramod$ea9a025bc5ee84a808c2fa4f9964e04fcc1e340a\array.$proc$results/sv2v_output.v:118$1809'.
Creating decoders for process `$paramod$ea9a025bc5ee84a808c2fa4f9964e04fcc1e340a\array.$proc$results/sv2v_output.v:118$1808'.
Creating decoders for process `$paramod$ea9a025bc5ee84a808c2fa4f9964e04fcc1e340a\array.$proc$results/sv2v_output.v:118$1807'.
Creating decoders for process `$paramod$ea9a025bc5ee84a808c2fa4f9964e04fcc1e340a\array.$proc$results/sv2v_output.v:118$1806'.
Creating decoders for process `$paramod$ea9a025bc5ee84a808c2fa4f9964e04fcc1e340a\array.$proc$results/sv2v_output.v:118$1805'.
Creating decoders for process `$paramod$ea9a025bc5ee84a808c2fa4f9964e04fcc1e340a\array.$proc$results/sv2v_output.v:118$1804'.
Creating decoders for process `$paramod$ea9a025bc5ee84a808c2fa4f9964e04fcc1e340a\array.$proc$results/sv2v_output.v:118$1803'.
Creating decoders for process `$paramod$ea9a025bc5ee84a808c2fa4f9964e04fcc1e340a\array.$proc$results/sv2v_output.v:118$1802'.
Creating decoders for process `$paramod$ea9a025bc5ee84a808c2fa4f9964e04fcc1e340a\array.$proc$results/sv2v_output.v:118$1801'.
Creating decoders for process `$paramod$ea9a025bc5ee84a808c2fa4f9964e04fcc1e340a\array.$proc$results/sv2v_output.v:118$1800'.
Creating decoders for process `$paramod$ea9a025bc5ee84a808c2fa4f9964e04fcc1e340a\array.$proc$results/sv2v_output.v:118$1799'.
Creating decoders for process `$paramod$ea9a025bc5ee84a808c2fa4f9964e04fcc1e340a\array.$proc$results/sv2v_output.v:118$1798'.
Creating decoders for process `$paramod$ea9a025bc5ee84a808c2fa4f9964e04fcc1e340a\array.$proc$results/sv2v_output.v:118$1797'.
Creating decoders for process `$paramod$ea9a025bc5ee84a808c2fa4f9964e04fcc1e340a\array.$proc$results/sv2v_output.v:118$1796'.
Creating decoders for process `$paramod$ea9a025bc5ee84a808c2fa4f9964e04fcc1e340a\array.$proc$results/sv2v_output.v:118$1795'.
Creating decoders for process `$paramod$ea9a025bc5ee84a808c2fa4f9964e04fcc1e340a\array.$proc$results/sv2v_output.v:118$1794'.
Creating decoders for process `$paramod$ea9a025bc5ee84a808c2fa4f9964e04fcc1e340a\array.$proc$results/sv2v_output.v:118$1793'.
Creating decoders for process `$paramod$ea9a025bc5ee84a808c2fa4f9964e04fcc1e340a\array.$proc$results/sv2v_output.v:118$1792'.
Creating decoders for process `$paramod$ea9a025bc5ee84a808c2fa4f9964e04fcc1e340a\array.$proc$results/sv2v_output.v:118$1791'.
Creating decoders for process `$paramod$ea9a025bc5ee84a808c2fa4f9964e04fcc1e340a\array.$proc$results/sv2v_output.v:118$1790'.
Creating decoders for process `$paramod$ea9a025bc5ee84a808c2fa4f9964e04fcc1e340a\array.$proc$results/sv2v_output.v:118$1789'.
Creating decoders for process `$paramod$ea9a025bc5ee84a808c2fa4f9964e04fcc1e340a\array.$proc$results/sv2v_output.v:118$1788'.
Creating decoders for process `$paramod$ea9a025bc5ee84a808c2fa4f9964e04fcc1e340a\array.$proc$results/sv2v_output.v:118$1787'.
Creating decoders for process `$paramod$ea9a025bc5ee84a808c2fa4f9964e04fcc1e340a\array.$proc$results/sv2v_output.v:118$1786'.
Creating decoders for process `$paramod$ea9a025bc5ee84a808c2fa4f9964e04fcc1e340a\array.$proc$results/sv2v_output.v:118$1785'.
Creating decoders for process `$paramod$ea9a025bc5ee84a808c2fa4f9964e04fcc1e340a\array.$proc$results/sv2v_output.v:118$1784'.
Creating decoders for process `$paramod$ea9a025bc5ee84a808c2fa4f9964e04fcc1e340a\array.$proc$results/sv2v_output.v:118$1783'.
Creating decoders for process `$paramod$ea9a025bc5ee84a808c2fa4f9964e04fcc1e340a\array.$proc$results/sv2v_output.v:118$1782'.
Creating decoders for process `$paramod$ea9a025bc5ee84a808c2fa4f9964e04fcc1e340a\array.$proc$results/sv2v_output.v:118$1781'.
Creating decoders for process `$paramod$ea9a025bc5ee84a808c2fa4f9964e04fcc1e340a\array.$proc$results/sv2v_output.v:118$1780'.
Creating decoders for process `$paramod$ea9a025bc5ee84a808c2fa4f9964e04fcc1e340a\array.$proc$results/sv2v_output.v:118$1779'.
Creating decoders for process `$paramod$ea9a025bc5ee84a808c2fa4f9964e04fcc1e340a\array.$proc$results/sv2v_output.v:118$1778'.
Creating decoders for process `$paramod$ea9a025bc5ee84a808c2fa4f9964e04fcc1e340a\array.$proc$results/sv2v_output.v:118$1777'.
Creating decoders for process `$paramod$ea9a025bc5ee84a808c2fa4f9964e04fcc1e340a\array.$proc$results/sv2v_output.v:118$1776'.
Creating decoders for process `$paramod$ea9a025bc5ee84a808c2fa4f9964e04fcc1e340a\array.$proc$results/sv2v_output.v:118$1775'.
Creating decoders for process `$paramod$ea9a025bc5ee84a808c2fa4f9964e04fcc1e340a\array.$proc$results/sv2v_output.v:118$1774'.
Creating decoders for process `$paramod$ea9a025bc5ee84a808c2fa4f9964e04fcc1e340a\array.$proc$results/sv2v_output.v:118$1773'.
Creating decoders for process `$paramod$ea9a025bc5ee84a808c2fa4f9964e04fcc1e340a\array.$proc$results/sv2v_output.v:118$1772'.
Creating decoders for process `$paramod$ea9a025bc5ee84a808c2fa4f9964e04fcc1e340a\array.$proc$results/sv2v_output.v:118$1771'.
Creating decoders for process `$paramod$ea9a025bc5ee84a808c2fa4f9964e04fcc1e340a\array.$proc$results/sv2v_output.v:118$1770'.
Creating decoders for process `$paramod$ea9a025bc5ee84a808c2fa4f9964e04fcc1e340a\array.$proc$results/sv2v_output.v:118$1769'.
Creating decoders for process `$paramod$ea9a025bc5ee84a808c2fa4f9964e04fcc1e340a\array.$proc$results/sv2v_output.v:118$1768'.
Creating decoders for process `$paramod$ea9a025bc5ee84a808c2fa4f9964e04fcc1e340a\array.$proc$results/sv2v_output.v:118$1767'.
Creating decoders for process `$paramod$ea9a025bc5ee84a808c2fa4f9964e04fcc1e340a\array.$proc$results/sv2v_output.v:118$1766'.
Creating decoders for process `$paramod$ea9a025bc5ee84a808c2fa4f9964e04fcc1e340a\array.$proc$results/sv2v_output.v:118$1765'.
Creating decoders for process `$paramod$ea9a025bc5ee84a808c2fa4f9964e04fcc1e340a\array.$proc$results/sv2v_output.v:118$1764'.
Creating decoders for process `$paramod$ea9a025bc5ee84a808c2fa4f9964e04fcc1e340a\array.$proc$results/sv2v_output.v:118$1763'.
Creating decoders for process `$paramod$ea9a025bc5ee84a808c2fa4f9964e04fcc1e340a\array.$proc$results/sv2v_output.v:118$1762'.
Creating decoders for process `$paramod$ea9a025bc5ee84a808c2fa4f9964e04fcc1e340a\array.$proc$results/sv2v_output.v:118$1761'.
Creating decoders for process `$paramod$ea9a025bc5ee84a808c2fa4f9964e04fcc1e340a\array.$proc$results/sv2v_output.v:118$1760'.
Creating decoders for process `$paramod$ea9a025bc5ee84a808c2fa4f9964e04fcc1e340a\array.$proc$results/sv2v_output.v:118$1759'.
Creating decoders for process `$paramod$ea9a025bc5ee84a808c2fa4f9964e04fcc1e340a\array.$proc$results/sv2v_output.v:118$1758'.
Creating decoders for process `$paramod$ea9a025bc5ee84a808c2fa4f9964e04fcc1e340a\array.$proc$results/sv2v_output.v:118$1757'.
Creating decoders for process `$paramod$ea9a025bc5ee84a808c2fa4f9964e04fcc1e340a\array.$proc$results/sv2v_output.v:118$1756'.
Creating decoders for process `$paramod$ea9a025bc5ee84a808c2fa4f9964e04fcc1e340a\array.$proc$results/sv2v_output.v:118$1755'.
Creating decoders for process `$paramod$ea9a025bc5ee84a808c2fa4f9964e04fcc1e340a\array.$proc$results/sv2v_output.v:118$1754'.
Creating decoders for process `$paramod$ea9a025bc5ee84a808c2fa4f9964e04fcc1e340a\array.$proc$results/sv2v_output.v:118$1753'.
Creating decoders for process `$paramod$ea9a025bc5ee84a808c2fa4f9964e04fcc1e340a\array.$proc$results/sv2v_output.v:118$1752'.
Creating decoders for process `$paramod$ea9a025bc5ee84a808c2fa4f9964e04fcc1e340a\array.$proc$results/sv2v_output.v:118$1751'.
Creating decoders for process `$paramod$ea9a025bc5ee84a808c2fa4f9964e04fcc1e340a\array.$proc$results/sv2v_output.v:118$1750'.
Creating decoders for process `$paramod$ea9a025bc5ee84a808c2fa4f9964e04fcc1e340a\array.$proc$results/sv2v_output.v:118$1749'.
Creating decoders for process `$paramod$ea9a025bc5ee84a808c2fa4f9964e04fcc1e340a\array.$proc$results/sv2v_output.v:118$1748'.
Creating decoders for process `$paramod$ea9a025bc5ee84a808c2fa4f9964e04fcc1e340a\array.$proc$results/sv2v_output.v:118$1747'.
Creating decoders for process `$paramod$ea9a025bc5ee84a808c2fa4f9964e04fcc1e340a\array.$proc$results/sv2v_output.v:118$1746'.
Creating decoders for process `$paramod$ea9a025bc5ee84a808c2fa4f9964e04fcc1e340a\array.$proc$results/sv2v_output.v:118$1745'.
Creating decoders for process `$paramod$ea9a025bc5ee84a808c2fa4f9964e04fcc1e340a\array.$proc$results/sv2v_output.v:118$1744'.
Creating decoders for process `$paramod$ea9a025bc5ee84a808c2fa4f9964e04fcc1e340a\array.$proc$results/sv2v_output.v:118$1743'.
Creating decoders for process `$paramod$ea9a025bc5ee84a808c2fa4f9964e04fcc1e340a\array.$proc$results/sv2v_output.v:118$1742'.
Creating decoders for process `$paramod$ea9a025bc5ee84a808c2fa4f9964e04fcc1e340a\array.$proc$results/sv2v_output.v:118$1741'.
Creating decoders for process `$paramod$ea9a025bc5ee84a808c2fa4f9964e04fcc1e340a\array.$proc$results/sv2v_output.v:118$1740'.
Creating decoders for process `$paramod$ea9a025bc5ee84a808c2fa4f9964e04fcc1e340a\array.$proc$results/sv2v_output.v:118$1739'.
Creating decoders for process `$paramod$ea9a025bc5ee84a808c2fa4f9964e04fcc1e340a\array.$proc$results/sv2v_output.v:118$1738'.
Creating decoders for process `$paramod$ea9a025bc5ee84a808c2fa4f9964e04fcc1e340a\array.$proc$results/sv2v_output.v:118$1737'.
Creating decoders for process `$paramod$ea9a025bc5ee84a808c2fa4f9964e04fcc1e340a\array.$proc$results/sv2v_output.v:118$1736'.
Creating decoders for process `$paramod$ea9a025bc5ee84a808c2fa4f9964e04fcc1e340a\array.$proc$results/sv2v_output.v:118$1735'.
Creating decoders for process `$paramod$ea9a025bc5ee84a808c2fa4f9964e04fcc1e340a\array.$proc$results/sv2v_output.v:118$1734'.
Creating decoders for process `$paramod$ea9a025bc5ee84a808c2fa4f9964e04fcc1e340a\array.$proc$results/sv2v_output.v:118$1733'.
Creating decoders for process `$paramod$ea9a025bc5ee84a808c2fa4f9964e04fcc1e340a\array.$proc$results/sv2v_output.v:118$1732'.
Creating decoders for process `$paramod$ea9a025bc5ee84a808c2fa4f9964e04fcc1e340a\array.$proc$results/sv2v_output.v:118$1731'.
Creating decoders for process `$paramod$ea9a025bc5ee84a808c2fa4f9964e04fcc1e340a\array.$proc$results/sv2v_output.v:118$1730'.
Creating decoders for process `$paramod$ea9a025bc5ee84a808c2fa4f9964e04fcc1e340a\array.$proc$results/sv2v_output.v:118$1729'.
Creating decoders for process `$paramod$ea9a025bc5ee84a808c2fa4f9964e04fcc1e340a\array.$proc$results/sv2v_output.v:118$1728'.
Creating decoders for process `$paramod$ea9a025bc5ee84a808c2fa4f9964e04fcc1e340a\array.$proc$results/sv2v_output.v:118$1727'.
Creating decoders for process `$paramod$ea9a025bc5ee84a808c2fa4f9964e04fcc1e340a\array.$proc$results/sv2v_output.v:118$1726'.
Creating decoders for process `$paramod$ea9a025bc5ee84a808c2fa4f9964e04fcc1e340a\array.$proc$results/sv2v_output.v:118$1725'.
Creating decoders for process `$paramod$ea9a025bc5ee84a808c2fa4f9964e04fcc1e340a\array.$proc$results/sv2v_output.v:118$1724'.
Creating decoders for process `$paramod$ea9a025bc5ee84a808c2fa4f9964e04fcc1e340a\array.$proc$results/sv2v_output.v:118$1723'.
Creating decoders for process `$paramod$ea9a025bc5ee84a808c2fa4f9964e04fcc1e340a\array.$proc$results/sv2v_output.v:118$1722'.
Creating decoders for process `$paramod$ea9a025bc5ee84a808c2fa4f9964e04fcc1e340a\array.$proc$results/sv2v_output.v:118$1721'.
Creating decoders for process `$paramod$ea9a025bc5ee84a808c2fa4f9964e04fcc1e340a\array.$proc$results/sv2v_output.v:118$1720'.
Creating decoders for process `$paramod$ea9a025bc5ee84a808c2fa4f9964e04fcc1e340a\array.$proc$results/sv2v_output.v:118$1719'.
Creating decoders for process `$paramod$ea9a025bc5ee84a808c2fa4f9964e04fcc1e340a\array.$proc$results/sv2v_output.v:118$1718'.
Creating decoders for process `$paramod$ea9a025bc5ee84a808c2fa4f9964e04fcc1e340a\array.$proc$results/sv2v_output.v:118$1717'.
Creating decoders for process `$paramod$ea9a025bc5ee84a808c2fa4f9964e04fcc1e340a\array.$proc$results/sv2v_output.v:118$1716'.
Creating decoders for process `$paramod$ea9a025bc5ee84a808c2fa4f9964e04fcc1e340a\array.$proc$results/sv2v_output.v:118$1715'.
Creating decoders for process `$paramod$ea9a025bc5ee84a808c2fa4f9964e04fcc1e340a\array.$proc$results/sv2v_output.v:118$1714'.
Creating decoders for process `$paramod$ea9a025bc5ee84a808c2fa4f9964e04fcc1e340a\array.$proc$results/sv2v_output.v:118$1713'.
Creating decoders for process `$paramod$ea9a025bc5ee84a808c2fa4f9964e04fcc1e340a\array.$proc$results/sv2v_output.v:118$1712'.
Creating decoders for process `$paramod$ea9a025bc5ee84a808c2fa4f9964e04fcc1e340a\array.$proc$results/sv2v_output.v:118$1711'.
Creating decoders for process `$paramod$ea9a025bc5ee84a808c2fa4f9964e04fcc1e340a\array.$proc$results/sv2v_output.v:118$1710'.
Creating decoders for process `$paramod$ea9a025bc5ee84a808c2fa4f9964e04fcc1e340a\array.$proc$results/sv2v_output.v:118$1709'.
Creating decoders for process `$paramod$ea9a025bc5ee84a808c2fa4f9964e04fcc1e340a\array.$proc$results/sv2v_output.v:118$1708'.
Creating decoders for process `$paramod$ea9a025bc5ee84a808c2fa4f9964e04fcc1e340a\array.$proc$results/sv2v_output.v:118$1707'.
Creating decoders for process `$paramod$ea9a025bc5ee84a808c2fa4f9964e04fcc1e340a\array.$proc$results/sv2v_output.v:118$1706'.
Creating decoders for process `$paramod$ea9a025bc5ee84a808c2fa4f9964e04fcc1e340a\array.$proc$results/sv2v_output.v:118$1705'.
Creating decoders for process `$paramod$ea9a025bc5ee84a808c2fa4f9964e04fcc1e340a\array.$proc$results/sv2v_output.v:118$1704'.
Creating decoders for process `$paramod$ea9a025bc5ee84a808c2fa4f9964e04fcc1e340a\array.$proc$results/sv2v_output.v:118$1703'.
Creating decoders for process `$paramod$ea9a025bc5ee84a808c2fa4f9964e04fcc1e340a\array.$proc$results/sv2v_output.v:118$1702'.
Creating decoders for process `$paramod$ea9a025bc5ee84a808c2fa4f9964e04fcc1e340a\array.$proc$results/sv2v_output.v:118$1701'.
Creating decoders for process `$paramod$ea9a025bc5ee84a808c2fa4f9964e04fcc1e340a\array.$proc$results/sv2v_output.v:118$1700'.
Creating decoders for process `$paramod$ea9a025bc5ee84a808c2fa4f9964e04fcc1e340a\array.$proc$results/sv2v_output.v:118$1699'.
Creating decoders for process `$paramod$ea9a025bc5ee84a808c2fa4f9964e04fcc1e340a\array.$proc$results/sv2v_output.v:118$1698'.
Creating decoders for process `$paramod$ea9a025bc5ee84a808c2fa4f9964e04fcc1e340a\array.$proc$results/sv2v_output.v:118$1697'.
Creating decoders for process `$paramod$ea9a025bc5ee84a808c2fa4f9964e04fcc1e340a\array.$proc$results/sv2v_output.v:118$1696'.
Creating decoders for process `$paramod$ea9a025bc5ee84a808c2fa4f9964e04fcc1e340a\array.$proc$results/sv2v_output.v:118$1695'.
Creating decoders for process `$paramod$ea9a025bc5ee84a808c2fa4f9964e04fcc1e340a\array.$proc$results/sv2v_output.v:118$1694'.
Creating decoders for process `$paramod$ea9a025bc5ee84a808c2fa4f9964e04fcc1e340a\array.$proc$results/sv2v_output.v:118$1693'.
Creating decoders for process `$paramod$ea9a025bc5ee84a808c2fa4f9964e04fcc1e340a\array.$proc$results/sv2v_output.v:118$1692'.
Creating decoders for process `$paramod$ea9a025bc5ee84a808c2fa4f9964e04fcc1e340a\array.$proc$results/sv2v_output.v:118$1691'.
Creating decoders for process `$paramod$ea9a025bc5ee84a808c2fa4f9964e04fcc1e340a\array.$proc$results/sv2v_output.v:118$1690'.
Creating decoders for process `$paramod$ea9a025bc5ee84a808c2fa4f9964e04fcc1e340a\array.$proc$results/sv2v_output.v:118$1689'.
Creating decoders for process `$paramod$ea9a025bc5ee84a808c2fa4f9964e04fcc1e340a\array.$proc$results/sv2v_output.v:118$1688'.
Creating decoders for process `$paramod$ea9a025bc5ee84a808c2fa4f9964e04fcc1e340a\array.$proc$results/sv2v_output.v:118$1687'.
Creating decoders for process `$paramod$ea9a025bc5ee84a808c2fa4f9964e04fcc1e340a\array.$proc$results/sv2v_output.v:118$1686'.
Creating decoders for process `$paramod$ea9a025bc5ee84a808c2fa4f9964e04fcc1e340a\array.$proc$results/sv2v_output.v:118$1685'.
Creating decoders for process `$paramod$ea9a025bc5ee84a808c2fa4f9964e04fcc1e340a\array.$proc$results/sv2v_output.v:118$1684'.
Creating decoders for process `$paramod$ea9a025bc5ee84a808c2fa4f9964e04fcc1e340a\array.$proc$results/sv2v_output.v:118$1683'.
Creating decoders for process `$paramod$ea9a025bc5ee84a808c2fa4f9964e04fcc1e340a\array.$proc$results/sv2v_output.v:118$1682'.
Creating decoders for process `$paramod$ea9a025bc5ee84a808c2fa4f9964e04fcc1e340a\array.$proc$results/sv2v_output.v:118$1681'.
Creating decoders for process `$paramod$ea9a025bc5ee84a808c2fa4f9964e04fcc1e340a\array.$proc$results/sv2v_output.v:118$1680'.
Creating decoders for process `$paramod$ea9a025bc5ee84a808c2fa4f9964e04fcc1e340a\array.$proc$results/sv2v_output.v:118$1679'.
Creating decoders for process `$paramod$ea9a025bc5ee84a808c2fa4f9964e04fcc1e340a\array.$proc$results/sv2v_output.v:118$1678'.
Creating decoders for process `$paramod$ea9a025bc5ee84a808c2fa4f9964e04fcc1e340a\array.$proc$results/sv2v_output.v:118$1677'.
Creating decoders for process `$paramod$ea9a025bc5ee84a808c2fa4f9964e04fcc1e340a\array.$proc$results/sv2v_output.v:118$1676'.
Creating decoders for process `$paramod$ea9a025bc5ee84a808c2fa4f9964e04fcc1e340a\array.$proc$results/sv2v_output.v:118$1675'.
Creating decoders for process `$paramod$ea9a025bc5ee84a808c2fa4f9964e04fcc1e340a\array.$proc$results/sv2v_output.v:118$1674'.
Creating decoders for process `$paramod$ea9a025bc5ee84a808c2fa4f9964e04fcc1e340a\array.$proc$results/sv2v_output.v:118$1673'.
Creating decoders for process `$paramod$ea9a025bc5ee84a808c2fa4f9964e04fcc1e340a\array.$proc$results/sv2v_output.v:118$1672'.
Creating decoders for process `$paramod$ea9a025bc5ee84a808c2fa4f9964e04fcc1e340a\array.$proc$results/sv2v_output.v:118$1671'.
Creating decoders for process `$paramod$ea9a025bc5ee84a808c2fa4f9964e04fcc1e340a\array.$proc$results/sv2v_output.v:118$1670'.
Creating decoders for process `$paramod$ea9a025bc5ee84a808c2fa4f9964e04fcc1e340a\array.$proc$results/sv2v_output.v:118$1669'.
Creating decoders for process `$paramod$ea9a025bc5ee84a808c2fa4f9964e04fcc1e340a\array.$proc$results/sv2v_output.v:118$1668'.
Creating decoders for process `$paramod$ea9a025bc5ee84a808c2fa4f9964e04fcc1e340a\array.$proc$results/sv2v_output.v:118$1667'.
Creating decoders for process `$paramod$ea9a025bc5ee84a808c2fa4f9964e04fcc1e340a\array.$proc$results/sv2v_output.v:118$1666'.
Creating decoders for process `$paramod$ea9a025bc5ee84a808c2fa4f9964e04fcc1e340a\array.$proc$results/sv2v_output.v:118$1665'.
Creating decoders for process `$paramod$ea9a025bc5ee84a808c2fa4f9964e04fcc1e340a\array.$proc$results/sv2v_output.v:118$1664'.
Creating decoders for process `$paramod$ea9a025bc5ee84a808c2fa4f9964e04fcc1e340a\array.$proc$results/sv2v_output.v:118$1663'.
Creating decoders for process `$paramod$ea9a025bc5ee84a808c2fa4f9964e04fcc1e340a\array.$proc$results/sv2v_output.v:118$1662'.
Creating decoders for process `$paramod$ea9a025bc5ee84a808c2fa4f9964e04fcc1e340a\array.$proc$results/sv2v_output.v:118$1661'.
Creating decoders for process `$paramod$ea9a025bc5ee84a808c2fa4f9964e04fcc1e340a\array.$proc$results/sv2v_output.v:118$1660'.
Creating decoders for process `$paramod$ea9a025bc5ee84a808c2fa4f9964e04fcc1e340a\array.$proc$results/sv2v_output.v:118$1659'.
Creating decoders for process `$paramod$ea9a025bc5ee84a808c2fa4f9964e04fcc1e340a\array.$proc$results/sv2v_output.v:118$1658'.
Creating decoders for process `$paramod$ea9a025bc5ee84a808c2fa4f9964e04fcc1e340a\array.$proc$results/sv2v_output.v:118$1657'.
Creating decoders for process `$paramod$ea9a025bc5ee84a808c2fa4f9964e04fcc1e340a\array.$proc$results/sv2v_output.v:118$1656'.
Creating decoders for process `$paramod$ea9a025bc5ee84a808c2fa4f9964e04fcc1e340a\array.$proc$results/sv2v_output.v:118$1655'.
Creating decoders for process `$paramod$ea9a025bc5ee84a808c2fa4f9964e04fcc1e340a\array.$proc$results/sv2v_output.v:118$1654'.
Creating decoders for process `$paramod$ea9a025bc5ee84a808c2fa4f9964e04fcc1e340a\array.$proc$results/sv2v_output.v:118$1653'.
Creating decoders for process `$paramod$ea9a025bc5ee84a808c2fa4f9964e04fcc1e340a\array.$proc$results/sv2v_output.v:118$1652'.
Creating decoders for process `$paramod$ea9a025bc5ee84a808c2fa4f9964e04fcc1e340a\array.$proc$results/sv2v_output.v:118$1651'.
Creating decoders for process `$paramod$ea9a025bc5ee84a808c2fa4f9964e04fcc1e340a\array.$proc$results/sv2v_output.v:118$1650'.
Creating decoders for process `$paramod$ea9a025bc5ee84a808c2fa4f9964e04fcc1e340a\array.$proc$results/sv2v_output.v:118$1649'.
Creating decoders for process `$paramod$ea9a025bc5ee84a808c2fa4f9964e04fcc1e340a\array.$proc$results/sv2v_output.v:118$1648'.
Creating decoders for process `$paramod$ea9a025bc5ee84a808c2fa4f9964e04fcc1e340a\array.$proc$results/sv2v_output.v:118$1647'.
Creating decoders for process `$paramod$ea9a025bc5ee84a808c2fa4f9964e04fcc1e340a\array.$proc$results/sv2v_output.v:118$1646'.
Creating decoders for process `$paramod$ea9a025bc5ee84a808c2fa4f9964e04fcc1e340a\array.$proc$results/sv2v_output.v:118$1645'.
Creating decoders for process `$paramod$ea9a025bc5ee84a808c2fa4f9964e04fcc1e340a\array.$proc$results/sv2v_output.v:118$1644'.
Creating decoders for process `$paramod$ea9a025bc5ee84a808c2fa4f9964e04fcc1e340a\array.$proc$results/sv2v_output.v:118$1643'.
Creating decoders for process `$paramod$ea9a025bc5ee84a808c2fa4f9964e04fcc1e340a\array.$proc$results/sv2v_output.v:118$1642'.
Creating decoders for process `$paramod$ea9a025bc5ee84a808c2fa4f9964e04fcc1e340a\array.$proc$results/sv2v_output.v:118$1641'.
Creating decoders for process `$paramod$ea9a025bc5ee84a808c2fa4f9964e04fcc1e340a\array.$proc$results/sv2v_output.v:118$1640'.
Creating decoders for process `$paramod$ea9a025bc5ee84a808c2fa4f9964e04fcc1e340a\array.$proc$results/sv2v_output.v:118$1639'.
Creating decoders for process `$paramod$ea9a025bc5ee84a808c2fa4f9964e04fcc1e340a\array.$proc$results/sv2v_output.v:118$1638'.
Creating decoders for process `$paramod$ea9a025bc5ee84a808c2fa4f9964e04fcc1e340a\array.$proc$results/sv2v_output.v:118$1637'.
Creating decoders for process `$paramod$ea9a025bc5ee84a808c2fa4f9964e04fcc1e340a\array.$proc$results/sv2v_output.v:118$1636'.
Creating decoders for process `$paramod$ea9a025bc5ee84a808c2fa4f9964e04fcc1e340a\array.$proc$results/sv2v_output.v:118$1635'.
Creating decoders for process `$paramod$ea9a025bc5ee84a808c2fa4f9964e04fcc1e340a\array.$proc$results/sv2v_output.v:118$1634'.
Creating decoders for process `$paramod$ea9a025bc5ee84a808c2fa4f9964e04fcc1e340a\array.$proc$results/sv2v_output.v:118$1633'.
Creating decoders for process `$paramod$ea9a025bc5ee84a808c2fa4f9964e04fcc1e340a\array.$proc$results/sv2v_output.v:118$1632'.
Creating decoders for process `$paramod$ea9a025bc5ee84a808c2fa4f9964e04fcc1e340a\array.$proc$results/sv2v_output.v:118$1631'.
Creating decoders for process `$paramod$ea9a025bc5ee84a808c2fa4f9964e04fcc1e340a\array.$proc$results/sv2v_output.v:118$1630'.
Creating decoders for process `$paramod$ea9a025bc5ee84a808c2fa4f9964e04fcc1e340a\array.$proc$results/sv2v_output.v:118$1629'.
Creating decoders for process `$paramod$ea9a025bc5ee84a808c2fa4f9964e04fcc1e340a\array.$proc$results/sv2v_output.v:118$1628'.
Creating decoders for process `$paramod$ea9a025bc5ee84a808c2fa4f9964e04fcc1e340a\array.$proc$results/sv2v_output.v:118$1627'.
Creating decoders for process `$paramod$ea9a025bc5ee84a808c2fa4f9964e04fcc1e340a\array.$proc$results/sv2v_output.v:118$1626'.
Creating decoders for process `$paramod$ea9a025bc5ee84a808c2fa4f9964e04fcc1e340a\array.$proc$results/sv2v_output.v:118$1625'.
Creating decoders for process `$paramod$ea9a025bc5ee84a808c2fa4f9964e04fcc1e340a\array.$proc$results/sv2v_output.v:118$1624'.
Creating decoders for process `$paramod$ea9a025bc5ee84a808c2fa4f9964e04fcc1e340a\array.$proc$results/sv2v_output.v:118$1623'.
Creating decoders for process `$paramod$ea9a025bc5ee84a808c2fa4f9964e04fcc1e340a\array.$proc$results/sv2v_output.v:118$1622'.
Creating decoders for process `$paramod$ea9a025bc5ee84a808c2fa4f9964e04fcc1e340a\array.$proc$results/sv2v_output.v:118$1621'.
Creating decoders for process `$paramod$ea9a025bc5ee84a808c2fa4f9964e04fcc1e340a\array.$proc$results/sv2v_output.v:118$1620'.
Creating decoders for process `$paramod$ea9a025bc5ee84a808c2fa4f9964e04fcc1e340a\array.$proc$results/sv2v_output.v:118$1619'.
Creating decoders for process `$paramod$ea9a025bc5ee84a808c2fa4f9964e04fcc1e340a\array.$proc$results/sv2v_output.v:118$1618'.
Creating decoders for process `$paramod$ea9a025bc5ee84a808c2fa4f9964e04fcc1e340a\array.$proc$results/sv2v_output.v:118$1617'.
Creating decoders for process `$paramod$ea9a025bc5ee84a808c2fa4f9964e04fcc1e340a\array.$proc$results/sv2v_output.v:118$1616'.
Creating decoders for process `$paramod$ea9a025bc5ee84a808c2fa4f9964e04fcc1e340a\array.$proc$results/sv2v_output.v:118$1615'.
Creating decoders for process `$paramod$ea9a025bc5ee84a808c2fa4f9964e04fcc1e340a\array.$proc$results/sv2v_output.v:118$1614'.
Creating decoders for process `$paramod$ea9a025bc5ee84a808c2fa4f9964e04fcc1e340a\array.$proc$results/sv2v_output.v:118$1613'.
Creating decoders for process `$paramod$ea9a025bc5ee84a808c2fa4f9964e04fcc1e340a\array.$proc$results/sv2v_output.v:118$1612'.
Creating decoders for process `$paramod$ea9a025bc5ee84a808c2fa4f9964e04fcc1e340a\array.$proc$results/sv2v_output.v:118$1611'.
Creating decoders for process `$paramod$ea9a025bc5ee84a808c2fa4f9964e04fcc1e340a\array.$proc$results/sv2v_output.v:118$1610'.
Creating decoders for process `$paramod$ea9a025bc5ee84a808c2fa4f9964e04fcc1e340a\array.$proc$results/sv2v_output.v:118$1609'.
Creating decoders for process `$paramod$ea9a025bc5ee84a808c2fa4f9964e04fcc1e340a\array.$proc$results/sv2v_output.v:118$1608'.
Creating decoders for process `$paramod$ea9a025bc5ee84a808c2fa4f9964e04fcc1e340a\array.$proc$results/sv2v_output.v:118$1607'.
Creating decoders for process `$paramod$ea9a025bc5ee84a808c2fa4f9964e04fcc1e340a\array.$proc$results/sv2v_output.v:118$1606'.
Creating decoders for process `$paramod$ea9a025bc5ee84a808c2fa4f9964e04fcc1e340a\array.$proc$results/sv2v_output.v:118$1605'.
Creating decoders for process `$paramod$ea9a025bc5ee84a808c2fa4f9964e04fcc1e340a\array.$proc$results/sv2v_output.v:118$1604'.
Creating decoders for process `$paramod$ea9a025bc5ee84a808c2fa4f9964e04fcc1e340a\array.$proc$results/sv2v_output.v:118$1603'.
Creating decoders for process `$paramod$ea9a025bc5ee84a808c2fa4f9964e04fcc1e340a\array.$proc$results/sv2v_output.v:118$1602'.
Creating decoders for process `$paramod$ea9a025bc5ee84a808c2fa4f9964e04fcc1e340a\array.$proc$results/sv2v_output.v:118$1601'.
Creating decoders for process `$paramod$ea9a025bc5ee84a808c2fa4f9964e04fcc1e340a\array.$proc$results/sv2v_output.v:118$1600'.
Creating decoders for process `$paramod$ea9a025bc5ee84a808c2fa4f9964e04fcc1e340a\array.$proc$results/sv2v_output.v:118$1599'.
Creating decoders for process `$paramod$ea9a025bc5ee84a808c2fa4f9964e04fcc1e340a\array.$proc$results/sv2v_output.v:118$1598'.
Creating decoders for process `$paramod$ea9a025bc5ee84a808c2fa4f9964e04fcc1e340a\array.$proc$results/sv2v_output.v:118$1597'.
Creating decoders for process `$paramod$ea9a025bc5ee84a808c2fa4f9964e04fcc1e340a\array.$proc$results/sv2v_output.v:118$1596'.
Creating decoders for process `$paramod$ea9a025bc5ee84a808c2fa4f9964e04fcc1e340a\array.$proc$results/sv2v_output.v:118$1595'.
Creating decoders for process `$paramod$ea9a025bc5ee84a808c2fa4f9964e04fcc1e340a\array.$proc$results/sv2v_output.v:118$1594'.
Creating decoders for process `$paramod$ea9a025bc5ee84a808c2fa4f9964e04fcc1e340a\array.$proc$results/sv2v_output.v:118$1593'.
Creating decoders for process `$paramod$ea9a025bc5ee84a808c2fa4f9964e04fcc1e340a\array.$proc$results/sv2v_output.v:118$1592'.
Creating decoders for process `$paramod$ea9a025bc5ee84a808c2fa4f9964e04fcc1e340a\array.$proc$results/sv2v_output.v:118$1591'.
Creating decoders for process `$paramod$ea9a025bc5ee84a808c2fa4f9964e04fcc1e340a\array.$proc$results/sv2v_output.v:118$1590'.
Creating decoders for process `$paramod$ea9a025bc5ee84a808c2fa4f9964e04fcc1e340a\array.$proc$results/sv2v_output.v:118$1589'.
Creating decoders for process `$paramod$ea9a025bc5ee84a808c2fa4f9964e04fcc1e340a\array.$proc$results/sv2v_output.v:118$1588'.
Creating decoders for process `$paramod$ea9a025bc5ee84a808c2fa4f9964e04fcc1e340a\array.$proc$results/sv2v_output.v:118$1587'.
Creating decoders for process `$paramod$ea9a025bc5ee84a808c2fa4f9964e04fcc1e340a\array.$proc$results/sv2v_output.v:118$1586'.
Creating decoders for process `$paramod$ea9a025bc5ee84a808c2fa4f9964e04fcc1e340a\array.$proc$results/sv2v_output.v:118$1585'.
Creating decoders for process `$paramod$ea9a025bc5ee84a808c2fa4f9964e04fcc1e340a\array.$proc$results/sv2v_output.v:118$1584'.
Creating decoders for process `$paramod$ea9a025bc5ee84a808c2fa4f9964e04fcc1e340a\array.$proc$results/sv2v_output.v:118$1583'.
Creating decoders for process `$paramod$ea9a025bc5ee84a808c2fa4f9964e04fcc1e340a\array.$proc$results/sv2v_output.v:118$1582'.
Creating decoders for process `$paramod$ea9a025bc5ee84a808c2fa4f9964e04fcc1e340a\array.$proc$results/sv2v_output.v:118$1581'.
Creating decoders for process `$paramod$ea9a025bc5ee84a808c2fa4f9964e04fcc1e340a\array.$proc$results/sv2v_output.v:118$1580'.
Creating decoders for process `$paramod$ea9a025bc5ee84a808c2fa4f9964e04fcc1e340a\array.$proc$results/sv2v_output.v:118$1579'.
Creating decoders for process `$paramod$ea9a025bc5ee84a808c2fa4f9964e04fcc1e340a\array.$proc$results/sv2v_output.v:118$1578'.
Creating decoders for process `$paramod$ea9a025bc5ee84a808c2fa4f9964e04fcc1e340a\array.$proc$results/sv2v_output.v:118$1577'.
Creating decoders for process `$paramod$ea9a025bc5ee84a808c2fa4f9964e04fcc1e340a\array.$proc$results/sv2v_output.v:118$1576'.
Creating decoders for process `$paramod$ea9a025bc5ee84a808c2fa4f9964e04fcc1e340a\array.$proc$results/sv2v_output.v:118$1575'.
Creating decoders for process `$paramod$ea9a025bc5ee84a808c2fa4f9964e04fcc1e340a\array.$proc$results/sv2v_output.v:118$1574'.
Creating decoders for process `$paramod$ea9a025bc5ee84a808c2fa4f9964e04fcc1e340a\array.$proc$results/sv2v_output.v:118$1573'.
Creating decoders for process `$paramod$ea9a025bc5ee84a808c2fa4f9964e04fcc1e340a\array.$proc$results/sv2v_output.v:118$1572'.
Creating decoders for process `$paramod$ea9a025bc5ee84a808c2fa4f9964e04fcc1e340a\array.$proc$results/sv2v_output.v:118$1571'.
Creating decoders for process `$paramod$ea9a025bc5ee84a808c2fa4f9964e04fcc1e340a\array.$proc$results/sv2v_output.v:118$1570'.
Creating decoders for process `$paramod$ea9a025bc5ee84a808c2fa4f9964e04fcc1e340a\array.$proc$results/sv2v_output.v:118$1569'.
Creating decoders for process `$paramod$ea9a025bc5ee84a808c2fa4f9964e04fcc1e340a\array.$proc$results/sv2v_output.v:118$1568'.
Creating decoders for process `$paramod$ea9a025bc5ee84a808c2fa4f9964e04fcc1e340a\array.$proc$results/sv2v_output.v:118$1567'.
Creating decoders for process `$paramod$ea9a025bc5ee84a808c2fa4f9964e04fcc1e340a\array.$proc$results/sv2v_output.v:118$1566'.
Creating decoders for process `$paramod$ea9a025bc5ee84a808c2fa4f9964e04fcc1e340a\array.$proc$results/sv2v_output.v:118$1565'.
Creating decoders for process `$paramod$ea9a025bc5ee84a808c2fa4f9964e04fcc1e340a\array.$proc$results/sv2v_output.v:118$1564'.
Creating decoders for process `$paramod$ea9a025bc5ee84a808c2fa4f9964e04fcc1e340a\array.$proc$results/sv2v_output.v:118$1563'.
Creating decoders for process `$paramod$ea9a025bc5ee84a808c2fa4f9964e04fcc1e340a\array.$proc$results/sv2v_output.v:118$1562'.
Creating decoders for process `$paramod$ea9a025bc5ee84a808c2fa4f9964e04fcc1e340a\array.$proc$results/sv2v_output.v:118$1561'.
Creating decoders for process `$paramod$ea9a025bc5ee84a808c2fa4f9964e04fcc1e340a\array.$proc$results/sv2v_output.v:118$1560'.
Creating decoders for process `$paramod$ea9a025bc5ee84a808c2fa4f9964e04fcc1e340a\array.$proc$results/sv2v_output.v:118$1559'.
Creating decoders for process `$paramod$ea9a025bc5ee84a808c2fa4f9964e04fcc1e340a\array.$proc$results/sv2v_output.v:118$1558'.
Creating decoders for process `$paramod$ea9a025bc5ee84a808c2fa4f9964e04fcc1e340a\array.$proc$results/sv2v_output.v:118$1557'.
Creating decoders for process `$paramod$ea9a025bc5ee84a808c2fa4f9964e04fcc1e340a\array.$proc$results/sv2v_output.v:118$1556'.
Creating decoders for process `$paramod$ea9a025bc5ee84a808c2fa4f9964e04fcc1e340a\array.$proc$results/sv2v_output.v:118$1555'.
Creating decoders for process `$paramod$ea9a025bc5ee84a808c2fa4f9964e04fcc1e340a\array.$proc$results/sv2v_output.v:118$1554'.
Creating decoders for process `$paramod$ea9a025bc5ee84a808c2fa4f9964e04fcc1e340a\array.$proc$results/sv2v_output.v:118$1553'.
Creating decoders for process `$paramod$ea9a025bc5ee84a808c2fa4f9964e04fcc1e340a\array.$proc$results/sv2v_output.v:118$1552'.
Creating decoders for process `$paramod$ea9a025bc5ee84a808c2fa4f9964e04fcc1e340a\array.$proc$results/sv2v_output.v:118$1551'.
Creating decoders for process `$paramod$ea9a025bc5ee84a808c2fa4f9964e04fcc1e340a\array.$proc$results/sv2v_output.v:118$1550'.
Creating decoders for process `$paramod$ea9a025bc5ee84a808c2fa4f9964e04fcc1e340a\array.$proc$results/sv2v_output.v:118$1549'.
Creating decoders for process `$paramod$ea9a025bc5ee84a808c2fa4f9964e04fcc1e340a\array.$proc$results/sv2v_output.v:118$1548'.
Creating decoders for process `$paramod$ea9a025bc5ee84a808c2fa4f9964e04fcc1e340a\array.$proc$results/sv2v_output.v:104$1547'.
Creating decoders for process `$paramod$ea9a025bc5ee84a808c2fa4f9964e04fcc1e340a\array.$proc$results/sv2v_output.v:104$1546'.
Creating decoders for process `$paramod$ea9a025bc5ee84a808c2fa4f9964e04fcc1e340a\array.$proc$results/sv2v_output.v:104$1545'.
Creating decoders for process `$paramod$ea9a025bc5ee84a808c2fa4f9964e04fcc1e340a\array.$proc$results/sv2v_output.v:104$1544'.
Creating decoders for process `$paramod$ea9a025bc5ee84a808c2fa4f9964e04fcc1e340a\array.$proc$results/sv2v_output.v:104$1543'.
Creating decoders for process `$paramod$ea9a025bc5ee84a808c2fa4f9964e04fcc1e340a\array.$proc$results/sv2v_output.v:104$1542'.
Creating decoders for process `$paramod$ea9a025bc5ee84a808c2fa4f9964e04fcc1e340a\array.$proc$results/sv2v_output.v:104$1541'.
Creating decoders for process `$paramod$ea9a025bc5ee84a808c2fa4f9964e04fcc1e340a\array.$proc$results/sv2v_output.v:104$1540'.
Creating decoders for process `$paramod$ea9a025bc5ee84a808c2fa4f9964e04fcc1e340a\array.$proc$results/sv2v_output.v:104$1539'.
Creating decoders for process `$paramod$ea9a025bc5ee84a808c2fa4f9964e04fcc1e340a\array.$proc$results/sv2v_output.v:104$1538'.
Creating decoders for process `$paramod$ea9a025bc5ee84a808c2fa4f9964e04fcc1e340a\array.$proc$results/sv2v_output.v:104$1537'.
Creating decoders for process `$paramod$ea9a025bc5ee84a808c2fa4f9964e04fcc1e340a\array.$proc$results/sv2v_output.v:104$1536'.
Creating decoders for process `$paramod$ea9a025bc5ee84a808c2fa4f9964e04fcc1e340a\array.$proc$results/sv2v_output.v:104$1535'.
Creating decoders for process `$paramod$ea9a025bc5ee84a808c2fa4f9964e04fcc1e340a\array.$proc$results/sv2v_output.v:104$1534'.
Creating decoders for process `$paramod$ea9a025bc5ee84a808c2fa4f9964e04fcc1e340a\array.$proc$results/sv2v_output.v:104$1533'.
Creating decoders for process `$paramod$ea9a025bc5ee84a808c2fa4f9964e04fcc1e340a\array.$proc$results/sv2v_output.v:104$1532'.
Creating decoders for process `$paramod$ea9a025bc5ee84a808c2fa4f9964e04fcc1e340a\array.$proc$results/sv2v_output.v:104$1531'.
Creating decoders for process `$paramod$ea9a025bc5ee84a808c2fa4f9964e04fcc1e340a\array.$proc$results/sv2v_output.v:104$1530'.
Creating decoders for process `$paramod$ea9a025bc5ee84a808c2fa4f9964e04fcc1e340a\array.$proc$results/sv2v_output.v:104$1529'.
Creating decoders for process `$paramod$ea9a025bc5ee84a808c2fa4f9964e04fcc1e340a\array.$proc$results/sv2v_output.v:104$1528'.
Creating decoders for process `$paramod$ea9a025bc5ee84a808c2fa4f9964e04fcc1e340a\array.$proc$results/sv2v_output.v:104$1527'.
Creating decoders for process `$paramod$ea9a025bc5ee84a808c2fa4f9964e04fcc1e340a\array.$proc$results/sv2v_output.v:104$1526'.
Creating decoders for process `$paramod$ea9a025bc5ee84a808c2fa4f9964e04fcc1e340a\array.$proc$results/sv2v_output.v:104$1525'.
Creating decoders for process `$paramod$ea9a025bc5ee84a808c2fa4f9964e04fcc1e340a\array.$proc$results/sv2v_output.v:104$1524'.
Creating decoders for process `$paramod$ea9a025bc5ee84a808c2fa4f9964e04fcc1e340a\array.$proc$results/sv2v_output.v:104$1523'.
Creating decoders for process `$paramod$ea9a025bc5ee84a808c2fa4f9964e04fcc1e340a\array.$proc$results/sv2v_output.v:104$1522'.
Creating decoders for process `$paramod$ea9a025bc5ee84a808c2fa4f9964e04fcc1e340a\array.$proc$results/sv2v_output.v:104$1521'.
Creating decoders for process `$paramod$ea9a025bc5ee84a808c2fa4f9964e04fcc1e340a\array.$proc$results/sv2v_output.v:104$1520'.
Creating decoders for process `$paramod$ea9a025bc5ee84a808c2fa4f9964e04fcc1e340a\array.$proc$results/sv2v_output.v:104$1519'.
Creating decoders for process `$paramod$ea9a025bc5ee84a808c2fa4f9964e04fcc1e340a\array.$proc$results/sv2v_output.v:104$1518'.
Creating decoders for process `$paramod$ea9a025bc5ee84a808c2fa4f9964e04fcc1e340a\array.$proc$results/sv2v_output.v:104$1517'.
Creating decoders for process `$paramod$ea9a025bc5ee84a808c2fa4f9964e04fcc1e340a\array.$proc$results/sv2v_output.v:104$1516'.

3.2.8. Executing PROC_DLATCH pass (convert process syncs to latches).
No latch inferred for signal `$paramod$bdf4e2444f8bc80364662ca048a044a95767dd4e\pe_col.\acc_wire[32]' from process `$paramod$bdf4e2444f8bc80364662ca048a044a95767dd4e\pe_col.$proc$results/sv2v_output.v:73$2736'.
No latch inferred for signal `$paramod$bdf4e2444f8bc80364662ca048a044a95767dd4e\pe_col.\acc_wire[31]' from process `$paramod$bdf4e2444f8bc80364662ca048a044a95767dd4e\pe_col.$proc$results/sv2v_output.v:73$2735'.
No latch inferred for signal `$paramod$bdf4e2444f8bc80364662ca048a044a95767dd4e\pe_col.\acc_wire[30]' from process `$paramod$bdf4e2444f8bc80364662ca048a044a95767dd4e\pe_col.$proc$results/sv2v_output.v:73$2734'.
No latch inferred for signal `$paramod$bdf4e2444f8bc80364662ca048a044a95767dd4e\pe_col.\acc_wire[29]' from process `$paramod$bdf4e2444f8bc80364662ca048a044a95767dd4e\pe_col.$proc$results/sv2v_output.v:73$2733'.
No latch inferred for signal `$paramod$bdf4e2444f8bc80364662ca048a044a95767dd4e\pe_col.\acc_wire[28]' from process `$paramod$bdf4e2444f8bc80364662ca048a044a95767dd4e\pe_col.$proc$results/sv2v_output.v:73$2732'.
No latch inferred for signal `$paramod$bdf4e2444f8bc80364662ca048a044a95767dd4e\pe_col.\acc_wire[27]' from process `$paramod$bdf4e2444f8bc80364662ca048a044a95767dd4e\pe_col.$proc$results/sv2v_output.v:73$2731'.
No latch inferred for signal `$paramod$bdf4e2444f8bc80364662ca048a044a95767dd4e\pe_col.\acc_wire[26]' from process `$paramod$bdf4e2444f8bc80364662ca048a044a95767dd4e\pe_col.$proc$results/sv2v_output.v:73$2730'.
No latch inferred for signal `$paramod$bdf4e2444f8bc80364662ca048a044a95767dd4e\pe_col.\acc_wire[25]' from process `$paramod$bdf4e2444f8bc80364662ca048a044a95767dd4e\pe_col.$proc$results/sv2v_output.v:73$2729'.
No latch inferred for signal `$paramod$bdf4e2444f8bc80364662ca048a044a95767dd4e\pe_col.\acc_wire[24]' from process `$paramod$bdf4e2444f8bc80364662ca048a044a95767dd4e\pe_col.$proc$results/sv2v_output.v:73$2728'.
No latch inferred for signal `$paramod$bdf4e2444f8bc80364662ca048a044a95767dd4e\pe_col.\acc_wire[23]' from process `$paramod$bdf4e2444f8bc80364662ca048a044a95767dd4e\pe_col.$proc$results/sv2v_output.v:73$2727'.
No latch inferred for signal `$paramod$bdf4e2444f8bc80364662ca048a044a95767dd4e\pe_col.\acc_wire[22]' from process `$paramod$bdf4e2444f8bc80364662ca048a044a95767dd4e\pe_col.$proc$results/sv2v_output.v:73$2726'.
No latch inferred for signal `$paramod$bdf4e2444f8bc80364662ca048a044a95767dd4e\pe_col.\acc_wire[21]' from process `$paramod$bdf4e2444f8bc80364662ca048a044a95767dd4e\pe_col.$proc$results/sv2v_output.v:73$2725'.
No latch inferred for signal `$paramod$bdf4e2444f8bc80364662ca048a044a95767dd4e\pe_col.\acc_wire[20]' from process `$paramod$bdf4e2444f8bc80364662ca048a044a95767dd4e\pe_col.$proc$results/sv2v_output.v:73$2724'.
No latch inferred for signal `$paramod$bdf4e2444f8bc80364662ca048a044a95767dd4e\pe_col.\acc_wire[19]' from process `$paramod$bdf4e2444f8bc80364662ca048a044a95767dd4e\pe_col.$proc$results/sv2v_output.v:73$2723'.
No latch inferred for signal `$paramod$bdf4e2444f8bc80364662ca048a044a95767dd4e\pe_col.\acc_wire[18]' from process `$paramod$bdf4e2444f8bc80364662ca048a044a95767dd4e\pe_col.$proc$results/sv2v_output.v:73$2722'.
No latch inferred for signal `$paramod$bdf4e2444f8bc80364662ca048a044a95767dd4e\pe_col.\acc_wire[17]' from process `$paramod$bdf4e2444f8bc80364662ca048a044a95767dd4e\pe_col.$proc$results/sv2v_output.v:73$2721'.
No latch inferred for signal `$paramod$bdf4e2444f8bc80364662ca048a044a95767dd4e\pe_col.\acc_wire[16]' from process `$paramod$bdf4e2444f8bc80364662ca048a044a95767dd4e\pe_col.$proc$results/sv2v_output.v:73$2720'.
No latch inferred for signal `$paramod$bdf4e2444f8bc80364662ca048a044a95767dd4e\pe_col.\acc_wire[15]' from process `$paramod$bdf4e2444f8bc80364662ca048a044a95767dd4e\pe_col.$proc$results/sv2v_output.v:73$2719'.
No latch inferred for signal `$paramod$bdf4e2444f8bc80364662ca048a044a95767dd4e\pe_col.\acc_wire[14]' from process `$paramod$bdf4e2444f8bc80364662ca048a044a95767dd4e\pe_col.$proc$results/sv2v_output.v:73$2718'.
No latch inferred for signal `$paramod$bdf4e2444f8bc80364662ca048a044a95767dd4e\pe_col.\acc_wire[13]' from process `$paramod$bdf4e2444f8bc80364662ca048a044a95767dd4e\pe_col.$proc$results/sv2v_output.v:73$2717'.
No latch inferred for signal `$paramod$bdf4e2444f8bc80364662ca048a044a95767dd4e\pe_col.\acc_wire[12]' from process `$paramod$bdf4e2444f8bc80364662ca048a044a95767dd4e\pe_col.$proc$results/sv2v_output.v:73$2716'.
No latch inferred for signal `$paramod$bdf4e2444f8bc80364662ca048a044a95767dd4e\pe_col.\acc_wire[11]' from process `$paramod$bdf4e2444f8bc80364662ca048a044a95767dd4e\pe_col.$proc$results/sv2v_output.v:73$2715'.
No latch inferred for signal `$paramod$bdf4e2444f8bc80364662ca048a044a95767dd4e\pe_col.\acc_wire[10]' from process `$paramod$bdf4e2444f8bc80364662ca048a044a95767dd4e\pe_col.$proc$results/sv2v_output.v:73$2714'.
No latch inferred for signal `$paramod$bdf4e2444f8bc80364662ca048a044a95767dd4e\pe_col.\acc_wire[9]' from process `$paramod$bdf4e2444f8bc80364662ca048a044a95767dd4e\pe_col.$proc$results/sv2v_output.v:73$2713'.
No latch inferred for signal `$paramod$bdf4e2444f8bc80364662ca048a044a95767dd4e\pe_col.\acc_wire[8]' from process `$paramod$bdf4e2444f8bc80364662ca048a044a95767dd4e\pe_col.$proc$results/sv2v_output.v:73$2712'.
No latch inferred for signal `$paramod$bdf4e2444f8bc80364662ca048a044a95767dd4e\pe_col.\acc_wire[7]' from process `$paramod$bdf4e2444f8bc80364662ca048a044a95767dd4e\pe_col.$proc$results/sv2v_output.v:73$2711'.
No latch inferred for signal `$paramod$bdf4e2444f8bc80364662ca048a044a95767dd4e\pe_col.\acc_wire[6]' from process `$paramod$bdf4e2444f8bc80364662ca048a044a95767dd4e\pe_col.$proc$results/sv2v_output.v:73$2710'.
No latch inferred for signal `$paramod$bdf4e2444f8bc80364662ca048a044a95767dd4e\pe_col.\acc_wire[5]' from process `$paramod$bdf4e2444f8bc80364662ca048a044a95767dd4e\pe_col.$proc$results/sv2v_output.v:73$2709'.
No latch inferred for signal `$paramod$bdf4e2444f8bc80364662ca048a044a95767dd4e\pe_col.\acc_wire[4]' from process `$paramod$bdf4e2444f8bc80364662ca048a044a95767dd4e\pe_col.$proc$results/sv2v_output.v:73$2708'.
No latch inferred for signal `$paramod$bdf4e2444f8bc80364662ca048a044a95767dd4e\pe_col.\acc_wire[3]' from process `$paramod$bdf4e2444f8bc80364662ca048a044a95767dd4e\pe_col.$proc$results/sv2v_output.v:73$2707'.
No latch inferred for signal `$paramod$bdf4e2444f8bc80364662ca048a044a95767dd4e\pe_col.\acc_wire[2]' from process `$paramod$bdf4e2444f8bc80364662ca048a044a95767dd4e\pe_col.$proc$results/sv2v_output.v:73$2706'.
No latch inferred for signal `$paramod$bdf4e2444f8bc80364662ca048a044a95767dd4e\pe_col.\acc_wire[1]' from process `$paramod$bdf4e2444f8bc80364662ca048a044a95767dd4e\pe_col.$proc$results/sv2v_output.v:73$2705'.
No latch inferred for signal `$paramod$bdf4e2444f8bc80364662ca048a044a95767dd4e\pe_col.\acc_wire[0]' from process `$paramod$bdf4e2444f8bc80364662ca048a044a95767dd4e\pe_col.$proc$results/sv2v_output.v:58$2704'.
No latch inferred for signal `$paramod$ea9a025bc5ee84a808c2fa4f9964e04fcc1e340a\array.\data_wire[1055]' from process `$paramod$ea9a025bc5ee84a808c2fa4f9964e04fcc1e340a\array.$proc$results/sv2v_output.v:118$2571'.
No latch inferred for signal `$paramod$ea9a025bc5ee84a808c2fa4f9964e04fcc1e340a\array.\data_wire[1054]' from process `$paramod$ea9a025bc5ee84a808c2fa4f9964e04fcc1e340a\array.$proc$results/sv2v_output.v:118$2570'.
No latch inferred for signal `$paramod$ea9a025bc5ee84a808c2fa4f9964e04fcc1e340a\array.\data_wire[1053]' from process `$paramod$ea9a025bc5ee84a808c2fa4f9964e04fcc1e340a\array.$proc$results/sv2v_output.v:118$2569'.
No latch inferred for signal `$paramod$ea9a025bc5ee84a808c2fa4f9964e04fcc1e340a\array.\data_wire[1052]' from process `$paramod$ea9a025bc5ee84a808c2fa4f9964e04fcc1e340a\array.$proc$results/sv2v_output.v:118$2568'.
No latch inferred for signal `$paramod$ea9a025bc5ee84a808c2fa4f9964e04fcc1e340a\array.\data_wire[1051]' from process `$paramod$ea9a025bc5ee84a808c2fa4f9964e04fcc1e340a\array.$proc$results/sv2v_output.v:118$2567'.
No latch inferred for signal `$paramod$ea9a025bc5ee84a808c2fa4f9964e04fcc1e340a\array.\data_wire[1050]' from process `$paramod$ea9a025bc5ee84a808c2fa4f9964e04fcc1e340a\array.$proc$results/sv2v_output.v:118$2566'.
No latch inferred for signal `$paramod$ea9a025bc5ee84a808c2fa4f9964e04fcc1e340a\array.\data_wire[1049]' from process `$paramod$ea9a025bc5ee84a808c2fa4f9964e04fcc1e340a\array.$proc$results/sv2v_output.v:118$2565'.
No latch inferred for signal `$paramod$ea9a025bc5ee84a808c2fa4f9964e04fcc1e340a\array.\data_wire[1048]' from process `$paramod$ea9a025bc5ee84a808c2fa4f9964e04fcc1e340a\array.$proc$results/sv2v_output.v:118$2564'.
No latch inferred for signal `$paramod$ea9a025bc5ee84a808c2fa4f9964e04fcc1e340a\array.\data_wire[1047]' from process `$paramod$ea9a025bc5ee84a808c2fa4f9964e04fcc1e340a\array.$proc$results/sv2v_output.v:118$2563'.
No latch inferred for signal `$paramod$ea9a025bc5ee84a808c2fa4f9964e04fcc1e340a\array.\data_wire[1046]' from process `$paramod$ea9a025bc5ee84a808c2fa4f9964e04fcc1e340a\array.$proc$results/sv2v_output.v:118$2562'.
No latch inferred for signal `$paramod$ea9a025bc5ee84a808c2fa4f9964e04fcc1e340a\array.\data_wire[1045]' from process `$paramod$ea9a025bc5ee84a808c2fa4f9964e04fcc1e340a\array.$proc$results/sv2v_output.v:118$2561'.
No latch inferred for signal `$paramod$ea9a025bc5ee84a808c2fa4f9964e04fcc1e340a\array.\data_wire[1044]' from process `$paramod$ea9a025bc5ee84a808c2fa4f9964e04fcc1e340a\array.$proc$results/sv2v_output.v:118$2560'.
No latch inferred for signal `$paramod$ea9a025bc5ee84a808c2fa4f9964e04fcc1e340a\array.\data_wire[1043]' from process `$paramod$ea9a025bc5ee84a808c2fa4f9964e04fcc1e340a\array.$proc$results/sv2v_output.v:118$2559'.
No latch inferred for signal `$paramod$ea9a025bc5ee84a808c2fa4f9964e04fcc1e340a\array.\data_wire[1042]' from process `$paramod$ea9a025bc5ee84a808c2fa4f9964e04fcc1e340a\array.$proc$results/sv2v_output.v:118$2558'.
No latch inferred for signal `$paramod$ea9a025bc5ee84a808c2fa4f9964e04fcc1e340a\array.\data_wire[1041]' from process `$paramod$ea9a025bc5ee84a808c2fa4f9964e04fcc1e340a\array.$proc$results/sv2v_output.v:118$2557'.
No latch inferred for signal `$paramod$ea9a025bc5ee84a808c2fa4f9964e04fcc1e340a\array.\data_wire[1040]' from process `$paramod$ea9a025bc5ee84a808c2fa4f9964e04fcc1e340a\array.$proc$results/sv2v_output.v:118$2556'.
No latch inferred for signal `$paramod$ea9a025bc5ee84a808c2fa4f9964e04fcc1e340a\array.\data_wire[1039]' from process `$paramod$ea9a025bc5ee84a808c2fa4f9964e04fcc1e340a\array.$proc$results/sv2v_output.v:118$2555'.
No latch inferred for signal `$paramod$ea9a025bc5ee84a808c2fa4f9964e04fcc1e340a\array.\data_wire[1038]' from process `$paramod$ea9a025bc5ee84a808c2fa4f9964e04fcc1e340a\array.$proc$results/sv2v_output.v:118$2554'.
No latch inferred for signal `$paramod$ea9a025bc5ee84a808c2fa4f9964e04fcc1e340a\array.\data_wire[1037]' from process `$paramod$ea9a025bc5ee84a808c2fa4f9964e04fcc1e340a\array.$proc$results/sv2v_output.v:118$2553'.
No latch inferred for signal `$paramod$ea9a025bc5ee84a808c2fa4f9964e04fcc1e340a\array.\data_wire[1036]' from process `$paramod$ea9a025bc5ee84a808c2fa4f9964e04fcc1e340a\array.$proc$results/sv2v_output.v:118$2552'.
No latch inferred for signal `$paramod$ea9a025bc5ee84a808c2fa4f9964e04fcc1e340a\array.\data_wire[1035]' from process `$paramod$ea9a025bc5ee84a808c2fa4f9964e04fcc1e340a\array.$proc$results/sv2v_output.v:118$2551'.
No latch inferred for signal `$paramod$ea9a025bc5ee84a808c2fa4f9964e04fcc1e340a\array.\data_wire[1034]' from process `$paramod$ea9a025bc5ee84a808c2fa4f9964e04fcc1e340a\array.$proc$results/sv2v_output.v:118$2550'.
No latch inferred for signal `$paramod$ea9a025bc5ee84a808c2fa4f9964e04fcc1e340a\array.\data_wire[1033]' from process `$paramod$ea9a025bc5ee84a808c2fa4f9964e04fcc1e340a\array.$proc$results/sv2v_output.v:118$2549'.
No latch inferred for signal `$paramod$ea9a025bc5ee84a808c2fa4f9964e04fcc1e340a\array.\data_wire[1032]' from process `$paramod$ea9a025bc5ee84a808c2fa4f9964e04fcc1e340a\array.$proc$results/sv2v_output.v:118$2548'.
No latch inferred for signal `$paramod$ea9a025bc5ee84a808c2fa4f9964e04fcc1e340a\array.\data_wire[1031]' from process `$paramod$ea9a025bc5ee84a808c2fa4f9964e04fcc1e340a\array.$proc$results/sv2v_output.v:118$2547'.
No latch inferred for signal `$paramod$ea9a025bc5ee84a808c2fa4f9964e04fcc1e340a\array.\data_wire[1030]' from process `$paramod$ea9a025bc5ee84a808c2fa4f9964e04fcc1e340a\array.$proc$results/sv2v_output.v:118$2546'.
No latch inferred for signal `$paramod$ea9a025bc5ee84a808c2fa4f9964e04fcc1e340a\array.\data_wire[1029]' from process `$paramod$ea9a025bc5ee84a808c2fa4f9964e04fcc1e340a\array.$proc$results/sv2v_output.v:118$2545'.
No latch inferred for signal `$paramod$ea9a025bc5ee84a808c2fa4f9964e04fcc1e340a\array.\data_wire[1028]' from process `$paramod$ea9a025bc5ee84a808c2fa4f9964e04fcc1e340a\array.$proc$results/sv2v_output.v:118$2544'.
No latch inferred for signal `$paramod$ea9a025bc5ee84a808c2fa4f9964e04fcc1e340a\array.\data_wire[1027]' from process `$paramod$ea9a025bc5ee84a808c2fa4f9964e04fcc1e340a\array.$proc$results/sv2v_output.v:118$2543'.
No latch inferred for signal `$paramod$ea9a025bc5ee84a808c2fa4f9964e04fcc1e340a\array.\data_wire[1026]' from process `$paramod$ea9a025bc5ee84a808c2fa4f9964e04fcc1e340a\array.$proc$results/sv2v_output.v:118$2542'.
No latch inferred for signal `$paramod$ea9a025bc5ee84a808c2fa4f9964e04fcc1e340a\array.\data_wire[1025]' from process `$paramod$ea9a025bc5ee84a808c2fa4f9964e04fcc1e340a\array.$proc$results/sv2v_output.v:118$2541'.
No latch inferred for signal `$paramod$ea9a025bc5ee84a808c2fa4f9964e04fcc1e340a\array.\data_wire[1024]' from process `$paramod$ea9a025bc5ee84a808c2fa4f9964e04fcc1e340a\array.$proc$results/sv2v_output.v:118$2540'.
No latch inferred for signal `$paramod$ea9a025bc5ee84a808c2fa4f9964e04fcc1e340a\array.\data_wire[1023]' from process `$paramod$ea9a025bc5ee84a808c2fa4f9964e04fcc1e340a\array.$proc$results/sv2v_output.v:118$2539'.
No latch inferred for signal `$paramod$ea9a025bc5ee84a808c2fa4f9964e04fcc1e340a\array.\data_wire[1022]' from process `$paramod$ea9a025bc5ee84a808c2fa4f9964e04fcc1e340a\array.$proc$results/sv2v_output.v:118$2538'.
No latch inferred for signal `$paramod$ea9a025bc5ee84a808c2fa4f9964e04fcc1e340a\array.\data_wire[1021]' from process `$paramod$ea9a025bc5ee84a808c2fa4f9964e04fcc1e340a\array.$proc$results/sv2v_output.v:118$2537'.
No latch inferred for signal `$paramod$ea9a025bc5ee84a808c2fa4f9964e04fcc1e340a\array.\data_wire[1020]' from process `$paramod$ea9a025bc5ee84a808c2fa4f9964e04fcc1e340a\array.$proc$results/sv2v_output.v:118$2536'.
No latch inferred for signal `$paramod$ea9a025bc5ee84a808c2fa4f9964e04fcc1e340a\array.\data_wire[1019]' from process `$paramod$ea9a025bc5ee84a808c2fa4f9964e04fcc1e340a\array.$proc$results/sv2v_output.v:118$2535'.
No latch inferred for signal `$paramod$ea9a025bc5ee84a808c2fa4f9964e04fcc1e340a\array.\data_wire[1018]' from process `$paramod$ea9a025bc5ee84a808c2fa4f9964e04fcc1e340a\array.$proc$results/sv2v_output.v:118$2534'.
No latch inferred for signal `$paramod$ea9a025bc5ee84a808c2fa4f9964e04fcc1e340a\array.\data_wire[1017]' from process `$paramod$ea9a025bc5ee84a808c2fa4f9964e04fcc1e340a\array.$proc$results/sv2v_output.v:118$2533'.
No latch inferred for signal `$paramod$ea9a025bc5ee84a808c2fa4f9964e04fcc1e340a\array.\data_wire[1016]' from process `$paramod$ea9a025bc5ee84a808c2fa4f9964e04fcc1e340a\array.$proc$results/sv2v_output.v:118$2532'.
No latch inferred for signal `$paramod$ea9a025bc5ee84a808c2fa4f9964e04fcc1e340a\array.\data_wire[1015]' from process `$paramod$ea9a025bc5ee84a808c2fa4f9964e04fcc1e340a\array.$proc$results/sv2v_output.v:118$2531'.
No latch inferred for signal `$paramod$ea9a025bc5ee84a808c2fa4f9964e04fcc1e340a\array.\data_wire[1014]' from process `$paramod$ea9a025bc5ee84a808c2fa4f9964e04fcc1e340a\array.$proc$results/sv2v_output.v:118$2530'.
No latch inferred for signal `$paramod$ea9a025bc5ee84a808c2fa4f9964e04fcc1e340a\array.\data_wire[1013]' from process `$paramod$ea9a025bc5ee84a808c2fa4f9964e04fcc1e340a\array.$proc$results/sv2v_output.v:118$2529'.
No latch inferred for signal `$paramod$ea9a025bc5ee84a808c2fa4f9964e04fcc1e340a\array.\data_wire[1012]' from process `$paramod$ea9a025bc5ee84a808c2fa4f9964e04fcc1e340a\array.$proc$results/sv2v_output.v:118$2528'.
No latch inferred for signal `$paramod$ea9a025bc5ee84a808c2fa4f9964e04fcc1e340a\array.\data_wire[1011]' from process `$paramod$ea9a025bc5ee84a808c2fa4f9964e04fcc1e340a\array.$proc$results/sv2v_output.v:118$2527'.
No latch inferred for signal `$paramod$ea9a025bc5ee84a808c2fa4f9964e04fcc1e340a\array.\data_wire[1010]' from process `$paramod$ea9a025bc5ee84a808c2fa4f9964e04fcc1e340a\array.$proc$results/sv2v_output.v:118$2526'.
No latch inferred for signal `$paramod$ea9a025bc5ee84a808c2fa4f9964e04fcc1e340a\array.\data_wire[1009]' from process `$paramod$ea9a025bc5ee84a808c2fa4f9964e04fcc1e340a\array.$proc$results/sv2v_output.v:118$2525'.
No latch inferred for signal `$paramod$ea9a025bc5ee84a808c2fa4f9964e04fcc1e340a\array.\data_wire[1008]' from process `$paramod$ea9a025bc5ee84a808c2fa4f9964e04fcc1e340a\array.$proc$results/sv2v_output.v:118$2524'.
No latch inferred for signal `$paramod$ea9a025bc5ee84a808c2fa4f9964e04fcc1e340a\array.\data_wire[1007]' from process `$paramod$ea9a025bc5ee84a808c2fa4f9964e04fcc1e340a\array.$proc$results/sv2v_output.v:118$2523'.
No latch inferred for signal `$paramod$ea9a025bc5ee84a808c2fa4f9964e04fcc1e340a\array.\data_wire[1006]' from process `$paramod$ea9a025bc5ee84a808c2fa4f9964e04fcc1e340a\array.$proc$results/sv2v_output.v:118$2522'.
No latch inferred for signal `$paramod$ea9a025bc5ee84a808c2fa4f9964e04fcc1e340a\array.\data_wire[1005]' from process `$paramod$ea9a025bc5ee84a808c2fa4f9964e04fcc1e340a\array.$proc$results/sv2v_output.v:118$2521'.
No latch inferred for signal `$paramod$ea9a025bc5ee84a808c2fa4f9964e04fcc1e340a\array.\data_wire[1004]' from process `$paramod$ea9a025bc5ee84a808c2fa4f9964e04fcc1e340a\array.$proc$results/sv2v_output.v:118$2520'.
No latch inferred for signal `$paramod$ea9a025bc5ee84a808c2fa4f9964e04fcc1e340a\array.\data_wire[1003]' from process `$paramod$ea9a025bc5ee84a808c2fa4f9964e04fcc1e340a\array.$proc$results/sv2v_output.v:118$2519'.
No latch inferred for signal `$paramod$ea9a025bc5ee84a808c2fa4f9964e04fcc1e340a\array.\data_wire[1002]' from process `$paramod$ea9a025bc5ee84a808c2fa4f9964e04fcc1e340a\array.$proc$results/sv2v_output.v:118$2518'.
No latch inferred for signal `$paramod$ea9a025bc5ee84a808c2fa4f9964e04fcc1e340a\array.\data_wire[1001]' from process `$paramod$ea9a025bc5ee84a808c2fa4f9964e04fcc1e340a\array.$proc$results/sv2v_output.v:118$2517'.
No latch inferred for signal `$paramod$ea9a025bc5ee84a808c2fa4f9964e04fcc1e340a\array.\data_wire[1000]' from process `$paramod$ea9a025bc5ee84a808c2fa4f9964e04fcc1e340a\array.$proc$results/sv2v_output.v:118$2516'.
No latch inferred for signal `$paramod$ea9a025bc5ee84a808c2fa4f9964e04fcc1e340a\array.\data_wire[999]' from process `$paramod$ea9a025bc5ee84a808c2fa4f9964e04fcc1e340a\array.$proc$results/sv2v_output.v:118$2515'.
No latch inferred for signal `$paramod$ea9a025bc5ee84a808c2fa4f9964e04fcc1e340a\array.\data_wire[998]' from process `$paramod$ea9a025bc5ee84a808c2fa4f9964e04fcc1e340a\array.$proc$results/sv2v_output.v:118$2514'.
No latch inferred for signal `$paramod$ea9a025bc5ee84a808c2fa4f9964e04fcc1e340a\array.\data_wire[997]' from process `$paramod$ea9a025bc5ee84a808c2fa4f9964e04fcc1e340a\array.$proc$results/sv2v_output.v:118$2513'.
No latch inferred for signal `$paramod$ea9a025bc5ee84a808c2fa4f9964e04fcc1e340a\array.\data_wire[996]' from process `$paramod$ea9a025bc5ee84a808c2fa4f9964e04fcc1e340a\array.$proc$results/sv2v_output.v:118$2512'.
No latch inferred for signal `$paramod$ea9a025bc5ee84a808c2fa4f9964e04fcc1e340a\array.\data_wire[995]' from process `$paramod$ea9a025bc5ee84a808c2fa4f9964e04fcc1e340a\array.$proc$results/sv2v_output.v:118$2511'.
No latch inferred for signal `$paramod$ea9a025bc5ee84a808c2fa4f9964e04fcc1e340a\array.\data_wire[994]' from process `$paramod$ea9a025bc5ee84a808c2fa4f9964e04fcc1e340a\array.$proc$results/sv2v_output.v:118$2510'.
No latch inferred for signal `$paramod$ea9a025bc5ee84a808c2fa4f9964e04fcc1e340a\array.\data_wire[993]' from process `$paramod$ea9a025bc5ee84a808c2fa4f9964e04fcc1e340a\array.$proc$results/sv2v_output.v:118$2509'.
No latch inferred for signal `$paramod$ea9a025bc5ee84a808c2fa4f9964e04fcc1e340a\array.\data_wire[992]' from process `$paramod$ea9a025bc5ee84a808c2fa4f9964e04fcc1e340a\array.$proc$results/sv2v_output.v:118$2508'.
No latch inferred for signal `$paramod$ea9a025bc5ee84a808c2fa4f9964e04fcc1e340a\array.\data_wire[991]' from process `$paramod$ea9a025bc5ee84a808c2fa4f9964e04fcc1e340a\array.$proc$results/sv2v_output.v:118$2507'.
No latch inferred for signal `$paramod$ea9a025bc5ee84a808c2fa4f9964e04fcc1e340a\array.\data_wire[990]' from process `$paramod$ea9a025bc5ee84a808c2fa4f9964e04fcc1e340a\array.$proc$results/sv2v_output.v:118$2506'.
No latch inferred for signal `$paramod$ea9a025bc5ee84a808c2fa4f9964e04fcc1e340a\array.\data_wire[989]' from process `$paramod$ea9a025bc5ee84a808c2fa4f9964e04fcc1e340a\array.$proc$results/sv2v_output.v:118$2505'.
No latch inferred for signal `$paramod$ea9a025bc5ee84a808c2fa4f9964e04fcc1e340a\array.\data_wire[988]' from process `$paramod$ea9a025bc5ee84a808c2fa4f9964e04fcc1e340a\array.$proc$results/sv2v_output.v:118$2504'.
No latch inferred for signal `$paramod$ea9a025bc5ee84a808c2fa4f9964e04fcc1e340a\array.\data_wire[987]' from process `$paramod$ea9a025bc5ee84a808c2fa4f9964e04fcc1e340a\array.$proc$results/sv2v_output.v:118$2503'.
No latch inferred for signal `$paramod$ea9a025bc5ee84a808c2fa4f9964e04fcc1e340a\array.\data_wire[986]' from process `$paramod$ea9a025bc5ee84a808c2fa4f9964e04fcc1e340a\array.$proc$results/sv2v_output.v:118$2502'.
No latch inferred for signal `$paramod$ea9a025bc5ee84a808c2fa4f9964e04fcc1e340a\array.\data_wire[985]' from process `$paramod$ea9a025bc5ee84a808c2fa4f9964e04fcc1e340a\array.$proc$results/sv2v_output.v:118$2501'.
No latch inferred for signal `$paramod$ea9a025bc5ee84a808c2fa4f9964e04fcc1e340a\array.\data_wire[984]' from process `$paramod$ea9a025bc5ee84a808c2fa4f9964e04fcc1e340a\array.$proc$results/sv2v_output.v:118$2500'.
No latch inferred for signal `$paramod$ea9a025bc5ee84a808c2fa4f9964e04fcc1e340a\array.\data_wire[983]' from process `$paramod$ea9a025bc5ee84a808c2fa4f9964e04fcc1e340a\array.$proc$results/sv2v_output.v:118$2499'.
No latch inferred for signal `$paramod$ea9a025bc5ee84a808c2fa4f9964e04fcc1e340a\array.\data_wire[982]' from process `$paramod$ea9a025bc5ee84a808c2fa4f9964e04fcc1e340a\array.$proc$results/sv2v_output.v:118$2498'.
No latch inferred for signal `$paramod$ea9a025bc5ee84a808c2fa4f9964e04fcc1e340a\array.\data_wire[981]' from process `$paramod$ea9a025bc5ee84a808c2fa4f9964e04fcc1e340a\array.$proc$results/sv2v_output.v:118$2497'.
No latch inferred for signal `$paramod$ea9a025bc5ee84a808c2fa4f9964e04fcc1e340a\array.\data_wire[980]' from process `$paramod$ea9a025bc5ee84a808c2fa4f9964e04fcc1e340a\array.$proc$results/sv2v_output.v:118$2496'.
No latch inferred for signal `$paramod$ea9a025bc5ee84a808c2fa4f9964e04fcc1e340a\array.\data_wire[979]' from process `$paramod$ea9a025bc5ee84a808c2fa4f9964e04fcc1e340a\array.$proc$results/sv2v_output.v:118$2495'.
No latch inferred for signal `$paramod$ea9a025bc5ee84a808c2fa4f9964e04fcc1e340a\array.\data_wire[978]' from process `$paramod$ea9a025bc5ee84a808c2fa4f9964e04fcc1e340a\array.$proc$results/sv2v_output.v:118$2494'.
No latch inferred for signal `$paramod$ea9a025bc5ee84a808c2fa4f9964e04fcc1e340a\array.\data_wire[977]' from process `$paramod$ea9a025bc5ee84a808c2fa4f9964e04fcc1e340a\array.$proc$results/sv2v_output.v:118$2493'.
No latch inferred for signal `$paramod$ea9a025bc5ee84a808c2fa4f9964e04fcc1e340a\array.\data_wire[976]' from process `$paramod$ea9a025bc5ee84a808c2fa4f9964e04fcc1e340a\array.$proc$results/sv2v_output.v:118$2492'.
No latch inferred for signal `$paramod$ea9a025bc5ee84a808c2fa4f9964e04fcc1e340a\array.\data_wire[975]' from process `$paramod$ea9a025bc5ee84a808c2fa4f9964e04fcc1e340a\array.$proc$results/sv2v_output.v:118$2491'.
No latch inferred for signal `$paramod$ea9a025bc5ee84a808c2fa4f9964e04fcc1e340a\array.\data_wire[974]' from process `$paramod$ea9a025bc5ee84a808c2fa4f9964e04fcc1e340a\array.$proc$results/sv2v_output.v:118$2490'.
No latch inferred for signal `$paramod$ea9a025bc5ee84a808c2fa4f9964e04fcc1e340a\array.\data_wire[973]' from process `$paramod$ea9a025bc5ee84a808c2fa4f9964e04fcc1e340a\array.$proc$results/sv2v_output.v:118$2489'.
No latch inferred for signal `$paramod$ea9a025bc5ee84a808c2fa4f9964e04fcc1e340a\array.\data_wire[972]' from process `$paramod$ea9a025bc5ee84a808c2fa4f9964e04fcc1e340a\array.$proc$results/sv2v_output.v:118$2488'.
No latch inferred for signal `$paramod$ea9a025bc5ee84a808c2fa4f9964e04fcc1e340a\array.\data_wire[971]' from process `$paramod$ea9a025bc5ee84a808c2fa4f9964e04fcc1e340a\array.$proc$results/sv2v_output.v:118$2487'.
No latch inferred for signal `$paramod$ea9a025bc5ee84a808c2fa4f9964e04fcc1e340a\array.\data_wire[970]' from process `$paramod$ea9a025bc5ee84a808c2fa4f9964e04fcc1e340a\array.$proc$results/sv2v_output.v:118$2486'.
No latch inferred for signal `$paramod$ea9a025bc5ee84a808c2fa4f9964e04fcc1e340a\array.\data_wire[969]' from process `$paramod$ea9a025bc5ee84a808c2fa4f9964e04fcc1e340a\array.$proc$results/sv2v_output.v:118$2485'.
No latch inferred for signal `$paramod$ea9a025bc5ee84a808c2fa4f9964e04fcc1e340a\array.\data_wire[968]' from process `$paramod$ea9a025bc5ee84a808c2fa4f9964e04fcc1e340a\array.$proc$results/sv2v_output.v:118$2484'.
No latch inferred for signal `$paramod$ea9a025bc5ee84a808c2fa4f9964e04fcc1e340a\array.\data_wire[967]' from process `$paramod$ea9a025bc5ee84a808c2fa4f9964e04fcc1e340a\array.$proc$results/sv2v_output.v:118$2483'.
No latch inferred for signal `$paramod$ea9a025bc5ee84a808c2fa4f9964e04fcc1e340a\array.\data_wire[966]' from process `$paramod$ea9a025bc5ee84a808c2fa4f9964e04fcc1e340a\array.$proc$results/sv2v_output.v:118$2482'.
No latch inferred for signal `$paramod$ea9a025bc5ee84a808c2fa4f9964e04fcc1e340a\array.\data_wire[965]' from process `$paramod$ea9a025bc5ee84a808c2fa4f9964e04fcc1e340a\array.$proc$results/sv2v_output.v:118$2481'.
No latch inferred for signal `$paramod$ea9a025bc5ee84a808c2fa4f9964e04fcc1e340a\array.\data_wire[964]' from process `$paramod$ea9a025bc5ee84a808c2fa4f9964e04fcc1e340a\array.$proc$results/sv2v_output.v:118$2480'.
No latch inferred for signal `$paramod$ea9a025bc5ee84a808c2fa4f9964e04fcc1e340a\array.\data_wire[963]' from process `$paramod$ea9a025bc5ee84a808c2fa4f9964e04fcc1e340a\array.$proc$results/sv2v_output.v:118$2479'.
No latch inferred for signal `$paramod$ea9a025bc5ee84a808c2fa4f9964e04fcc1e340a\array.\data_wire[962]' from process `$paramod$ea9a025bc5ee84a808c2fa4f9964e04fcc1e340a\array.$proc$results/sv2v_output.v:118$2478'.
No latch inferred for signal `$paramod$ea9a025bc5ee84a808c2fa4f9964e04fcc1e340a\array.\data_wire[961]' from process `$paramod$ea9a025bc5ee84a808c2fa4f9964e04fcc1e340a\array.$proc$results/sv2v_output.v:118$2477'.
No latch inferred for signal `$paramod$ea9a025bc5ee84a808c2fa4f9964e04fcc1e340a\array.\data_wire[960]' from process `$paramod$ea9a025bc5ee84a808c2fa4f9964e04fcc1e340a\array.$proc$results/sv2v_output.v:118$2476'.
No latch inferred for signal `$paramod$ea9a025bc5ee84a808c2fa4f9964e04fcc1e340a\array.\data_wire[959]' from process `$paramod$ea9a025bc5ee84a808c2fa4f9964e04fcc1e340a\array.$proc$results/sv2v_output.v:118$2475'.
No latch inferred for signal `$paramod$ea9a025bc5ee84a808c2fa4f9964e04fcc1e340a\array.\data_wire[958]' from process `$paramod$ea9a025bc5ee84a808c2fa4f9964e04fcc1e340a\array.$proc$results/sv2v_output.v:118$2474'.
No latch inferred for signal `$paramod$ea9a025bc5ee84a808c2fa4f9964e04fcc1e340a\array.\data_wire[957]' from process `$paramod$ea9a025bc5ee84a808c2fa4f9964e04fcc1e340a\array.$proc$results/sv2v_output.v:118$2473'.
No latch inferred for signal `$paramod$ea9a025bc5ee84a808c2fa4f9964e04fcc1e340a\array.\data_wire[956]' from process `$paramod$ea9a025bc5ee84a808c2fa4f9964e04fcc1e340a\array.$proc$results/sv2v_output.v:118$2472'.
No latch inferred for signal `$paramod$ea9a025bc5ee84a808c2fa4f9964e04fcc1e340a\array.\data_wire[955]' from process `$paramod$ea9a025bc5ee84a808c2fa4f9964e04fcc1e340a\array.$proc$results/sv2v_output.v:118$2471'.
No latch inferred for signal `$paramod$ea9a025bc5ee84a808c2fa4f9964e04fcc1e340a\array.\data_wire[954]' from process `$paramod$ea9a025bc5ee84a808c2fa4f9964e04fcc1e340a\array.$proc$results/sv2v_output.v:118$2470'.
No latch inferred for signal `$paramod$ea9a025bc5ee84a808c2fa4f9964e04fcc1e340a\array.\data_wire[953]' from process `$paramod$ea9a025bc5ee84a808c2fa4f9964e04fcc1e340a\array.$proc$results/sv2v_output.v:118$2469'.
No latch inferred for signal `$paramod$ea9a025bc5ee84a808c2fa4f9964e04fcc1e340a\array.\data_wire[952]' from process `$paramod$ea9a025bc5ee84a808c2fa4f9964e04fcc1e340a\array.$proc$results/sv2v_output.v:118$2468'.
No latch inferred for signal `$paramod$ea9a025bc5ee84a808c2fa4f9964e04fcc1e340a\array.\data_wire[951]' from process `$paramod$ea9a025bc5ee84a808c2fa4f9964e04fcc1e340a\array.$proc$results/sv2v_output.v:118$2467'.
No latch inferred for signal `$paramod$ea9a025bc5ee84a808c2fa4f9964e04fcc1e340a\array.\data_wire[950]' from process `$paramod$ea9a025bc5ee84a808c2fa4f9964e04fcc1e340a\array.$proc$results/sv2v_output.v:118$2466'.
No latch inferred for signal `$paramod$ea9a025bc5ee84a808c2fa4f9964e04fcc1e340a\array.\data_wire[949]' from process `$paramod$ea9a025bc5ee84a808c2fa4f9964e04fcc1e340a\array.$proc$results/sv2v_output.v:118$2465'.
No latch inferred for signal `$paramod$ea9a025bc5ee84a808c2fa4f9964e04fcc1e340a\array.\data_wire[948]' from process `$paramod$ea9a025bc5ee84a808c2fa4f9964e04fcc1e340a\array.$proc$results/sv2v_output.v:118$2464'.
No latch inferred for signal `$paramod$ea9a025bc5ee84a808c2fa4f9964e04fcc1e340a\array.\data_wire[947]' from process `$paramod$ea9a025bc5ee84a808c2fa4f9964e04fcc1e340a\array.$proc$results/sv2v_output.v:118$2463'.
No latch inferred for signal `$paramod$ea9a025bc5ee84a808c2fa4f9964e04fcc1e340a\array.\data_wire[946]' from process `$paramod$ea9a025bc5ee84a808c2fa4f9964e04fcc1e340a\array.$proc$results/sv2v_output.v:118$2462'.
No latch inferred for signal `$paramod$ea9a025bc5ee84a808c2fa4f9964e04fcc1e340a\array.\data_wire[945]' from process `$paramod$ea9a025bc5ee84a808c2fa4f9964e04fcc1e340a\array.$proc$results/sv2v_output.v:118$2461'.
No latch inferred for signal `$paramod$ea9a025bc5ee84a808c2fa4f9964e04fcc1e340a\array.\data_wire[944]' from process `$paramod$ea9a025bc5ee84a808c2fa4f9964e04fcc1e340a\array.$proc$results/sv2v_output.v:118$2460'.
No latch inferred for signal `$paramod$ea9a025bc5ee84a808c2fa4f9964e04fcc1e340a\array.\data_wire[943]' from process `$paramod$ea9a025bc5ee84a808c2fa4f9964e04fcc1e340a\array.$proc$results/sv2v_output.v:118$2459'.
No latch inferred for signal `$paramod$ea9a025bc5ee84a808c2fa4f9964e04fcc1e340a\array.\data_wire[942]' from process `$paramod$ea9a025bc5ee84a808c2fa4f9964e04fcc1e340a\array.$proc$results/sv2v_output.v:118$2458'.
No latch inferred for signal `$paramod$ea9a025bc5ee84a808c2fa4f9964e04fcc1e340a\array.\data_wire[941]' from process `$paramod$ea9a025bc5ee84a808c2fa4f9964e04fcc1e340a\array.$proc$results/sv2v_output.v:118$2457'.
No latch inferred for signal `$paramod$ea9a025bc5ee84a808c2fa4f9964e04fcc1e340a\array.\data_wire[940]' from process `$paramod$ea9a025bc5ee84a808c2fa4f9964e04fcc1e340a\array.$proc$results/sv2v_output.v:118$2456'.
No latch inferred for signal `$paramod$ea9a025bc5ee84a808c2fa4f9964e04fcc1e340a\array.\data_wire[939]' from process `$paramod$ea9a025bc5ee84a808c2fa4f9964e04fcc1e340a\array.$proc$results/sv2v_output.v:118$2455'.
No latch inferred for signal `$paramod$ea9a025bc5ee84a808c2fa4f9964e04fcc1e340a\array.\data_wire[938]' from process `$paramod$ea9a025bc5ee84a808c2fa4f9964e04fcc1e340a\array.$proc$results/sv2v_output.v:118$2454'.
No latch inferred for signal `$paramod$ea9a025bc5ee84a808c2fa4f9964e04fcc1e340a\array.\data_wire[937]' from process `$paramod$ea9a025bc5ee84a808c2fa4f9964e04fcc1e340a\array.$proc$results/sv2v_output.v:118$2453'.
No latch inferred for signal `$paramod$ea9a025bc5ee84a808c2fa4f9964e04fcc1e340a\array.\data_wire[936]' from process `$paramod$ea9a025bc5ee84a808c2fa4f9964e04fcc1e340a\array.$proc$results/sv2v_output.v:118$2452'.
No latch inferred for signal `$paramod$ea9a025bc5ee84a808c2fa4f9964e04fcc1e340a\array.\data_wire[935]' from process `$paramod$ea9a025bc5ee84a808c2fa4f9964e04fcc1e340a\array.$proc$results/sv2v_output.v:118$2451'.
No latch inferred for signal `$paramod$ea9a025bc5ee84a808c2fa4f9964e04fcc1e340a\array.\data_wire[934]' from process `$paramod$ea9a025bc5ee84a808c2fa4f9964e04fcc1e340a\array.$proc$results/sv2v_output.v:118$2450'.
No latch inferred for signal `$paramod$ea9a025bc5ee84a808c2fa4f9964e04fcc1e340a\array.\data_wire[933]' from process `$paramod$ea9a025bc5ee84a808c2fa4f9964e04fcc1e340a\array.$proc$results/sv2v_output.v:118$2449'.
No latch inferred for signal `$paramod$ea9a025bc5ee84a808c2fa4f9964e04fcc1e340a\array.\data_wire[932]' from process `$paramod$ea9a025bc5ee84a808c2fa4f9964e04fcc1e340a\array.$proc$results/sv2v_output.v:118$2448'.
No latch inferred for signal `$paramod$ea9a025bc5ee84a808c2fa4f9964e04fcc1e340a\array.\data_wire[931]' from process `$paramod$ea9a025bc5ee84a808c2fa4f9964e04fcc1e340a\array.$proc$results/sv2v_output.v:118$2447'.
No latch inferred for signal `$paramod$ea9a025bc5ee84a808c2fa4f9964e04fcc1e340a\array.\data_wire[930]' from process `$paramod$ea9a025bc5ee84a808c2fa4f9964e04fcc1e340a\array.$proc$results/sv2v_output.v:118$2446'.
No latch inferred for signal `$paramod$ea9a025bc5ee84a808c2fa4f9964e04fcc1e340a\array.\data_wire[929]' from process `$paramod$ea9a025bc5ee84a808c2fa4f9964e04fcc1e340a\array.$proc$results/sv2v_output.v:118$2445'.
No latch inferred for signal `$paramod$ea9a025bc5ee84a808c2fa4f9964e04fcc1e340a\array.\data_wire[928]' from process `$paramod$ea9a025bc5ee84a808c2fa4f9964e04fcc1e340a\array.$proc$results/sv2v_output.v:118$2444'.
No latch inferred for signal `$paramod$ea9a025bc5ee84a808c2fa4f9964e04fcc1e340a\array.\data_wire[927]' from process `$paramod$ea9a025bc5ee84a808c2fa4f9964e04fcc1e340a\array.$proc$results/sv2v_output.v:118$2443'.
No latch inferred for signal `$paramod$ea9a025bc5ee84a808c2fa4f9964e04fcc1e340a\array.\data_wire[926]' from process `$paramod$ea9a025bc5ee84a808c2fa4f9964e04fcc1e340a\array.$proc$results/sv2v_output.v:118$2442'.
No latch inferred for signal `$paramod$ea9a025bc5ee84a808c2fa4f9964e04fcc1e340a\array.\data_wire[925]' from process `$paramod$ea9a025bc5ee84a808c2fa4f9964e04fcc1e340a\array.$proc$results/sv2v_output.v:118$2441'.
No latch inferred for signal `$paramod$ea9a025bc5ee84a808c2fa4f9964e04fcc1e340a\array.\data_wire[924]' from process `$paramod$ea9a025bc5ee84a808c2fa4f9964e04fcc1e340a\array.$proc$results/sv2v_output.v:118$2440'.
No latch inferred for signal `$paramod$ea9a025bc5ee84a808c2fa4f9964e04fcc1e340a\array.\data_wire[923]' from process `$paramod$ea9a025bc5ee84a808c2fa4f9964e04fcc1e340a\array.$proc$results/sv2v_output.v:118$2439'.
No latch inferred for signal `$paramod$ea9a025bc5ee84a808c2fa4f9964e04fcc1e340a\array.\data_wire[922]' from process `$paramod$ea9a025bc5ee84a808c2fa4f9964e04fcc1e340a\array.$proc$results/sv2v_output.v:118$2438'.
No latch inferred for signal `$paramod$ea9a025bc5ee84a808c2fa4f9964e04fcc1e340a\array.\data_wire[921]' from process `$paramod$ea9a025bc5ee84a808c2fa4f9964e04fcc1e340a\array.$proc$results/sv2v_output.v:118$2437'.
No latch inferred for signal `$paramod$ea9a025bc5ee84a808c2fa4f9964e04fcc1e340a\array.\data_wire[920]' from process `$paramod$ea9a025bc5ee84a808c2fa4f9964e04fcc1e340a\array.$proc$results/sv2v_output.v:118$2436'.
No latch inferred for signal `$paramod$ea9a025bc5ee84a808c2fa4f9964e04fcc1e340a\array.\data_wire[919]' from process `$paramod$ea9a025bc5ee84a808c2fa4f9964e04fcc1e340a\array.$proc$results/sv2v_output.v:118$2435'.
No latch inferred for signal `$paramod$ea9a025bc5ee84a808c2fa4f9964e04fcc1e340a\array.\data_wire[918]' from process `$paramod$ea9a025bc5ee84a808c2fa4f9964e04fcc1e340a\array.$proc$results/sv2v_output.v:118$2434'.
No latch inferred for signal `$paramod$ea9a025bc5ee84a808c2fa4f9964e04fcc1e340a\array.\data_wire[917]' from process `$paramod$ea9a025bc5ee84a808c2fa4f9964e04fcc1e340a\array.$proc$results/sv2v_output.v:118$2433'.
No latch inferred for signal `$paramod$ea9a025bc5ee84a808c2fa4f9964e04fcc1e340a\array.\data_wire[916]' from process `$paramod$ea9a025bc5ee84a808c2fa4f9964e04fcc1e340a\array.$proc$results/sv2v_output.v:118$2432'.
No latch inferred for signal `$paramod$ea9a025bc5ee84a808c2fa4f9964e04fcc1e340a\array.\data_wire[915]' from process `$paramod$ea9a025bc5ee84a808c2fa4f9964e04fcc1e340a\array.$proc$results/sv2v_output.v:118$2431'.
No latch inferred for signal `$paramod$ea9a025bc5ee84a808c2fa4f9964e04fcc1e340a\array.\data_wire[914]' from process `$paramod$ea9a025bc5ee84a808c2fa4f9964e04fcc1e340a\array.$proc$results/sv2v_output.v:118$2430'.
No latch inferred for signal `$paramod$ea9a025bc5ee84a808c2fa4f9964e04fcc1e340a\array.\data_wire[913]' from process `$paramod$ea9a025bc5ee84a808c2fa4f9964e04fcc1e340a\array.$proc$results/sv2v_output.v:118$2429'.
No latch inferred for signal `$paramod$ea9a025bc5ee84a808c2fa4f9964e04fcc1e340a\array.\data_wire[912]' from process `$paramod$ea9a025bc5ee84a808c2fa4f9964e04fcc1e340a\array.$proc$results/sv2v_output.v:118$2428'.
No latch inferred for signal `$paramod$ea9a025bc5ee84a808c2fa4f9964e04fcc1e340a\array.\data_wire[911]' from process `$paramod$ea9a025bc5ee84a808c2fa4f9964e04fcc1e340a\array.$proc$results/sv2v_output.v:118$2427'.
No latch inferred for signal `$paramod$ea9a025bc5ee84a808c2fa4f9964e04fcc1e340a\array.\data_wire[910]' from process `$paramod$ea9a025bc5ee84a808c2fa4f9964e04fcc1e340a\array.$proc$results/sv2v_output.v:118$2426'.
No latch inferred for signal `$paramod$ea9a025bc5ee84a808c2fa4f9964e04fcc1e340a\array.\data_wire[909]' from process `$paramod$ea9a025bc5ee84a808c2fa4f9964e04fcc1e340a\array.$proc$results/sv2v_output.v:118$2425'.
No latch inferred for signal `$paramod$ea9a025bc5ee84a808c2fa4f9964e04fcc1e340a\array.\data_wire[908]' from process `$paramod$ea9a025bc5ee84a808c2fa4f9964e04fcc1e340a\array.$proc$results/sv2v_output.v:118$2424'.
No latch inferred for signal `$paramod$ea9a025bc5ee84a808c2fa4f9964e04fcc1e340a\array.\data_wire[907]' from process `$paramod$ea9a025bc5ee84a808c2fa4f9964e04fcc1e340a\array.$proc$results/sv2v_output.v:118$2423'.
No latch inferred for signal `$paramod$ea9a025bc5ee84a808c2fa4f9964e04fcc1e340a\array.\data_wire[906]' from process `$paramod$ea9a025bc5ee84a808c2fa4f9964e04fcc1e340a\array.$proc$results/sv2v_output.v:118$2422'.
No latch inferred for signal `$paramod$ea9a025bc5ee84a808c2fa4f9964e04fcc1e340a\array.\data_wire[905]' from process `$paramod$ea9a025bc5ee84a808c2fa4f9964e04fcc1e340a\array.$proc$results/sv2v_output.v:118$2421'.
No latch inferred for signal `$paramod$ea9a025bc5ee84a808c2fa4f9964e04fcc1e340a\array.\data_wire[904]' from process `$paramod$ea9a025bc5ee84a808c2fa4f9964e04fcc1e340a\array.$proc$results/sv2v_output.v:118$2420'.
No latch inferred for signal `$paramod$ea9a025bc5ee84a808c2fa4f9964e04fcc1e340a\array.\data_wire[903]' from process `$paramod$ea9a025bc5ee84a808c2fa4f9964e04fcc1e340a\array.$proc$results/sv2v_output.v:118$2419'.
No latch inferred for signal `$paramod$ea9a025bc5ee84a808c2fa4f9964e04fcc1e340a\array.\data_wire[902]' from process `$paramod$ea9a025bc5ee84a808c2fa4f9964e04fcc1e340a\array.$proc$results/sv2v_output.v:118$2418'.
No latch inferred for signal `$paramod$ea9a025bc5ee84a808c2fa4f9964e04fcc1e340a\array.\data_wire[901]' from process `$paramod$ea9a025bc5ee84a808c2fa4f9964e04fcc1e340a\array.$proc$results/sv2v_output.v:118$2417'.
No latch inferred for signal `$paramod$ea9a025bc5ee84a808c2fa4f9964e04fcc1e340a\array.\data_wire[900]' from process `$paramod$ea9a025bc5ee84a808c2fa4f9964e04fcc1e340a\array.$proc$results/sv2v_output.v:118$2416'.
No latch inferred for signal `$paramod$ea9a025bc5ee84a808c2fa4f9964e04fcc1e340a\array.\data_wire[899]' from process `$paramod$ea9a025bc5ee84a808c2fa4f9964e04fcc1e340a\array.$proc$results/sv2v_output.v:118$2415'.
No latch inferred for signal `$paramod$ea9a025bc5ee84a808c2fa4f9964e04fcc1e340a\array.\data_wire[898]' from process `$paramod$ea9a025bc5ee84a808c2fa4f9964e04fcc1e340a\array.$proc$results/sv2v_output.v:118$2414'.
No latch inferred for signal `$paramod$ea9a025bc5ee84a808c2fa4f9964e04fcc1e340a\array.\data_wire[897]' from process `$paramod$ea9a025bc5ee84a808c2fa4f9964e04fcc1e340a\array.$proc$results/sv2v_output.v:118$2413'.
No latch inferred for signal `$paramod$ea9a025bc5ee84a808c2fa4f9964e04fcc1e340a\array.\data_wire[896]' from process `$paramod$ea9a025bc5ee84a808c2fa4f9964e04fcc1e340a\array.$proc$results/sv2v_output.v:118$2412'.
No latch inferred for signal `$paramod$ea9a025bc5ee84a808c2fa4f9964e04fcc1e340a\array.\data_wire[895]' from process `$paramod$ea9a025bc5ee84a808c2fa4f9964e04fcc1e340a\array.$proc$results/sv2v_output.v:118$2411'.
No latch inferred for signal `$paramod$ea9a025bc5ee84a808c2fa4f9964e04fcc1e340a\array.\data_wire[894]' from process `$paramod$ea9a025bc5ee84a808c2fa4f9964e04fcc1e340a\array.$proc$results/sv2v_output.v:118$2410'.
No latch inferred for signal `$paramod$ea9a025bc5ee84a808c2fa4f9964e04fcc1e340a\array.\data_wire[893]' from process `$paramod$ea9a025bc5ee84a808c2fa4f9964e04fcc1e340a\array.$proc$results/sv2v_output.v:118$2409'.
No latch inferred for signal `$paramod$ea9a025bc5ee84a808c2fa4f9964e04fcc1e340a\array.\data_wire[892]' from process `$paramod$ea9a025bc5ee84a808c2fa4f9964e04fcc1e340a\array.$proc$results/sv2v_output.v:118$2408'.
No latch inferred for signal `$paramod$ea9a025bc5ee84a808c2fa4f9964e04fcc1e340a\array.\data_wire[891]' from process `$paramod$ea9a025bc5ee84a808c2fa4f9964e04fcc1e340a\array.$proc$results/sv2v_output.v:118$2407'.
No latch inferred for signal `$paramod$ea9a025bc5ee84a808c2fa4f9964e04fcc1e340a\array.\data_wire[890]' from process `$paramod$ea9a025bc5ee84a808c2fa4f9964e04fcc1e340a\array.$proc$results/sv2v_output.v:118$2406'.
No latch inferred for signal `$paramod$ea9a025bc5ee84a808c2fa4f9964e04fcc1e340a\array.\data_wire[889]' from process `$paramod$ea9a025bc5ee84a808c2fa4f9964e04fcc1e340a\array.$proc$results/sv2v_output.v:118$2405'.
No latch inferred for signal `$paramod$ea9a025bc5ee84a808c2fa4f9964e04fcc1e340a\array.\data_wire[888]' from process `$paramod$ea9a025bc5ee84a808c2fa4f9964e04fcc1e340a\array.$proc$results/sv2v_output.v:118$2404'.
No latch inferred for signal `$paramod$ea9a025bc5ee84a808c2fa4f9964e04fcc1e340a\array.\data_wire[887]' from process `$paramod$ea9a025bc5ee84a808c2fa4f9964e04fcc1e340a\array.$proc$results/sv2v_output.v:118$2403'.
No latch inferred for signal `$paramod$ea9a025bc5ee84a808c2fa4f9964e04fcc1e340a\array.\data_wire[886]' from process `$paramod$ea9a025bc5ee84a808c2fa4f9964e04fcc1e340a\array.$proc$results/sv2v_output.v:118$2402'.
No latch inferred for signal `$paramod$ea9a025bc5ee84a808c2fa4f9964e04fcc1e340a\array.\data_wire[885]' from process `$paramod$ea9a025bc5ee84a808c2fa4f9964e04fcc1e340a\array.$proc$results/sv2v_output.v:118$2401'.
No latch inferred for signal `$paramod$ea9a025bc5ee84a808c2fa4f9964e04fcc1e340a\array.\data_wire[884]' from process `$paramod$ea9a025bc5ee84a808c2fa4f9964e04fcc1e340a\array.$proc$results/sv2v_output.v:118$2400'.
No latch inferred for signal `$paramod$ea9a025bc5ee84a808c2fa4f9964e04fcc1e340a\array.\data_wire[883]' from process `$paramod$ea9a025bc5ee84a808c2fa4f9964e04fcc1e340a\array.$proc$results/sv2v_output.v:118$2399'.
No latch inferred for signal `$paramod$ea9a025bc5ee84a808c2fa4f9964e04fcc1e340a\array.\data_wire[882]' from process `$paramod$ea9a025bc5ee84a808c2fa4f9964e04fcc1e340a\array.$proc$results/sv2v_output.v:118$2398'.
No latch inferred for signal `$paramod$ea9a025bc5ee84a808c2fa4f9964e04fcc1e340a\array.\data_wire[881]' from process `$paramod$ea9a025bc5ee84a808c2fa4f9964e04fcc1e340a\array.$proc$results/sv2v_output.v:118$2397'.
No latch inferred for signal `$paramod$ea9a025bc5ee84a808c2fa4f9964e04fcc1e340a\array.\data_wire[880]' from process `$paramod$ea9a025bc5ee84a808c2fa4f9964e04fcc1e340a\array.$proc$results/sv2v_output.v:118$2396'.
No latch inferred for signal `$paramod$ea9a025bc5ee84a808c2fa4f9964e04fcc1e340a\array.\data_wire[879]' from process `$paramod$ea9a025bc5ee84a808c2fa4f9964e04fcc1e340a\array.$proc$results/sv2v_output.v:118$2395'.
No latch inferred for signal `$paramod$ea9a025bc5ee84a808c2fa4f9964e04fcc1e340a\array.\data_wire[878]' from process `$paramod$ea9a025bc5ee84a808c2fa4f9964e04fcc1e340a\array.$proc$results/sv2v_output.v:118$2394'.
No latch inferred for signal `$paramod$ea9a025bc5ee84a808c2fa4f9964e04fcc1e340a\array.\data_wire[877]' from process `$paramod$ea9a025bc5ee84a808c2fa4f9964e04fcc1e340a\array.$proc$results/sv2v_output.v:118$2393'.
No latch inferred for signal `$paramod$ea9a025bc5ee84a808c2fa4f9964e04fcc1e340a\array.\data_wire[876]' from process `$paramod$ea9a025bc5ee84a808c2fa4f9964e04fcc1e340a\array.$proc$results/sv2v_output.v:118$2392'.
No latch inferred for signal `$paramod$ea9a025bc5ee84a808c2fa4f9964e04fcc1e340a\array.\data_wire[875]' from process `$paramod$ea9a025bc5ee84a808c2fa4f9964e04fcc1e340a\array.$proc$results/sv2v_output.v:118$2391'.
No latch inferred for signal `$paramod$ea9a025bc5ee84a808c2fa4f9964e04fcc1e340a\array.\data_wire[874]' from process `$paramod$ea9a025bc5ee84a808c2fa4f9964e04fcc1e340a\array.$proc$results/sv2v_output.v:118$2390'.
No latch inferred for signal `$paramod$ea9a025bc5ee84a808c2fa4f9964e04fcc1e340a\array.\data_wire[873]' from process `$paramod$ea9a025bc5ee84a808c2fa4f9964e04fcc1e340a\array.$proc$results/sv2v_output.v:118$2389'.
No latch inferred for signal `$paramod$ea9a025bc5ee84a808c2fa4f9964e04fcc1e340a\array.\data_wire[872]' from process `$paramod$ea9a025bc5ee84a808c2fa4f9964e04fcc1e340a\array.$proc$results/sv2v_output.v:118$2388'.
No latch inferred for signal `$paramod$ea9a025bc5ee84a808c2fa4f9964e04fcc1e340a\array.\data_wire[871]' from process `$paramod$ea9a025bc5ee84a808c2fa4f9964e04fcc1e340a\array.$proc$results/sv2v_output.v:118$2387'.
No latch inferred for signal `$paramod$ea9a025bc5ee84a808c2fa4f9964e04fcc1e340a\array.\data_wire[870]' from process `$paramod$ea9a025bc5ee84a808c2fa4f9964e04fcc1e340a\array.$proc$results/sv2v_output.v:118$2386'.
No latch inferred for signal `$paramod$ea9a025bc5ee84a808c2fa4f9964e04fcc1e340a\array.\data_wire[869]' from process `$paramod$ea9a025bc5ee84a808c2fa4f9964e04fcc1e340a\array.$proc$results/sv2v_output.v:118$2385'.
No latch inferred for signal `$paramod$ea9a025bc5ee84a808c2fa4f9964e04fcc1e340a\array.\data_wire[868]' from process `$paramod$ea9a025bc5ee84a808c2fa4f9964e04fcc1e340a\array.$proc$results/sv2v_output.v:118$2384'.
No latch inferred for signal `$paramod$ea9a025bc5ee84a808c2fa4f9964e04fcc1e340a\array.\data_wire[867]' from process `$paramod$ea9a025bc5ee84a808c2fa4f9964e04fcc1e340a\array.$proc$results/sv2v_output.v:118$2383'.
No latch inferred for signal `$paramod$ea9a025bc5ee84a808c2fa4f9964e04fcc1e340a\array.\data_wire[866]' from process `$paramod$ea9a025bc5ee84a808c2fa4f9964e04fcc1e340a\array.$proc$results/sv2v_output.v:118$2382'.
No latch inferred for signal `$paramod$ea9a025bc5ee84a808c2fa4f9964e04fcc1e340a\array.\data_wire[865]' from process `$paramod$ea9a025bc5ee84a808c2fa4f9964e04fcc1e340a\array.$proc$results/sv2v_output.v:118$2381'.
No latch inferred for signal `$paramod$ea9a025bc5ee84a808c2fa4f9964e04fcc1e340a\array.\data_wire[864]' from process `$paramod$ea9a025bc5ee84a808c2fa4f9964e04fcc1e340a\array.$proc$results/sv2v_output.v:118$2380'.
No latch inferred for signal `$paramod$ea9a025bc5ee84a808c2fa4f9964e04fcc1e340a\array.\data_wire[863]' from process `$paramod$ea9a025bc5ee84a808c2fa4f9964e04fcc1e340a\array.$proc$results/sv2v_output.v:118$2379'.
No latch inferred for signal `$paramod$ea9a025bc5ee84a808c2fa4f9964e04fcc1e340a\array.\data_wire[862]' from process `$paramod$ea9a025bc5ee84a808c2fa4f9964e04fcc1e340a\array.$proc$results/sv2v_output.v:118$2378'.
No latch inferred for signal `$paramod$ea9a025bc5ee84a808c2fa4f9964e04fcc1e340a\array.\data_wire[861]' from process `$paramod$ea9a025bc5ee84a808c2fa4f9964e04fcc1e340a\array.$proc$results/sv2v_output.v:118$2377'.
No latch inferred for signal `$paramod$ea9a025bc5ee84a808c2fa4f9964e04fcc1e340a\array.\data_wire[860]' from process `$paramod$ea9a025bc5ee84a808c2fa4f9964e04fcc1e340a\array.$proc$results/sv2v_output.v:118$2376'.
No latch inferred for signal `$paramod$ea9a025bc5ee84a808c2fa4f9964e04fcc1e340a\array.\data_wire[859]' from process `$paramod$ea9a025bc5ee84a808c2fa4f9964e04fcc1e340a\array.$proc$results/sv2v_output.v:118$2375'.
No latch inferred for signal `$paramod$ea9a025bc5ee84a808c2fa4f9964e04fcc1e340a\array.\data_wire[858]' from process `$paramod$ea9a025bc5ee84a808c2fa4f9964e04fcc1e340a\array.$proc$results/sv2v_output.v:118$2374'.
No latch inferred for signal `$paramod$ea9a025bc5ee84a808c2fa4f9964e04fcc1e340a\array.\data_wire[857]' from process `$paramod$ea9a025bc5ee84a808c2fa4f9964e04fcc1e340a\array.$proc$results/sv2v_output.v:118$2373'.
No latch inferred for signal `$paramod$ea9a025bc5ee84a808c2fa4f9964e04fcc1e340a\array.\data_wire[856]' from process `$paramod$ea9a025bc5ee84a808c2fa4f9964e04fcc1e340a\array.$proc$results/sv2v_output.v:118$2372'.
No latch inferred for signal `$paramod$ea9a025bc5ee84a808c2fa4f9964e04fcc1e340a\array.\data_wire[855]' from process `$paramod$ea9a025bc5ee84a808c2fa4f9964e04fcc1e340a\array.$proc$results/sv2v_output.v:118$2371'.
No latch inferred for signal `$paramod$ea9a025bc5ee84a808c2fa4f9964e04fcc1e340a\array.\data_wire[854]' from process `$paramod$ea9a025bc5ee84a808c2fa4f9964e04fcc1e340a\array.$proc$results/sv2v_output.v:118$2370'.
No latch inferred for signal `$paramod$ea9a025bc5ee84a808c2fa4f9964e04fcc1e340a\array.\data_wire[853]' from process `$paramod$ea9a025bc5ee84a808c2fa4f9964e04fcc1e340a\array.$proc$results/sv2v_output.v:118$2369'.
No latch inferred for signal `$paramod$ea9a025bc5ee84a808c2fa4f9964e04fcc1e340a\array.\data_wire[852]' from process `$paramod$ea9a025bc5ee84a808c2fa4f9964e04fcc1e340a\array.$proc$results/sv2v_output.v:118$2368'.
No latch inferred for signal `$paramod$ea9a025bc5ee84a808c2fa4f9964e04fcc1e340a\array.\data_wire[851]' from process `$paramod$ea9a025bc5ee84a808c2fa4f9964e04fcc1e340a\array.$proc$results/sv2v_output.v:118$2367'.
No latch inferred for signal `$paramod$ea9a025bc5ee84a808c2fa4f9964e04fcc1e340a\array.\data_wire[850]' from process `$paramod$ea9a025bc5ee84a808c2fa4f9964e04fcc1e340a\array.$proc$results/sv2v_output.v:118$2366'.
No latch inferred for signal `$paramod$ea9a025bc5ee84a808c2fa4f9964e04fcc1e340a\array.\data_wire[849]' from process `$paramod$ea9a025bc5ee84a808c2fa4f9964e04fcc1e340a\array.$proc$results/sv2v_output.v:118$2365'.
No latch inferred for signal `$paramod$ea9a025bc5ee84a808c2fa4f9964e04fcc1e340a\array.\data_wire[848]' from process `$paramod$ea9a025bc5ee84a808c2fa4f9964e04fcc1e340a\array.$proc$results/sv2v_output.v:118$2364'.
No latch inferred for signal `$paramod$ea9a025bc5ee84a808c2fa4f9964e04fcc1e340a\array.\data_wire[847]' from process `$paramod$ea9a025bc5ee84a808c2fa4f9964e04fcc1e340a\array.$proc$results/sv2v_output.v:118$2363'.
No latch inferred for signal `$paramod$ea9a025bc5ee84a808c2fa4f9964e04fcc1e340a\array.\data_wire[846]' from process `$paramod$ea9a025bc5ee84a808c2fa4f9964e04fcc1e340a\array.$proc$results/sv2v_output.v:118$2362'.
No latch inferred for signal `$paramod$ea9a025bc5ee84a808c2fa4f9964e04fcc1e340a\array.\data_wire[845]' from process `$paramod$ea9a025bc5ee84a808c2fa4f9964e04fcc1e340a\array.$proc$results/sv2v_output.v:118$2361'.
No latch inferred for signal `$paramod$ea9a025bc5ee84a808c2fa4f9964e04fcc1e340a\array.\data_wire[844]' from process `$paramod$ea9a025bc5ee84a808c2fa4f9964e04fcc1e340a\array.$proc$results/sv2v_output.v:118$2360'.
No latch inferred for signal `$paramod$ea9a025bc5ee84a808c2fa4f9964e04fcc1e340a\array.\data_wire[843]' from process `$paramod$ea9a025bc5ee84a808c2fa4f9964e04fcc1e340a\array.$proc$results/sv2v_output.v:118$2359'.
No latch inferred for signal `$paramod$ea9a025bc5ee84a808c2fa4f9964e04fcc1e340a\array.\data_wire[842]' from process `$paramod$ea9a025bc5ee84a808c2fa4f9964e04fcc1e340a\array.$proc$results/sv2v_output.v:118$2358'.
No latch inferred for signal `$paramod$ea9a025bc5ee84a808c2fa4f9964e04fcc1e340a\array.\data_wire[841]' from process `$paramod$ea9a025bc5ee84a808c2fa4f9964e04fcc1e340a\array.$proc$results/sv2v_output.v:118$2357'.
No latch inferred for signal `$paramod$ea9a025bc5ee84a808c2fa4f9964e04fcc1e340a\array.\data_wire[840]' from process `$paramod$ea9a025bc5ee84a808c2fa4f9964e04fcc1e340a\array.$proc$results/sv2v_output.v:118$2356'.
No latch inferred for signal `$paramod$ea9a025bc5ee84a808c2fa4f9964e04fcc1e340a\array.\data_wire[839]' from process `$paramod$ea9a025bc5ee84a808c2fa4f9964e04fcc1e340a\array.$proc$results/sv2v_output.v:118$2355'.
No latch inferred for signal `$paramod$ea9a025bc5ee84a808c2fa4f9964e04fcc1e340a\array.\data_wire[838]' from process `$paramod$ea9a025bc5ee84a808c2fa4f9964e04fcc1e340a\array.$proc$results/sv2v_output.v:118$2354'.
No latch inferred for signal `$paramod$ea9a025bc5ee84a808c2fa4f9964e04fcc1e340a\array.\data_wire[837]' from process `$paramod$ea9a025bc5ee84a808c2fa4f9964e04fcc1e340a\array.$proc$results/sv2v_output.v:118$2353'.
No latch inferred for signal `$paramod$ea9a025bc5ee84a808c2fa4f9964e04fcc1e340a\array.\data_wire[836]' from process `$paramod$ea9a025bc5ee84a808c2fa4f9964e04fcc1e340a\array.$proc$results/sv2v_output.v:118$2352'.
No latch inferred for signal `$paramod$ea9a025bc5ee84a808c2fa4f9964e04fcc1e340a\array.\data_wire[835]' from process `$paramod$ea9a025bc5ee84a808c2fa4f9964e04fcc1e340a\array.$proc$results/sv2v_output.v:118$2351'.
No latch inferred for signal `$paramod$ea9a025bc5ee84a808c2fa4f9964e04fcc1e340a\array.\data_wire[834]' from process `$paramod$ea9a025bc5ee84a808c2fa4f9964e04fcc1e340a\array.$proc$results/sv2v_output.v:118$2350'.
No latch inferred for signal `$paramod$ea9a025bc5ee84a808c2fa4f9964e04fcc1e340a\array.\data_wire[833]' from process `$paramod$ea9a025bc5ee84a808c2fa4f9964e04fcc1e340a\array.$proc$results/sv2v_output.v:118$2349'.
No latch inferred for signal `$paramod$ea9a025bc5ee84a808c2fa4f9964e04fcc1e340a\array.\data_wire[832]' from process `$paramod$ea9a025bc5ee84a808c2fa4f9964e04fcc1e340a\array.$proc$results/sv2v_output.v:118$2348'.
No latch inferred for signal `$paramod$ea9a025bc5ee84a808c2fa4f9964e04fcc1e340a\array.\data_wire[831]' from process `$paramod$ea9a025bc5ee84a808c2fa4f9964e04fcc1e340a\array.$proc$results/sv2v_output.v:118$2347'.
No latch inferred for signal `$paramod$ea9a025bc5ee84a808c2fa4f9964e04fcc1e340a\array.\data_wire[830]' from process `$paramod$ea9a025bc5ee84a808c2fa4f9964e04fcc1e340a\array.$proc$results/sv2v_output.v:118$2346'.
No latch inferred for signal `$paramod$ea9a025bc5ee84a808c2fa4f9964e04fcc1e340a\array.\data_wire[829]' from process `$paramod$ea9a025bc5ee84a808c2fa4f9964e04fcc1e340a\array.$proc$results/sv2v_output.v:118$2345'.
No latch inferred for signal `$paramod$ea9a025bc5ee84a808c2fa4f9964e04fcc1e340a\array.\data_wire[828]' from process `$paramod$ea9a025bc5ee84a808c2fa4f9964e04fcc1e340a\array.$proc$results/sv2v_output.v:118$2344'.
No latch inferred for signal `$paramod$ea9a025bc5ee84a808c2fa4f9964e04fcc1e340a\array.\data_wire[827]' from process `$paramod$ea9a025bc5ee84a808c2fa4f9964e04fcc1e340a\array.$proc$results/sv2v_output.v:118$2343'.
No latch inferred for signal `$paramod$ea9a025bc5ee84a808c2fa4f9964e04fcc1e340a\array.\data_wire[826]' from process `$paramod$ea9a025bc5ee84a808c2fa4f9964e04fcc1e340a\array.$proc$results/sv2v_output.v:118$2342'.
No latch inferred for signal `$paramod$ea9a025bc5ee84a808c2fa4f9964e04fcc1e340a\array.\data_wire[825]' from process `$paramod$ea9a025bc5ee84a808c2fa4f9964e04fcc1e340a\array.$proc$results/sv2v_output.v:118$2341'.
No latch inferred for signal `$paramod$ea9a025bc5ee84a808c2fa4f9964e04fcc1e340a\array.\data_wire[824]' from process `$paramod$ea9a025bc5ee84a808c2fa4f9964e04fcc1e340a\array.$proc$results/sv2v_output.v:118$2340'.
No latch inferred for signal `$paramod$ea9a025bc5ee84a808c2fa4f9964e04fcc1e340a\array.\data_wire[823]' from process `$paramod$ea9a025bc5ee84a808c2fa4f9964e04fcc1e340a\array.$proc$results/sv2v_output.v:118$2339'.
No latch inferred for signal `$paramod$ea9a025bc5ee84a808c2fa4f9964e04fcc1e340a\array.\data_wire[822]' from process `$paramod$ea9a025bc5ee84a808c2fa4f9964e04fcc1e340a\array.$proc$results/sv2v_output.v:118$2338'.
No latch inferred for signal `$paramod$ea9a025bc5ee84a808c2fa4f9964e04fcc1e340a\array.\data_wire[821]' from process `$paramod$ea9a025bc5ee84a808c2fa4f9964e04fcc1e340a\array.$proc$results/sv2v_output.v:118$2337'.
No latch inferred for signal `$paramod$ea9a025bc5ee84a808c2fa4f9964e04fcc1e340a\array.\data_wire[820]' from process `$paramod$ea9a025bc5ee84a808c2fa4f9964e04fcc1e340a\array.$proc$results/sv2v_output.v:118$2336'.
No latch inferred for signal `$paramod$ea9a025bc5ee84a808c2fa4f9964e04fcc1e340a\array.\data_wire[819]' from process `$paramod$ea9a025bc5ee84a808c2fa4f9964e04fcc1e340a\array.$proc$results/sv2v_output.v:118$2335'.
No latch inferred for signal `$paramod$ea9a025bc5ee84a808c2fa4f9964e04fcc1e340a\array.\data_wire[818]' from process `$paramod$ea9a025bc5ee84a808c2fa4f9964e04fcc1e340a\array.$proc$results/sv2v_output.v:118$2334'.
No latch inferred for signal `$paramod$ea9a025bc5ee84a808c2fa4f9964e04fcc1e340a\array.\data_wire[817]' from process `$paramod$ea9a025bc5ee84a808c2fa4f9964e04fcc1e340a\array.$proc$results/sv2v_output.v:118$2333'.
No latch inferred for signal `$paramod$ea9a025bc5ee84a808c2fa4f9964e04fcc1e340a\array.\data_wire[816]' from process `$paramod$ea9a025bc5ee84a808c2fa4f9964e04fcc1e340a\array.$proc$results/sv2v_output.v:118$2332'.
No latch inferred for signal `$paramod$ea9a025bc5ee84a808c2fa4f9964e04fcc1e340a\array.\data_wire[815]' from process `$paramod$ea9a025bc5ee84a808c2fa4f9964e04fcc1e340a\array.$proc$results/sv2v_output.v:118$2331'.
No latch inferred for signal `$paramod$ea9a025bc5ee84a808c2fa4f9964e04fcc1e340a\array.\data_wire[814]' from process `$paramod$ea9a025bc5ee84a808c2fa4f9964e04fcc1e340a\array.$proc$results/sv2v_output.v:118$2330'.
No latch inferred for signal `$paramod$ea9a025bc5ee84a808c2fa4f9964e04fcc1e340a\array.\data_wire[813]' from process `$paramod$ea9a025bc5ee84a808c2fa4f9964e04fcc1e340a\array.$proc$results/sv2v_output.v:118$2329'.
No latch inferred for signal `$paramod$ea9a025bc5ee84a808c2fa4f9964e04fcc1e340a\array.\data_wire[812]' from process `$paramod$ea9a025bc5ee84a808c2fa4f9964e04fcc1e340a\array.$proc$results/sv2v_output.v:118$2328'.
No latch inferred for signal `$paramod$ea9a025bc5ee84a808c2fa4f9964e04fcc1e340a\array.\data_wire[811]' from process `$paramod$ea9a025bc5ee84a808c2fa4f9964e04fcc1e340a\array.$proc$results/sv2v_output.v:118$2327'.
No latch inferred for signal `$paramod$ea9a025bc5ee84a808c2fa4f9964e04fcc1e340a\array.\data_wire[810]' from process `$paramod$ea9a025bc5ee84a808c2fa4f9964e04fcc1e340a\array.$proc$results/sv2v_output.v:118$2326'.
No latch inferred for signal `$paramod$ea9a025bc5ee84a808c2fa4f9964e04fcc1e340a\array.\data_wire[809]' from process `$paramod$ea9a025bc5ee84a808c2fa4f9964e04fcc1e340a\array.$proc$results/sv2v_output.v:118$2325'.
No latch inferred for signal `$paramod$ea9a025bc5ee84a808c2fa4f9964e04fcc1e340a\array.\data_wire[808]' from process `$paramod$ea9a025bc5ee84a808c2fa4f9964e04fcc1e340a\array.$proc$results/sv2v_output.v:118$2324'.
No latch inferred for signal `$paramod$ea9a025bc5ee84a808c2fa4f9964e04fcc1e340a\array.\data_wire[807]' from process `$paramod$ea9a025bc5ee84a808c2fa4f9964e04fcc1e340a\array.$proc$results/sv2v_output.v:118$2323'.
No latch inferred for signal `$paramod$ea9a025bc5ee84a808c2fa4f9964e04fcc1e340a\array.\data_wire[806]' from process `$paramod$ea9a025bc5ee84a808c2fa4f9964e04fcc1e340a\array.$proc$results/sv2v_output.v:118$2322'.
No latch inferred for signal `$paramod$ea9a025bc5ee84a808c2fa4f9964e04fcc1e340a\array.\data_wire[805]' from process `$paramod$ea9a025bc5ee84a808c2fa4f9964e04fcc1e340a\array.$proc$results/sv2v_output.v:118$2321'.
No latch inferred for signal `$paramod$ea9a025bc5ee84a808c2fa4f9964e04fcc1e340a\array.\data_wire[804]' from process `$paramod$ea9a025bc5ee84a808c2fa4f9964e04fcc1e340a\array.$proc$results/sv2v_output.v:118$2320'.
No latch inferred for signal `$paramod$ea9a025bc5ee84a808c2fa4f9964e04fcc1e340a\array.\data_wire[803]' from process `$paramod$ea9a025bc5ee84a808c2fa4f9964e04fcc1e340a\array.$proc$results/sv2v_output.v:118$2319'.
No latch inferred for signal `$paramod$ea9a025bc5ee84a808c2fa4f9964e04fcc1e340a\array.\data_wire[802]' from process `$paramod$ea9a025bc5ee84a808c2fa4f9964e04fcc1e340a\array.$proc$results/sv2v_output.v:118$2318'.
No latch inferred for signal `$paramod$ea9a025bc5ee84a808c2fa4f9964e04fcc1e340a\array.\data_wire[801]' from process `$paramod$ea9a025bc5ee84a808c2fa4f9964e04fcc1e340a\array.$proc$results/sv2v_output.v:118$2317'.
No latch inferred for signal `$paramod$ea9a025bc5ee84a808c2fa4f9964e04fcc1e340a\array.\data_wire[800]' from process `$paramod$ea9a025bc5ee84a808c2fa4f9964e04fcc1e340a\array.$proc$results/sv2v_output.v:118$2316'.
No latch inferred for signal `$paramod$ea9a025bc5ee84a808c2fa4f9964e04fcc1e340a\array.\data_wire[799]' from process `$paramod$ea9a025bc5ee84a808c2fa4f9964e04fcc1e340a\array.$proc$results/sv2v_output.v:118$2315'.
No latch inferred for signal `$paramod$ea9a025bc5ee84a808c2fa4f9964e04fcc1e340a\array.\data_wire[798]' from process `$paramod$ea9a025bc5ee84a808c2fa4f9964e04fcc1e340a\array.$proc$results/sv2v_output.v:118$2314'.
No latch inferred for signal `$paramod$ea9a025bc5ee84a808c2fa4f9964e04fcc1e340a\array.\data_wire[797]' from process `$paramod$ea9a025bc5ee84a808c2fa4f9964e04fcc1e340a\array.$proc$results/sv2v_output.v:118$2313'.
No latch inferred for signal `$paramod$ea9a025bc5ee84a808c2fa4f9964e04fcc1e340a\array.\data_wire[796]' from process `$paramod$ea9a025bc5ee84a808c2fa4f9964e04fcc1e340a\array.$proc$results/sv2v_output.v:118$2312'.
No latch inferred for signal `$paramod$ea9a025bc5ee84a808c2fa4f9964e04fcc1e340a\array.\data_wire[795]' from process `$paramod$ea9a025bc5ee84a808c2fa4f9964e04fcc1e340a\array.$proc$results/sv2v_output.v:118$2311'.
No latch inferred for signal `$paramod$ea9a025bc5ee84a808c2fa4f9964e04fcc1e340a\array.\data_wire[794]' from process `$paramod$ea9a025bc5ee84a808c2fa4f9964e04fcc1e340a\array.$proc$results/sv2v_output.v:118$2310'.
No latch inferred for signal `$paramod$ea9a025bc5ee84a808c2fa4f9964e04fcc1e340a\array.\data_wire[793]' from process `$paramod$ea9a025bc5ee84a808c2fa4f9964e04fcc1e340a\array.$proc$results/sv2v_output.v:118$2309'.
No latch inferred for signal `$paramod$ea9a025bc5ee84a808c2fa4f9964e04fcc1e340a\array.\data_wire[792]' from process `$paramod$ea9a025bc5ee84a808c2fa4f9964e04fcc1e340a\array.$proc$results/sv2v_output.v:118$2308'.
No latch inferred for signal `$paramod$ea9a025bc5ee84a808c2fa4f9964e04fcc1e340a\array.\data_wire[791]' from process `$paramod$ea9a025bc5ee84a808c2fa4f9964e04fcc1e340a\array.$proc$results/sv2v_output.v:118$2307'.
No latch inferred for signal `$paramod$ea9a025bc5ee84a808c2fa4f9964e04fcc1e340a\array.\data_wire[790]' from process `$paramod$ea9a025bc5ee84a808c2fa4f9964e04fcc1e340a\array.$proc$results/sv2v_output.v:118$2306'.
No latch inferred for signal `$paramod$ea9a025bc5ee84a808c2fa4f9964e04fcc1e340a\array.\data_wire[789]' from process `$paramod$ea9a025bc5ee84a808c2fa4f9964e04fcc1e340a\array.$proc$results/sv2v_output.v:118$2305'.
No latch inferred for signal `$paramod$ea9a025bc5ee84a808c2fa4f9964e04fcc1e340a\array.\data_wire[788]' from process `$paramod$ea9a025bc5ee84a808c2fa4f9964e04fcc1e340a\array.$proc$results/sv2v_output.v:118$2304'.
No latch inferred for signal `$paramod$ea9a025bc5ee84a808c2fa4f9964e04fcc1e340a\array.\data_wire[787]' from process `$paramod$ea9a025bc5ee84a808c2fa4f9964e04fcc1e340a\array.$proc$results/sv2v_output.v:118$2303'.
No latch inferred for signal `$paramod$ea9a025bc5ee84a808c2fa4f9964e04fcc1e340a\array.\data_wire[786]' from process `$paramod$ea9a025bc5ee84a808c2fa4f9964e04fcc1e340a\array.$proc$results/sv2v_output.v:118$2302'.
No latch inferred for signal `$paramod$ea9a025bc5ee84a808c2fa4f9964e04fcc1e340a\array.\data_wire[785]' from process `$paramod$ea9a025bc5ee84a808c2fa4f9964e04fcc1e340a\array.$proc$results/sv2v_output.v:118$2301'.
No latch inferred for signal `$paramod$ea9a025bc5ee84a808c2fa4f9964e04fcc1e340a\array.\data_wire[784]' from process `$paramod$ea9a025bc5ee84a808c2fa4f9964e04fcc1e340a\array.$proc$results/sv2v_output.v:118$2300'.
No latch inferred for signal `$paramod$ea9a025bc5ee84a808c2fa4f9964e04fcc1e340a\array.\data_wire[783]' from process `$paramod$ea9a025bc5ee84a808c2fa4f9964e04fcc1e340a\array.$proc$results/sv2v_output.v:118$2299'.
No latch inferred for signal `$paramod$ea9a025bc5ee84a808c2fa4f9964e04fcc1e340a\array.\data_wire[782]' from process `$paramod$ea9a025bc5ee84a808c2fa4f9964e04fcc1e340a\array.$proc$results/sv2v_output.v:118$2298'.
No latch inferred for signal `$paramod$ea9a025bc5ee84a808c2fa4f9964e04fcc1e340a\array.\data_wire[781]' from process `$paramod$ea9a025bc5ee84a808c2fa4f9964e04fcc1e340a\array.$proc$results/sv2v_output.v:118$2297'.
No latch inferred for signal `$paramod$ea9a025bc5ee84a808c2fa4f9964e04fcc1e340a\array.\data_wire[780]' from process `$paramod$ea9a025bc5ee84a808c2fa4f9964e04fcc1e340a\array.$proc$results/sv2v_output.v:118$2296'.
No latch inferred for signal `$paramod$ea9a025bc5ee84a808c2fa4f9964e04fcc1e340a\array.\data_wire[779]' from process `$paramod$ea9a025bc5ee84a808c2fa4f9964e04fcc1e340a\array.$proc$results/sv2v_output.v:118$2295'.
No latch inferred for signal `$paramod$ea9a025bc5ee84a808c2fa4f9964e04fcc1e340a\array.\data_wire[778]' from process `$paramod$ea9a025bc5ee84a808c2fa4f9964e04fcc1e340a\array.$proc$results/sv2v_output.v:118$2294'.
No latch inferred for signal `$paramod$ea9a025bc5ee84a808c2fa4f9964e04fcc1e340a\array.\data_wire[777]' from process `$paramod$ea9a025bc5ee84a808c2fa4f9964e04fcc1e340a\array.$proc$results/sv2v_output.v:118$2293'.
No latch inferred for signal `$paramod$ea9a025bc5ee84a808c2fa4f9964e04fcc1e340a\array.\data_wire[776]' from process `$paramod$ea9a025bc5ee84a808c2fa4f9964e04fcc1e340a\array.$proc$results/sv2v_output.v:118$2292'.
No latch inferred for signal `$paramod$ea9a025bc5ee84a808c2fa4f9964e04fcc1e340a\array.\data_wire[775]' from process `$paramod$ea9a025bc5ee84a808c2fa4f9964e04fcc1e340a\array.$proc$results/sv2v_output.v:118$2291'.
No latch inferred for signal `$paramod$ea9a025bc5ee84a808c2fa4f9964e04fcc1e340a\array.\data_wire[774]' from process `$paramod$ea9a025bc5ee84a808c2fa4f9964e04fcc1e340a\array.$proc$results/sv2v_output.v:118$2290'.
No latch inferred for signal `$paramod$ea9a025bc5ee84a808c2fa4f9964e04fcc1e340a\array.\data_wire[773]' from process `$paramod$ea9a025bc5ee84a808c2fa4f9964e04fcc1e340a\array.$proc$results/sv2v_output.v:118$2289'.
No latch inferred for signal `$paramod$ea9a025bc5ee84a808c2fa4f9964e04fcc1e340a\array.\data_wire[772]' from process `$paramod$ea9a025bc5ee84a808c2fa4f9964e04fcc1e340a\array.$proc$results/sv2v_output.v:118$2288'.
No latch inferred for signal `$paramod$ea9a025bc5ee84a808c2fa4f9964e04fcc1e340a\array.\data_wire[771]' from process `$paramod$ea9a025bc5ee84a808c2fa4f9964e04fcc1e340a\array.$proc$results/sv2v_output.v:118$2287'.
No latch inferred for signal `$paramod$ea9a025bc5ee84a808c2fa4f9964e04fcc1e340a\array.\data_wire[770]' from process `$paramod$ea9a025bc5ee84a808c2fa4f9964e04fcc1e340a\array.$proc$results/sv2v_output.v:118$2286'.
No latch inferred for signal `$paramod$ea9a025bc5ee84a808c2fa4f9964e04fcc1e340a\array.\data_wire[769]' from process `$paramod$ea9a025bc5ee84a808c2fa4f9964e04fcc1e340a\array.$proc$results/sv2v_output.v:118$2285'.
No latch inferred for signal `$paramod$ea9a025bc5ee84a808c2fa4f9964e04fcc1e340a\array.\data_wire[768]' from process `$paramod$ea9a025bc5ee84a808c2fa4f9964e04fcc1e340a\array.$proc$results/sv2v_output.v:118$2284'.
No latch inferred for signal `$paramod$ea9a025bc5ee84a808c2fa4f9964e04fcc1e340a\array.\data_wire[767]' from process `$paramod$ea9a025bc5ee84a808c2fa4f9964e04fcc1e340a\array.$proc$results/sv2v_output.v:118$2283'.
No latch inferred for signal `$paramod$ea9a025bc5ee84a808c2fa4f9964e04fcc1e340a\array.\data_wire[766]' from process `$paramod$ea9a025bc5ee84a808c2fa4f9964e04fcc1e340a\array.$proc$results/sv2v_output.v:118$2282'.
No latch inferred for signal `$paramod$ea9a025bc5ee84a808c2fa4f9964e04fcc1e340a\array.\data_wire[765]' from process `$paramod$ea9a025bc5ee84a808c2fa4f9964e04fcc1e340a\array.$proc$results/sv2v_output.v:118$2281'.
No latch inferred for signal `$paramod$ea9a025bc5ee84a808c2fa4f9964e04fcc1e340a\array.\data_wire[764]' from process `$paramod$ea9a025bc5ee84a808c2fa4f9964e04fcc1e340a\array.$proc$results/sv2v_output.v:118$2280'.
No latch inferred for signal `$paramod$ea9a025bc5ee84a808c2fa4f9964e04fcc1e340a\array.\data_wire[763]' from process `$paramod$ea9a025bc5ee84a808c2fa4f9964e04fcc1e340a\array.$proc$results/sv2v_output.v:118$2279'.
No latch inferred for signal `$paramod$ea9a025bc5ee84a808c2fa4f9964e04fcc1e340a\array.\data_wire[762]' from process `$paramod$ea9a025bc5ee84a808c2fa4f9964e04fcc1e340a\array.$proc$results/sv2v_output.v:118$2278'.
No latch inferred for signal `$paramod$ea9a025bc5ee84a808c2fa4f9964e04fcc1e340a\array.\data_wire[761]' from process `$paramod$ea9a025bc5ee84a808c2fa4f9964e04fcc1e340a\array.$proc$results/sv2v_output.v:118$2277'.
No latch inferred for signal `$paramod$ea9a025bc5ee84a808c2fa4f9964e04fcc1e340a\array.\data_wire[760]' from process `$paramod$ea9a025bc5ee84a808c2fa4f9964e04fcc1e340a\array.$proc$results/sv2v_output.v:118$2276'.
No latch inferred for signal `$paramod$ea9a025bc5ee84a808c2fa4f9964e04fcc1e340a\array.\data_wire[759]' from process `$paramod$ea9a025bc5ee84a808c2fa4f9964e04fcc1e340a\array.$proc$results/sv2v_output.v:118$2275'.
No latch inferred for signal `$paramod$ea9a025bc5ee84a808c2fa4f9964e04fcc1e340a\array.\data_wire[758]' from process `$paramod$ea9a025bc5ee84a808c2fa4f9964e04fcc1e340a\array.$proc$results/sv2v_output.v:118$2274'.
No latch inferred for signal `$paramod$ea9a025bc5ee84a808c2fa4f9964e04fcc1e340a\array.\data_wire[757]' from process `$paramod$ea9a025bc5ee84a808c2fa4f9964e04fcc1e340a\array.$proc$results/sv2v_output.v:118$2273'.
No latch inferred for signal `$paramod$ea9a025bc5ee84a808c2fa4f9964e04fcc1e340a\array.\data_wire[756]' from process `$paramod$ea9a025bc5ee84a808c2fa4f9964e04fcc1e340a\array.$proc$results/sv2v_output.v:118$2272'.
No latch inferred for signal `$paramod$ea9a025bc5ee84a808c2fa4f9964e04fcc1e340a\array.\data_wire[755]' from process `$paramod$ea9a025bc5ee84a808c2fa4f9964e04fcc1e340a\array.$proc$results/sv2v_output.v:118$2271'.
No latch inferred for signal `$paramod$ea9a025bc5ee84a808c2fa4f9964e04fcc1e340a\array.\data_wire[754]' from process `$paramod$ea9a025bc5ee84a808c2fa4f9964e04fcc1e340a\array.$proc$results/sv2v_output.v:118$2270'.
No latch inferred for signal `$paramod$ea9a025bc5ee84a808c2fa4f9964e04fcc1e340a\array.\data_wire[753]' from process `$paramod$ea9a025bc5ee84a808c2fa4f9964e04fcc1e340a\array.$proc$results/sv2v_output.v:118$2269'.
No latch inferred for signal `$paramod$ea9a025bc5ee84a808c2fa4f9964e04fcc1e340a\array.\data_wire[752]' from process `$paramod$ea9a025bc5ee84a808c2fa4f9964e04fcc1e340a\array.$proc$results/sv2v_output.v:118$2268'.
No latch inferred for signal `$paramod$ea9a025bc5ee84a808c2fa4f9964e04fcc1e340a\array.\data_wire[751]' from process `$paramod$ea9a025bc5ee84a808c2fa4f9964e04fcc1e340a\array.$proc$results/sv2v_output.v:118$2267'.
No latch inferred for signal `$paramod$ea9a025bc5ee84a808c2fa4f9964e04fcc1e340a\array.\data_wire[750]' from process `$paramod$ea9a025bc5ee84a808c2fa4f9964e04fcc1e340a\array.$proc$results/sv2v_output.v:118$2266'.
No latch inferred for signal `$paramod$ea9a025bc5ee84a808c2fa4f9964e04fcc1e340a\array.\data_wire[749]' from process `$paramod$ea9a025bc5ee84a808c2fa4f9964e04fcc1e340a\array.$proc$results/sv2v_output.v:118$2265'.
No latch inferred for signal `$paramod$ea9a025bc5ee84a808c2fa4f9964e04fcc1e340a\array.\data_wire[748]' from process `$paramod$ea9a025bc5ee84a808c2fa4f9964e04fcc1e340a\array.$proc$results/sv2v_output.v:118$2264'.
No latch inferred for signal `$paramod$ea9a025bc5ee84a808c2fa4f9964e04fcc1e340a\array.\data_wire[747]' from process `$paramod$ea9a025bc5ee84a808c2fa4f9964e04fcc1e340a\array.$proc$results/sv2v_output.v:118$2263'.
No latch inferred for signal `$paramod$ea9a025bc5ee84a808c2fa4f9964e04fcc1e340a\array.\data_wire[746]' from process `$paramod$ea9a025bc5ee84a808c2fa4f9964e04fcc1e340a\array.$proc$results/sv2v_output.v:118$2262'.
No latch inferred for signal `$paramod$ea9a025bc5ee84a808c2fa4f9964e04fcc1e340a\array.\data_wire[745]' from process `$paramod$ea9a025bc5ee84a808c2fa4f9964e04fcc1e340a\array.$proc$results/sv2v_output.v:118$2261'.
No latch inferred for signal `$paramod$ea9a025bc5ee84a808c2fa4f9964e04fcc1e340a\array.\data_wire[744]' from process `$paramod$ea9a025bc5ee84a808c2fa4f9964e04fcc1e340a\array.$proc$results/sv2v_output.v:118$2260'.
No latch inferred for signal `$paramod$ea9a025bc5ee84a808c2fa4f9964e04fcc1e340a\array.\data_wire[743]' from process `$paramod$ea9a025bc5ee84a808c2fa4f9964e04fcc1e340a\array.$proc$results/sv2v_output.v:118$2259'.
No latch inferred for signal `$paramod$ea9a025bc5ee84a808c2fa4f9964e04fcc1e340a\array.\data_wire[742]' from process `$paramod$ea9a025bc5ee84a808c2fa4f9964e04fcc1e340a\array.$proc$results/sv2v_output.v:118$2258'.
No latch inferred for signal `$paramod$ea9a025bc5ee84a808c2fa4f9964e04fcc1e340a\array.\data_wire[741]' from process `$paramod$ea9a025bc5ee84a808c2fa4f9964e04fcc1e340a\array.$proc$results/sv2v_output.v:118$2257'.
No latch inferred for signal `$paramod$ea9a025bc5ee84a808c2fa4f9964e04fcc1e340a\array.\data_wire[740]' from process `$paramod$ea9a025bc5ee84a808c2fa4f9964e04fcc1e340a\array.$proc$results/sv2v_output.v:118$2256'.
No latch inferred for signal `$paramod$ea9a025bc5ee84a808c2fa4f9964e04fcc1e340a\array.\data_wire[739]' from process `$paramod$ea9a025bc5ee84a808c2fa4f9964e04fcc1e340a\array.$proc$results/sv2v_output.v:118$2255'.
No latch inferred for signal `$paramod$ea9a025bc5ee84a808c2fa4f9964e04fcc1e340a\array.\data_wire[738]' from process `$paramod$ea9a025bc5ee84a808c2fa4f9964e04fcc1e340a\array.$proc$results/sv2v_output.v:118$2254'.
No latch inferred for signal `$paramod$ea9a025bc5ee84a808c2fa4f9964e04fcc1e340a\array.\data_wire[737]' from process `$paramod$ea9a025bc5ee84a808c2fa4f9964e04fcc1e340a\array.$proc$results/sv2v_output.v:118$2253'.
No latch inferred for signal `$paramod$ea9a025bc5ee84a808c2fa4f9964e04fcc1e340a\array.\data_wire[736]' from process `$paramod$ea9a025bc5ee84a808c2fa4f9964e04fcc1e340a\array.$proc$results/sv2v_output.v:118$2252'.
No latch inferred for signal `$paramod$ea9a025bc5ee84a808c2fa4f9964e04fcc1e340a\array.\data_wire[735]' from process `$paramod$ea9a025bc5ee84a808c2fa4f9964e04fcc1e340a\array.$proc$results/sv2v_output.v:118$2251'.
No latch inferred for signal `$paramod$ea9a025bc5ee84a808c2fa4f9964e04fcc1e340a\array.\data_wire[734]' from process `$paramod$ea9a025bc5ee84a808c2fa4f9964e04fcc1e340a\array.$proc$results/sv2v_output.v:118$2250'.
No latch inferred for signal `$paramod$ea9a025bc5ee84a808c2fa4f9964e04fcc1e340a\array.\data_wire[733]' from process `$paramod$ea9a025bc5ee84a808c2fa4f9964e04fcc1e340a\array.$proc$results/sv2v_output.v:118$2249'.
No latch inferred for signal `$paramod$ea9a025bc5ee84a808c2fa4f9964e04fcc1e340a\array.\data_wire[732]' from process `$paramod$ea9a025bc5ee84a808c2fa4f9964e04fcc1e340a\array.$proc$results/sv2v_output.v:118$2248'.
No latch inferred for signal `$paramod$ea9a025bc5ee84a808c2fa4f9964e04fcc1e340a\array.\data_wire[731]' from process `$paramod$ea9a025bc5ee84a808c2fa4f9964e04fcc1e340a\array.$proc$results/sv2v_output.v:118$2247'.
No latch inferred for signal `$paramod$ea9a025bc5ee84a808c2fa4f9964e04fcc1e340a\array.\data_wire[730]' from process `$paramod$ea9a025bc5ee84a808c2fa4f9964e04fcc1e340a\array.$proc$results/sv2v_output.v:118$2246'.
No latch inferred for signal `$paramod$ea9a025bc5ee84a808c2fa4f9964e04fcc1e340a\array.\data_wire[729]' from process `$paramod$ea9a025bc5ee84a808c2fa4f9964e04fcc1e340a\array.$proc$results/sv2v_output.v:118$2245'.
No latch inferred for signal `$paramod$ea9a025bc5ee84a808c2fa4f9964e04fcc1e340a\array.\data_wire[728]' from process `$paramod$ea9a025bc5ee84a808c2fa4f9964e04fcc1e340a\array.$proc$results/sv2v_output.v:118$2244'.
No latch inferred for signal `$paramod$ea9a025bc5ee84a808c2fa4f9964e04fcc1e340a\array.\data_wire[727]' from process `$paramod$ea9a025bc5ee84a808c2fa4f9964e04fcc1e340a\array.$proc$results/sv2v_output.v:118$2243'.
No latch inferred for signal `$paramod$ea9a025bc5ee84a808c2fa4f9964e04fcc1e340a\array.\data_wire[726]' from process `$paramod$ea9a025bc5ee84a808c2fa4f9964e04fcc1e340a\array.$proc$results/sv2v_output.v:118$2242'.
No latch inferred for signal `$paramod$ea9a025bc5ee84a808c2fa4f9964e04fcc1e340a\array.\data_wire[725]' from process `$paramod$ea9a025bc5ee84a808c2fa4f9964e04fcc1e340a\array.$proc$results/sv2v_output.v:118$2241'.
No latch inferred for signal `$paramod$ea9a025bc5ee84a808c2fa4f9964e04fcc1e340a\array.\data_wire[724]' from process `$paramod$ea9a025bc5ee84a808c2fa4f9964e04fcc1e340a\array.$proc$results/sv2v_output.v:118$2240'.
No latch inferred for signal `$paramod$ea9a025bc5ee84a808c2fa4f9964e04fcc1e340a\array.\data_wire[723]' from process `$paramod$ea9a025bc5ee84a808c2fa4f9964e04fcc1e340a\array.$proc$results/sv2v_output.v:118$2239'.
No latch inferred for signal `$paramod$ea9a025bc5ee84a808c2fa4f9964e04fcc1e340a\array.\data_wire[722]' from process `$paramod$ea9a025bc5ee84a808c2fa4f9964e04fcc1e340a\array.$proc$results/sv2v_output.v:118$2238'.
No latch inferred for signal `$paramod$ea9a025bc5ee84a808c2fa4f9964e04fcc1e340a\array.\data_wire[721]' from process `$paramod$ea9a025bc5ee84a808c2fa4f9964e04fcc1e340a\array.$proc$results/sv2v_output.v:118$2237'.
No latch inferred for signal `$paramod$ea9a025bc5ee84a808c2fa4f9964e04fcc1e340a\array.\data_wire[720]' from process `$paramod$ea9a025bc5ee84a808c2fa4f9964e04fcc1e340a\array.$proc$results/sv2v_output.v:118$2236'.
No latch inferred for signal `$paramod$ea9a025bc5ee84a808c2fa4f9964e04fcc1e340a\array.\data_wire[719]' from process `$paramod$ea9a025bc5ee84a808c2fa4f9964e04fcc1e340a\array.$proc$results/sv2v_output.v:118$2235'.
No latch inferred for signal `$paramod$ea9a025bc5ee84a808c2fa4f9964e04fcc1e340a\array.\data_wire[718]' from process `$paramod$ea9a025bc5ee84a808c2fa4f9964e04fcc1e340a\array.$proc$results/sv2v_output.v:118$2234'.
No latch inferred for signal `$paramod$ea9a025bc5ee84a808c2fa4f9964e04fcc1e340a\array.\data_wire[717]' from process `$paramod$ea9a025bc5ee84a808c2fa4f9964e04fcc1e340a\array.$proc$results/sv2v_output.v:118$2233'.
No latch inferred for signal `$paramod$ea9a025bc5ee84a808c2fa4f9964e04fcc1e340a\array.\data_wire[716]' from process `$paramod$ea9a025bc5ee84a808c2fa4f9964e04fcc1e340a\array.$proc$results/sv2v_output.v:118$2232'.
No latch inferred for signal `$paramod$ea9a025bc5ee84a808c2fa4f9964e04fcc1e340a\array.\data_wire[715]' from process `$paramod$ea9a025bc5ee84a808c2fa4f9964e04fcc1e340a\array.$proc$results/sv2v_output.v:118$2231'.
No latch inferred for signal `$paramod$ea9a025bc5ee84a808c2fa4f9964e04fcc1e340a\array.\data_wire[714]' from process `$paramod$ea9a025bc5ee84a808c2fa4f9964e04fcc1e340a\array.$proc$results/sv2v_output.v:118$2230'.
No latch inferred for signal `$paramod$ea9a025bc5ee84a808c2fa4f9964e04fcc1e340a\array.\data_wire[713]' from process `$paramod$ea9a025bc5ee84a808c2fa4f9964e04fcc1e340a\array.$proc$results/sv2v_output.v:118$2229'.
No latch inferred for signal `$paramod$ea9a025bc5ee84a808c2fa4f9964e04fcc1e340a\array.\data_wire[712]' from process `$paramod$ea9a025bc5ee84a808c2fa4f9964e04fcc1e340a\array.$proc$results/sv2v_output.v:118$2228'.
No latch inferred for signal `$paramod$ea9a025bc5ee84a808c2fa4f9964e04fcc1e340a\array.\data_wire[711]' from process `$paramod$ea9a025bc5ee84a808c2fa4f9964e04fcc1e340a\array.$proc$results/sv2v_output.v:118$2227'.
No latch inferred for signal `$paramod$ea9a025bc5ee84a808c2fa4f9964e04fcc1e340a\array.\data_wire[710]' from process `$paramod$ea9a025bc5ee84a808c2fa4f9964e04fcc1e340a\array.$proc$results/sv2v_output.v:118$2226'.
No latch inferred for signal `$paramod$ea9a025bc5ee84a808c2fa4f9964e04fcc1e340a\array.\data_wire[709]' from process `$paramod$ea9a025bc5ee84a808c2fa4f9964e04fcc1e340a\array.$proc$results/sv2v_output.v:118$2225'.
No latch inferred for signal `$paramod$ea9a025bc5ee84a808c2fa4f9964e04fcc1e340a\array.\data_wire[708]' from process `$paramod$ea9a025bc5ee84a808c2fa4f9964e04fcc1e340a\array.$proc$results/sv2v_output.v:118$2224'.
No latch inferred for signal `$paramod$ea9a025bc5ee84a808c2fa4f9964e04fcc1e340a\array.\data_wire[707]' from process `$paramod$ea9a025bc5ee84a808c2fa4f9964e04fcc1e340a\array.$proc$results/sv2v_output.v:118$2223'.
No latch inferred for signal `$paramod$ea9a025bc5ee84a808c2fa4f9964e04fcc1e340a\array.\data_wire[706]' from process `$paramod$ea9a025bc5ee84a808c2fa4f9964e04fcc1e340a\array.$proc$results/sv2v_output.v:118$2222'.
No latch inferred for signal `$paramod$ea9a025bc5ee84a808c2fa4f9964e04fcc1e340a\array.\data_wire[705]' from process `$paramod$ea9a025bc5ee84a808c2fa4f9964e04fcc1e340a\array.$proc$results/sv2v_output.v:118$2221'.
No latch inferred for signal `$paramod$ea9a025bc5ee84a808c2fa4f9964e04fcc1e340a\array.\data_wire[704]' from process `$paramod$ea9a025bc5ee84a808c2fa4f9964e04fcc1e340a\array.$proc$results/sv2v_output.v:118$2220'.
No latch inferred for signal `$paramod$ea9a025bc5ee84a808c2fa4f9964e04fcc1e340a\array.\data_wire[703]' from process `$paramod$ea9a025bc5ee84a808c2fa4f9964e04fcc1e340a\array.$proc$results/sv2v_output.v:118$2219'.
No latch inferred for signal `$paramod$ea9a025bc5ee84a808c2fa4f9964e04fcc1e340a\array.\data_wire[702]' from process `$paramod$ea9a025bc5ee84a808c2fa4f9964e04fcc1e340a\array.$proc$results/sv2v_output.v:118$2218'.
No latch inferred for signal `$paramod$ea9a025bc5ee84a808c2fa4f9964e04fcc1e340a\array.\data_wire[701]' from process `$paramod$ea9a025bc5ee84a808c2fa4f9964e04fcc1e340a\array.$proc$results/sv2v_output.v:118$2217'.
No latch inferred for signal `$paramod$ea9a025bc5ee84a808c2fa4f9964e04fcc1e340a\array.\data_wire[700]' from process `$paramod$ea9a025bc5ee84a808c2fa4f9964e04fcc1e340a\array.$proc$results/sv2v_output.v:118$2216'.
No latch inferred for signal `$paramod$ea9a025bc5ee84a808c2fa4f9964e04fcc1e340a\array.\data_wire[699]' from process `$paramod$ea9a025bc5ee84a808c2fa4f9964e04fcc1e340a\array.$proc$results/sv2v_output.v:118$2215'.
No latch inferred for signal `$paramod$ea9a025bc5ee84a808c2fa4f9964e04fcc1e340a\array.\data_wire[698]' from process `$paramod$ea9a025bc5ee84a808c2fa4f9964e04fcc1e340a\array.$proc$results/sv2v_output.v:118$2214'.
No latch inferred for signal `$paramod$ea9a025bc5ee84a808c2fa4f9964e04fcc1e340a\array.\data_wire[697]' from process `$paramod$ea9a025bc5ee84a808c2fa4f9964e04fcc1e340a\array.$proc$results/sv2v_output.v:118$2213'.
No latch inferred for signal `$paramod$ea9a025bc5ee84a808c2fa4f9964e04fcc1e340a\array.\data_wire[696]' from process `$paramod$ea9a025bc5ee84a808c2fa4f9964e04fcc1e340a\array.$proc$results/sv2v_output.v:118$2212'.
No latch inferred for signal `$paramod$ea9a025bc5ee84a808c2fa4f9964e04fcc1e340a\array.\data_wire[695]' from process `$paramod$ea9a025bc5ee84a808c2fa4f9964e04fcc1e340a\array.$proc$results/sv2v_output.v:118$2211'.
No latch inferred for signal `$paramod$ea9a025bc5ee84a808c2fa4f9964e04fcc1e340a\array.\data_wire[694]' from process `$paramod$ea9a025bc5ee84a808c2fa4f9964e04fcc1e340a\array.$proc$results/sv2v_output.v:118$2210'.
No latch inferred for signal `$paramod$ea9a025bc5ee84a808c2fa4f9964e04fcc1e340a\array.\data_wire[693]' from process `$paramod$ea9a025bc5ee84a808c2fa4f9964e04fcc1e340a\array.$proc$results/sv2v_output.v:118$2209'.
No latch inferred for signal `$paramod$ea9a025bc5ee84a808c2fa4f9964e04fcc1e340a\array.\data_wire[692]' from process `$paramod$ea9a025bc5ee84a808c2fa4f9964e04fcc1e340a\array.$proc$results/sv2v_output.v:118$2208'.
No latch inferred for signal `$paramod$ea9a025bc5ee84a808c2fa4f9964e04fcc1e340a\array.\data_wire[691]' from process `$paramod$ea9a025bc5ee84a808c2fa4f9964e04fcc1e340a\array.$proc$results/sv2v_output.v:118$2207'.
No latch inferred for signal `$paramod$ea9a025bc5ee84a808c2fa4f9964e04fcc1e340a\array.\data_wire[690]' from process `$paramod$ea9a025bc5ee84a808c2fa4f9964e04fcc1e340a\array.$proc$results/sv2v_output.v:118$2206'.
No latch inferred for signal `$paramod$ea9a025bc5ee84a808c2fa4f9964e04fcc1e340a\array.\data_wire[689]' from process `$paramod$ea9a025bc5ee84a808c2fa4f9964e04fcc1e340a\array.$proc$results/sv2v_output.v:118$2205'.
No latch inferred for signal `$paramod$ea9a025bc5ee84a808c2fa4f9964e04fcc1e340a\array.\data_wire[688]' from process `$paramod$ea9a025bc5ee84a808c2fa4f9964e04fcc1e340a\array.$proc$results/sv2v_output.v:118$2204'.
No latch inferred for signal `$paramod$ea9a025bc5ee84a808c2fa4f9964e04fcc1e340a\array.\data_wire[687]' from process `$paramod$ea9a025bc5ee84a808c2fa4f9964e04fcc1e340a\array.$proc$results/sv2v_output.v:118$2203'.
No latch inferred for signal `$paramod$ea9a025bc5ee84a808c2fa4f9964e04fcc1e340a\array.\data_wire[686]' from process `$paramod$ea9a025bc5ee84a808c2fa4f9964e04fcc1e340a\array.$proc$results/sv2v_output.v:118$2202'.
No latch inferred for signal `$paramod$ea9a025bc5ee84a808c2fa4f9964e04fcc1e340a\array.\data_wire[685]' from process `$paramod$ea9a025bc5ee84a808c2fa4f9964e04fcc1e340a\array.$proc$results/sv2v_output.v:118$2201'.
No latch inferred for signal `$paramod$ea9a025bc5ee84a808c2fa4f9964e04fcc1e340a\array.\data_wire[684]' from process `$paramod$ea9a025bc5ee84a808c2fa4f9964e04fcc1e340a\array.$proc$results/sv2v_output.v:118$2200'.
No latch inferred for signal `$paramod$ea9a025bc5ee84a808c2fa4f9964e04fcc1e340a\array.\data_wire[683]' from process `$paramod$ea9a025bc5ee84a808c2fa4f9964e04fcc1e340a\array.$proc$results/sv2v_output.v:118$2199'.
No latch inferred for signal `$paramod$ea9a025bc5ee84a808c2fa4f9964e04fcc1e340a\array.\data_wire[682]' from process `$paramod$ea9a025bc5ee84a808c2fa4f9964e04fcc1e340a\array.$proc$results/sv2v_output.v:118$2198'.
No latch inferred for signal `$paramod$ea9a025bc5ee84a808c2fa4f9964e04fcc1e340a\array.\data_wire[681]' from process `$paramod$ea9a025bc5ee84a808c2fa4f9964e04fcc1e340a\array.$proc$results/sv2v_output.v:118$2197'.
No latch inferred for signal `$paramod$ea9a025bc5ee84a808c2fa4f9964e04fcc1e340a\array.\data_wire[680]' from process `$paramod$ea9a025bc5ee84a808c2fa4f9964e04fcc1e340a\array.$proc$results/sv2v_output.v:118$2196'.
No latch inferred for signal `$paramod$ea9a025bc5ee84a808c2fa4f9964e04fcc1e340a\array.\data_wire[679]' from process `$paramod$ea9a025bc5ee84a808c2fa4f9964e04fcc1e340a\array.$proc$results/sv2v_output.v:118$2195'.
No latch inferred for signal `$paramod$ea9a025bc5ee84a808c2fa4f9964e04fcc1e340a\array.\data_wire[678]' from process `$paramod$ea9a025bc5ee84a808c2fa4f9964e04fcc1e340a\array.$proc$results/sv2v_output.v:118$2194'.
No latch inferred for signal `$paramod$ea9a025bc5ee84a808c2fa4f9964e04fcc1e340a\array.\data_wire[677]' from process `$paramod$ea9a025bc5ee84a808c2fa4f9964e04fcc1e340a\array.$proc$results/sv2v_output.v:118$2193'.
No latch inferred for signal `$paramod$ea9a025bc5ee84a808c2fa4f9964e04fcc1e340a\array.\data_wire[676]' from process `$paramod$ea9a025bc5ee84a808c2fa4f9964e04fcc1e340a\array.$proc$results/sv2v_output.v:118$2192'.
No latch inferred for signal `$paramod$ea9a025bc5ee84a808c2fa4f9964e04fcc1e340a\array.\data_wire[675]' from process `$paramod$ea9a025bc5ee84a808c2fa4f9964e04fcc1e340a\array.$proc$results/sv2v_output.v:118$2191'.
No latch inferred for signal `$paramod$ea9a025bc5ee84a808c2fa4f9964e04fcc1e340a\array.\data_wire[674]' from process `$paramod$ea9a025bc5ee84a808c2fa4f9964e04fcc1e340a\array.$proc$results/sv2v_output.v:118$2190'.
No latch inferred for signal `$paramod$ea9a025bc5ee84a808c2fa4f9964e04fcc1e340a\array.\data_wire[673]' from process `$paramod$ea9a025bc5ee84a808c2fa4f9964e04fcc1e340a\array.$proc$results/sv2v_output.v:118$2189'.
No latch inferred for signal `$paramod$ea9a025bc5ee84a808c2fa4f9964e04fcc1e340a\array.\data_wire[672]' from process `$paramod$ea9a025bc5ee84a808c2fa4f9964e04fcc1e340a\array.$proc$results/sv2v_output.v:118$2188'.
No latch inferred for signal `$paramod$ea9a025bc5ee84a808c2fa4f9964e04fcc1e340a\array.\data_wire[671]' from process `$paramod$ea9a025bc5ee84a808c2fa4f9964e04fcc1e340a\array.$proc$results/sv2v_output.v:118$2187'.
No latch inferred for signal `$paramod$ea9a025bc5ee84a808c2fa4f9964e04fcc1e340a\array.\data_wire[670]' from process `$paramod$ea9a025bc5ee84a808c2fa4f9964e04fcc1e340a\array.$proc$results/sv2v_output.v:118$2186'.
No latch inferred for signal `$paramod$ea9a025bc5ee84a808c2fa4f9964e04fcc1e340a\array.\data_wire[669]' from process `$paramod$ea9a025bc5ee84a808c2fa4f9964e04fcc1e340a\array.$proc$results/sv2v_output.v:118$2185'.
No latch inferred for signal `$paramod$ea9a025bc5ee84a808c2fa4f9964e04fcc1e340a\array.\data_wire[668]' from process `$paramod$ea9a025bc5ee84a808c2fa4f9964e04fcc1e340a\array.$proc$results/sv2v_output.v:118$2184'.
No latch inferred for signal `$paramod$ea9a025bc5ee84a808c2fa4f9964e04fcc1e340a\array.\data_wire[667]' from process `$paramod$ea9a025bc5ee84a808c2fa4f9964e04fcc1e340a\array.$proc$results/sv2v_output.v:118$2183'.
No latch inferred for signal `$paramod$ea9a025bc5ee84a808c2fa4f9964e04fcc1e340a\array.\data_wire[666]' from process `$paramod$ea9a025bc5ee84a808c2fa4f9964e04fcc1e340a\array.$proc$results/sv2v_output.v:118$2182'.
No latch inferred for signal `$paramod$ea9a025bc5ee84a808c2fa4f9964e04fcc1e340a\array.\data_wire[665]' from process `$paramod$ea9a025bc5ee84a808c2fa4f9964e04fcc1e340a\array.$proc$results/sv2v_output.v:118$2181'.
No latch inferred for signal `$paramod$ea9a025bc5ee84a808c2fa4f9964e04fcc1e340a\array.\data_wire[664]' from process `$paramod$ea9a025bc5ee84a808c2fa4f9964e04fcc1e340a\array.$proc$results/sv2v_output.v:118$2180'.
No latch inferred for signal `$paramod$ea9a025bc5ee84a808c2fa4f9964e04fcc1e340a\array.\data_wire[663]' from process `$paramod$ea9a025bc5ee84a808c2fa4f9964e04fcc1e340a\array.$proc$results/sv2v_output.v:118$2179'.
No latch inferred for signal `$paramod$ea9a025bc5ee84a808c2fa4f9964e04fcc1e340a\array.\data_wire[662]' from process `$paramod$ea9a025bc5ee84a808c2fa4f9964e04fcc1e340a\array.$proc$results/sv2v_output.v:118$2178'.
No latch inferred for signal `$paramod$ea9a025bc5ee84a808c2fa4f9964e04fcc1e340a\array.\data_wire[661]' from process `$paramod$ea9a025bc5ee84a808c2fa4f9964e04fcc1e340a\array.$proc$results/sv2v_output.v:118$2177'.
No latch inferred for signal `$paramod$ea9a025bc5ee84a808c2fa4f9964e04fcc1e340a\array.\data_wire[660]' from process `$paramod$ea9a025bc5ee84a808c2fa4f9964e04fcc1e340a\array.$proc$results/sv2v_output.v:118$2176'.
No latch inferred for signal `$paramod$ea9a025bc5ee84a808c2fa4f9964e04fcc1e340a\array.\data_wire[659]' from process `$paramod$ea9a025bc5ee84a808c2fa4f9964e04fcc1e340a\array.$proc$results/sv2v_output.v:118$2175'.
No latch inferred for signal `$paramod$ea9a025bc5ee84a808c2fa4f9964e04fcc1e340a\array.\data_wire[658]' from process `$paramod$ea9a025bc5ee84a808c2fa4f9964e04fcc1e340a\array.$proc$results/sv2v_output.v:118$2174'.
No latch inferred for signal `$paramod$ea9a025bc5ee84a808c2fa4f9964e04fcc1e340a\array.\data_wire[657]' from process `$paramod$ea9a025bc5ee84a808c2fa4f9964e04fcc1e340a\array.$proc$results/sv2v_output.v:118$2173'.
No latch inferred for signal `$paramod$ea9a025bc5ee84a808c2fa4f9964e04fcc1e340a\array.\data_wire[656]' from process `$paramod$ea9a025bc5ee84a808c2fa4f9964e04fcc1e340a\array.$proc$results/sv2v_output.v:118$2172'.
No latch inferred for signal `$paramod$ea9a025bc5ee84a808c2fa4f9964e04fcc1e340a\array.\data_wire[655]' from process `$paramod$ea9a025bc5ee84a808c2fa4f9964e04fcc1e340a\array.$proc$results/sv2v_output.v:118$2171'.
No latch inferred for signal `$paramod$ea9a025bc5ee84a808c2fa4f9964e04fcc1e340a\array.\data_wire[654]' from process `$paramod$ea9a025bc5ee84a808c2fa4f9964e04fcc1e340a\array.$proc$results/sv2v_output.v:118$2170'.
No latch inferred for signal `$paramod$ea9a025bc5ee84a808c2fa4f9964e04fcc1e340a\array.\data_wire[653]' from process `$paramod$ea9a025bc5ee84a808c2fa4f9964e04fcc1e340a\array.$proc$results/sv2v_output.v:118$2169'.
No latch inferred for signal `$paramod$ea9a025bc5ee84a808c2fa4f9964e04fcc1e340a\array.\data_wire[652]' from process `$paramod$ea9a025bc5ee84a808c2fa4f9964e04fcc1e340a\array.$proc$results/sv2v_output.v:118$2168'.
No latch inferred for signal `$paramod$ea9a025bc5ee84a808c2fa4f9964e04fcc1e340a\array.\data_wire[651]' from process `$paramod$ea9a025bc5ee84a808c2fa4f9964e04fcc1e340a\array.$proc$results/sv2v_output.v:118$2167'.
No latch inferred for signal `$paramod$ea9a025bc5ee84a808c2fa4f9964e04fcc1e340a\array.\data_wire[650]' from process `$paramod$ea9a025bc5ee84a808c2fa4f9964e04fcc1e340a\array.$proc$results/sv2v_output.v:118$2166'.
No latch inferred for signal `$paramod$ea9a025bc5ee84a808c2fa4f9964e04fcc1e340a\array.\data_wire[649]' from process `$paramod$ea9a025bc5ee84a808c2fa4f9964e04fcc1e340a\array.$proc$results/sv2v_output.v:118$2165'.
No latch inferred for signal `$paramod$ea9a025bc5ee84a808c2fa4f9964e04fcc1e340a\array.\data_wire[648]' from process `$paramod$ea9a025bc5ee84a808c2fa4f9964e04fcc1e340a\array.$proc$results/sv2v_output.v:118$2164'.
No latch inferred for signal `$paramod$ea9a025bc5ee84a808c2fa4f9964e04fcc1e340a\array.\data_wire[647]' from process `$paramod$ea9a025bc5ee84a808c2fa4f9964e04fcc1e340a\array.$proc$results/sv2v_output.v:118$2163'.
No latch inferred for signal `$paramod$ea9a025bc5ee84a808c2fa4f9964e04fcc1e340a\array.\data_wire[646]' from process `$paramod$ea9a025bc5ee84a808c2fa4f9964e04fcc1e340a\array.$proc$results/sv2v_output.v:118$2162'.
No latch inferred for signal `$paramod$ea9a025bc5ee84a808c2fa4f9964e04fcc1e340a\array.\data_wire[645]' from process `$paramod$ea9a025bc5ee84a808c2fa4f9964e04fcc1e340a\array.$proc$results/sv2v_output.v:118$2161'.
No latch inferred for signal `$paramod$ea9a025bc5ee84a808c2fa4f9964e04fcc1e340a\array.\data_wire[644]' from process `$paramod$ea9a025bc5ee84a808c2fa4f9964e04fcc1e340a\array.$proc$results/sv2v_output.v:118$2160'.
No latch inferred for signal `$paramod$ea9a025bc5ee84a808c2fa4f9964e04fcc1e340a\array.\data_wire[643]' from process `$paramod$ea9a025bc5ee84a808c2fa4f9964e04fcc1e340a\array.$proc$results/sv2v_output.v:118$2159'.
No latch inferred for signal `$paramod$ea9a025bc5ee84a808c2fa4f9964e04fcc1e340a\array.\data_wire[642]' from process `$paramod$ea9a025bc5ee84a808c2fa4f9964e04fcc1e340a\array.$proc$results/sv2v_output.v:118$2158'.
No latch inferred for signal `$paramod$ea9a025bc5ee84a808c2fa4f9964e04fcc1e340a\array.\data_wire[641]' from process `$paramod$ea9a025bc5ee84a808c2fa4f9964e04fcc1e340a\array.$proc$results/sv2v_output.v:118$2157'.
No latch inferred for signal `$paramod$ea9a025bc5ee84a808c2fa4f9964e04fcc1e340a\array.\data_wire[640]' from process `$paramod$ea9a025bc5ee84a808c2fa4f9964e04fcc1e340a\array.$proc$results/sv2v_output.v:118$2156'.
No latch inferred for signal `$paramod$ea9a025bc5ee84a808c2fa4f9964e04fcc1e340a\array.\data_wire[639]' from process `$paramod$ea9a025bc5ee84a808c2fa4f9964e04fcc1e340a\array.$proc$results/sv2v_output.v:118$2155'.
No latch inferred for signal `$paramod$ea9a025bc5ee84a808c2fa4f9964e04fcc1e340a\array.\data_wire[638]' from process `$paramod$ea9a025bc5ee84a808c2fa4f9964e04fcc1e340a\array.$proc$results/sv2v_output.v:118$2154'.
No latch inferred for signal `$paramod$ea9a025bc5ee84a808c2fa4f9964e04fcc1e340a\array.\data_wire[637]' from process `$paramod$ea9a025bc5ee84a808c2fa4f9964e04fcc1e340a\array.$proc$results/sv2v_output.v:118$2153'.
No latch inferred for signal `$paramod$ea9a025bc5ee84a808c2fa4f9964e04fcc1e340a\array.\data_wire[636]' from process `$paramod$ea9a025bc5ee84a808c2fa4f9964e04fcc1e340a\array.$proc$results/sv2v_output.v:118$2152'.
No latch inferred for signal `$paramod$ea9a025bc5ee84a808c2fa4f9964e04fcc1e340a\array.\data_wire[635]' from process `$paramod$ea9a025bc5ee84a808c2fa4f9964e04fcc1e340a\array.$proc$results/sv2v_output.v:118$2151'.
No latch inferred for signal `$paramod$ea9a025bc5ee84a808c2fa4f9964e04fcc1e340a\array.\data_wire[634]' from process `$paramod$ea9a025bc5ee84a808c2fa4f9964e04fcc1e340a\array.$proc$results/sv2v_output.v:118$2150'.
No latch inferred for signal `$paramod$ea9a025bc5ee84a808c2fa4f9964e04fcc1e340a\array.\data_wire[633]' from process `$paramod$ea9a025bc5ee84a808c2fa4f9964e04fcc1e340a\array.$proc$results/sv2v_output.v:118$2149'.
No latch inferred for signal `$paramod$ea9a025bc5ee84a808c2fa4f9964e04fcc1e340a\array.\data_wire[632]' from process `$paramod$ea9a025bc5ee84a808c2fa4f9964e04fcc1e340a\array.$proc$results/sv2v_output.v:118$2148'.
No latch inferred for signal `$paramod$ea9a025bc5ee84a808c2fa4f9964e04fcc1e340a\array.\data_wire[631]' from process `$paramod$ea9a025bc5ee84a808c2fa4f9964e04fcc1e340a\array.$proc$results/sv2v_output.v:118$2147'.
No latch inferred for signal `$paramod$ea9a025bc5ee84a808c2fa4f9964e04fcc1e340a\array.\data_wire[630]' from process `$paramod$ea9a025bc5ee84a808c2fa4f9964e04fcc1e340a\array.$proc$results/sv2v_output.v:118$2146'.
No latch inferred for signal `$paramod$ea9a025bc5ee84a808c2fa4f9964e04fcc1e340a\array.\data_wire[629]' from process `$paramod$ea9a025bc5ee84a808c2fa4f9964e04fcc1e340a\array.$proc$results/sv2v_output.v:118$2145'.
No latch inferred for signal `$paramod$ea9a025bc5ee84a808c2fa4f9964e04fcc1e340a\array.\data_wire[628]' from process `$paramod$ea9a025bc5ee84a808c2fa4f9964e04fcc1e340a\array.$proc$results/sv2v_output.v:118$2144'.
No latch inferred for signal `$paramod$ea9a025bc5ee84a808c2fa4f9964e04fcc1e340a\array.\data_wire[627]' from process `$paramod$ea9a025bc5ee84a808c2fa4f9964e04fcc1e340a\array.$proc$results/sv2v_output.v:118$2143'.
No latch inferred for signal `$paramod$ea9a025bc5ee84a808c2fa4f9964e04fcc1e340a\array.\data_wire[626]' from process `$paramod$ea9a025bc5ee84a808c2fa4f9964e04fcc1e340a\array.$proc$results/sv2v_output.v:118$2142'.
No latch inferred for signal `$paramod$ea9a025bc5ee84a808c2fa4f9964e04fcc1e340a\array.\data_wire[625]' from process `$paramod$ea9a025bc5ee84a808c2fa4f9964e04fcc1e340a\array.$proc$results/sv2v_output.v:118$2141'.
No latch inferred for signal `$paramod$ea9a025bc5ee84a808c2fa4f9964e04fcc1e340a\array.\data_wire[624]' from process `$paramod$ea9a025bc5ee84a808c2fa4f9964e04fcc1e340a\array.$proc$results/sv2v_output.v:118$2140'.
No latch inferred for signal `$paramod$ea9a025bc5ee84a808c2fa4f9964e04fcc1e340a\array.\data_wire[623]' from process `$paramod$ea9a025bc5ee84a808c2fa4f9964e04fcc1e340a\array.$proc$results/sv2v_output.v:118$2139'.
No latch inferred for signal `$paramod$ea9a025bc5ee84a808c2fa4f9964e04fcc1e340a\array.\data_wire[622]' from process `$paramod$ea9a025bc5ee84a808c2fa4f9964e04fcc1e340a\array.$proc$results/sv2v_output.v:118$2138'.
No latch inferred for signal `$paramod$ea9a025bc5ee84a808c2fa4f9964e04fcc1e340a\array.\data_wire[621]' from process `$paramod$ea9a025bc5ee84a808c2fa4f9964e04fcc1e340a\array.$proc$results/sv2v_output.v:118$2137'.
No latch inferred for signal `$paramod$ea9a025bc5ee84a808c2fa4f9964e04fcc1e340a\array.\data_wire[620]' from process `$paramod$ea9a025bc5ee84a808c2fa4f9964e04fcc1e340a\array.$proc$results/sv2v_output.v:118$2136'.
No latch inferred for signal `$paramod$ea9a025bc5ee84a808c2fa4f9964e04fcc1e340a\array.\data_wire[619]' from process `$paramod$ea9a025bc5ee84a808c2fa4f9964e04fcc1e340a\array.$proc$results/sv2v_output.v:118$2135'.
No latch inferred for signal `$paramod$ea9a025bc5ee84a808c2fa4f9964e04fcc1e340a\array.\data_wire[618]' from process `$paramod$ea9a025bc5ee84a808c2fa4f9964e04fcc1e340a\array.$proc$results/sv2v_output.v:118$2134'.
No latch inferred for signal `$paramod$ea9a025bc5ee84a808c2fa4f9964e04fcc1e340a\array.\data_wire[617]' from process `$paramod$ea9a025bc5ee84a808c2fa4f9964e04fcc1e340a\array.$proc$results/sv2v_output.v:118$2133'.
No latch inferred for signal `$paramod$ea9a025bc5ee84a808c2fa4f9964e04fcc1e340a\array.\data_wire[616]' from process `$paramod$ea9a025bc5ee84a808c2fa4f9964e04fcc1e340a\array.$proc$results/sv2v_output.v:118$2132'.
No latch inferred for signal `$paramod$ea9a025bc5ee84a808c2fa4f9964e04fcc1e340a\array.\data_wire[615]' from process `$paramod$ea9a025bc5ee84a808c2fa4f9964e04fcc1e340a\array.$proc$results/sv2v_output.v:118$2131'.
No latch inferred for signal `$paramod$ea9a025bc5ee84a808c2fa4f9964e04fcc1e340a\array.\data_wire[614]' from process `$paramod$ea9a025bc5ee84a808c2fa4f9964e04fcc1e340a\array.$proc$results/sv2v_output.v:118$2130'.
No latch inferred for signal `$paramod$ea9a025bc5ee84a808c2fa4f9964e04fcc1e340a\array.\data_wire[613]' from process `$paramod$ea9a025bc5ee84a808c2fa4f9964e04fcc1e340a\array.$proc$results/sv2v_output.v:118$2129'.
No latch inferred for signal `$paramod$ea9a025bc5ee84a808c2fa4f9964e04fcc1e340a\array.\data_wire[612]' from process `$paramod$ea9a025bc5ee84a808c2fa4f9964e04fcc1e340a\array.$proc$results/sv2v_output.v:118$2128'.
No latch inferred for signal `$paramod$ea9a025bc5ee84a808c2fa4f9964e04fcc1e340a\array.\data_wire[611]' from process `$paramod$ea9a025bc5ee84a808c2fa4f9964e04fcc1e340a\array.$proc$results/sv2v_output.v:118$2127'.
No latch inferred for signal `$paramod$ea9a025bc5ee84a808c2fa4f9964e04fcc1e340a\array.\data_wire[610]' from process `$paramod$ea9a025bc5ee84a808c2fa4f9964e04fcc1e340a\array.$proc$results/sv2v_output.v:118$2126'.
No latch inferred for signal `$paramod$ea9a025bc5ee84a808c2fa4f9964e04fcc1e340a\array.\data_wire[609]' from process `$paramod$ea9a025bc5ee84a808c2fa4f9964e04fcc1e340a\array.$proc$results/sv2v_output.v:118$2125'.
No latch inferred for signal `$paramod$ea9a025bc5ee84a808c2fa4f9964e04fcc1e340a\array.\data_wire[608]' from process `$paramod$ea9a025bc5ee84a808c2fa4f9964e04fcc1e340a\array.$proc$results/sv2v_output.v:118$2124'.
No latch inferred for signal `$paramod$ea9a025bc5ee84a808c2fa4f9964e04fcc1e340a\array.\data_wire[607]' from process `$paramod$ea9a025bc5ee84a808c2fa4f9964e04fcc1e340a\array.$proc$results/sv2v_output.v:118$2123'.
No latch inferred for signal `$paramod$ea9a025bc5ee84a808c2fa4f9964e04fcc1e340a\array.\data_wire[606]' from process `$paramod$ea9a025bc5ee84a808c2fa4f9964e04fcc1e340a\array.$proc$results/sv2v_output.v:118$2122'.
No latch inferred for signal `$paramod$ea9a025bc5ee84a808c2fa4f9964e04fcc1e340a\array.\data_wire[605]' from process `$paramod$ea9a025bc5ee84a808c2fa4f9964e04fcc1e340a\array.$proc$results/sv2v_output.v:118$2121'.
No latch inferred for signal `$paramod$ea9a025bc5ee84a808c2fa4f9964e04fcc1e340a\array.\data_wire[604]' from process `$paramod$ea9a025bc5ee84a808c2fa4f9964e04fcc1e340a\array.$proc$results/sv2v_output.v:118$2120'.
No latch inferred for signal `$paramod$ea9a025bc5ee84a808c2fa4f9964e04fcc1e340a\array.\data_wire[603]' from process `$paramod$ea9a025bc5ee84a808c2fa4f9964e04fcc1e340a\array.$proc$results/sv2v_output.v:118$2119'.
No latch inferred for signal `$paramod$ea9a025bc5ee84a808c2fa4f9964e04fcc1e340a\array.\data_wire[602]' from process `$paramod$ea9a025bc5ee84a808c2fa4f9964e04fcc1e340a\array.$proc$results/sv2v_output.v:118$2118'.
No latch inferred for signal `$paramod$ea9a025bc5ee84a808c2fa4f9964e04fcc1e340a\array.\data_wire[601]' from process `$paramod$ea9a025bc5ee84a808c2fa4f9964e04fcc1e340a\array.$proc$results/sv2v_output.v:118$2117'.
No latch inferred for signal `$paramod$ea9a025bc5ee84a808c2fa4f9964e04fcc1e340a\array.\data_wire[600]' from process `$paramod$ea9a025bc5ee84a808c2fa4f9964e04fcc1e340a\array.$proc$results/sv2v_output.v:118$2116'.
No latch inferred for signal `$paramod$ea9a025bc5ee84a808c2fa4f9964e04fcc1e340a\array.\data_wire[599]' from process `$paramod$ea9a025bc5ee84a808c2fa4f9964e04fcc1e340a\array.$proc$results/sv2v_output.v:118$2115'.
No latch inferred for signal `$paramod$ea9a025bc5ee84a808c2fa4f9964e04fcc1e340a\array.\data_wire[598]' from process `$paramod$ea9a025bc5ee84a808c2fa4f9964e04fcc1e340a\array.$proc$results/sv2v_output.v:118$2114'.
No latch inferred for signal `$paramod$ea9a025bc5ee84a808c2fa4f9964e04fcc1e340a\array.\data_wire[597]' from process `$paramod$ea9a025bc5ee84a808c2fa4f9964e04fcc1e340a\array.$proc$results/sv2v_output.v:118$2113'.
No latch inferred for signal `$paramod$ea9a025bc5ee84a808c2fa4f9964e04fcc1e340a\array.\data_wire[596]' from process `$paramod$ea9a025bc5ee84a808c2fa4f9964e04fcc1e340a\array.$proc$results/sv2v_output.v:118$2112'.
No latch inferred for signal `$paramod$ea9a025bc5ee84a808c2fa4f9964e04fcc1e340a\array.\data_wire[595]' from process `$paramod$ea9a025bc5ee84a808c2fa4f9964e04fcc1e340a\array.$proc$results/sv2v_output.v:118$2111'.
No latch inferred for signal `$paramod$ea9a025bc5ee84a808c2fa4f9964e04fcc1e340a\array.\data_wire[594]' from process `$paramod$ea9a025bc5ee84a808c2fa4f9964e04fcc1e340a\array.$proc$results/sv2v_output.v:118$2110'.
No latch inferred for signal `$paramod$ea9a025bc5ee84a808c2fa4f9964e04fcc1e340a\array.\data_wire[593]' from process `$paramod$ea9a025bc5ee84a808c2fa4f9964e04fcc1e340a\array.$proc$results/sv2v_output.v:118$2109'.
No latch inferred for signal `$paramod$ea9a025bc5ee84a808c2fa4f9964e04fcc1e340a\array.\data_wire[592]' from process `$paramod$ea9a025bc5ee84a808c2fa4f9964e04fcc1e340a\array.$proc$results/sv2v_output.v:118$2108'.
No latch inferred for signal `$paramod$ea9a025bc5ee84a808c2fa4f9964e04fcc1e340a\array.\data_wire[591]' from process `$paramod$ea9a025bc5ee84a808c2fa4f9964e04fcc1e340a\array.$proc$results/sv2v_output.v:118$2107'.
No latch inferred for signal `$paramod$ea9a025bc5ee84a808c2fa4f9964e04fcc1e340a\array.\data_wire[590]' from process `$paramod$ea9a025bc5ee84a808c2fa4f9964e04fcc1e340a\array.$proc$results/sv2v_output.v:118$2106'.
No latch inferred for signal `$paramod$ea9a025bc5ee84a808c2fa4f9964e04fcc1e340a\array.\data_wire[589]' from process `$paramod$ea9a025bc5ee84a808c2fa4f9964e04fcc1e340a\array.$proc$results/sv2v_output.v:118$2105'.
No latch inferred for signal `$paramod$ea9a025bc5ee84a808c2fa4f9964e04fcc1e340a\array.\data_wire[588]' from process `$paramod$ea9a025bc5ee84a808c2fa4f9964e04fcc1e340a\array.$proc$results/sv2v_output.v:118$2104'.
No latch inferred for signal `$paramod$ea9a025bc5ee84a808c2fa4f9964e04fcc1e340a\array.\data_wire[587]' from process `$paramod$ea9a025bc5ee84a808c2fa4f9964e04fcc1e340a\array.$proc$results/sv2v_output.v:118$2103'.
No latch inferred for signal `$paramod$ea9a025bc5ee84a808c2fa4f9964e04fcc1e340a\array.\data_wire[586]' from process `$paramod$ea9a025bc5ee84a808c2fa4f9964e04fcc1e340a\array.$proc$results/sv2v_output.v:118$2102'.
No latch inferred for signal `$paramod$ea9a025bc5ee84a808c2fa4f9964e04fcc1e340a\array.\data_wire[585]' from process `$paramod$ea9a025bc5ee84a808c2fa4f9964e04fcc1e340a\array.$proc$results/sv2v_output.v:118$2101'.
No latch inferred for signal `$paramod$ea9a025bc5ee84a808c2fa4f9964e04fcc1e340a\array.\data_wire[584]' from process `$paramod$ea9a025bc5ee84a808c2fa4f9964e04fcc1e340a\array.$proc$results/sv2v_output.v:118$2100'.
No latch inferred for signal `$paramod$ea9a025bc5ee84a808c2fa4f9964e04fcc1e340a\array.\data_wire[583]' from process `$paramod$ea9a025bc5ee84a808c2fa4f9964e04fcc1e340a\array.$proc$results/sv2v_output.v:118$2099'.
No latch inferred for signal `$paramod$ea9a025bc5ee84a808c2fa4f9964e04fcc1e340a\array.\data_wire[582]' from process `$paramod$ea9a025bc5ee84a808c2fa4f9964e04fcc1e340a\array.$proc$results/sv2v_output.v:118$2098'.
No latch inferred for signal `$paramod$ea9a025bc5ee84a808c2fa4f9964e04fcc1e340a\array.\data_wire[581]' from process `$paramod$ea9a025bc5ee84a808c2fa4f9964e04fcc1e340a\array.$proc$results/sv2v_output.v:118$2097'.
No latch inferred for signal `$paramod$ea9a025bc5ee84a808c2fa4f9964e04fcc1e340a\array.\data_wire[580]' from process `$paramod$ea9a025bc5ee84a808c2fa4f9964e04fcc1e340a\array.$proc$results/sv2v_output.v:118$2096'.
No latch inferred for signal `$paramod$ea9a025bc5ee84a808c2fa4f9964e04fcc1e340a\array.\data_wire[579]' from process `$paramod$ea9a025bc5ee84a808c2fa4f9964e04fcc1e340a\array.$proc$results/sv2v_output.v:118$2095'.
No latch inferred for signal `$paramod$ea9a025bc5ee84a808c2fa4f9964e04fcc1e340a\array.\data_wire[578]' from process `$paramod$ea9a025bc5ee84a808c2fa4f9964e04fcc1e340a\array.$proc$results/sv2v_output.v:118$2094'.
No latch inferred for signal `$paramod$ea9a025bc5ee84a808c2fa4f9964e04fcc1e340a\array.\data_wire[577]' from process `$paramod$ea9a025bc5ee84a808c2fa4f9964e04fcc1e340a\array.$proc$results/sv2v_output.v:118$2093'.
No latch inferred for signal `$paramod$ea9a025bc5ee84a808c2fa4f9964e04fcc1e340a\array.\data_wire[576]' from process `$paramod$ea9a025bc5ee84a808c2fa4f9964e04fcc1e340a\array.$proc$results/sv2v_output.v:118$2092'.
No latch inferred for signal `$paramod$ea9a025bc5ee84a808c2fa4f9964e04fcc1e340a\array.\data_wire[575]' from process `$paramod$ea9a025bc5ee84a808c2fa4f9964e04fcc1e340a\array.$proc$results/sv2v_output.v:118$2091'.
No latch inferred for signal `$paramod$ea9a025bc5ee84a808c2fa4f9964e04fcc1e340a\array.\data_wire[574]' from process `$paramod$ea9a025bc5ee84a808c2fa4f9964e04fcc1e340a\array.$proc$results/sv2v_output.v:118$2090'.
No latch inferred for signal `$paramod$ea9a025bc5ee84a808c2fa4f9964e04fcc1e340a\array.\data_wire[573]' from process `$paramod$ea9a025bc5ee84a808c2fa4f9964e04fcc1e340a\array.$proc$results/sv2v_output.v:118$2089'.
No latch inferred for signal `$paramod$ea9a025bc5ee84a808c2fa4f9964e04fcc1e340a\array.\data_wire[572]' from process `$paramod$ea9a025bc5ee84a808c2fa4f9964e04fcc1e340a\array.$proc$results/sv2v_output.v:118$2088'.
No latch inferred for signal `$paramod$ea9a025bc5ee84a808c2fa4f9964e04fcc1e340a\array.\data_wire[571]' from process `$paramod$ea9a025bc5ee84a808c2fa4f9964e04fcc1e340a\array.$proc$results/sv2v_output.v:118$2087'.
No latch inferred for signal `$paramod$ea9a025bc5ee84a808c2fa4f9964e04fcc1e340a\array.\data_wire[570]' from process `$paramod$ea9a025bc5ee84a808c2fa4f9964e04fcc1e340a\array.$proc$results/sv2v_output.v:118$2086'.
No latch inferred for signal `$paramod$ea9a025bc5ee84a808c2fa4f9964e04fcc1e340a\array.\data_wire[569]' from process `$paramod$ea9a025bc5ee84a808c2fa4f9964e04fcc1e340a\array.$proc$results/sv2v_output.v:118$2085'.
No latch inferred for signal `$paramod$ea9a025bc5ee84a808c2fa4f9964e04fcc1e340a\array.\data_wire[568]' from process `$paramod$ea9a025bc5ee84a808c2fa4f9964e04fcc1e340a\array.$proc$results/sv2v_output.v:118$2084'.
No latch inferred for signal `$paramod$ea9a025bc5ee84a808c2fa4f9964e04fcc1e340a\array.\data_wire[567]' from process `$paramod$ea9a025bc5ee84a808c2fa4f9964e04fcc1e340a\array.$proc$results/sv2v_output.v:118$2083'.
No latch inferred for signal `$paramod$ea9a025bc5ee84a808c2fa4f9964e04fcc1e340a\array.\data_wire[566]' from process `$paramod$ea9a025bc5ee84a808c2fa4f9964e04fcc1e340a\array.$proc$results/sv2v_output.v:118$2082'.
No latch inferred for signal `$paramod$ea9a025bc5ee84a808c2fa4f9964e04fcc1e340a\array.\data_wire[565]' from process `$paramod$ea9a025bc5ee84a808c2fa4f9964e04fcc1e340a\array.$proc$results/sv2v_output.v:118$2081'.
No latch inferred for signal `$paramod$ea9a025bc5ee84a808c2fa4f9964e04fcc1e340a\array.\data_wire[564]' from process `$paramod$ea9a025bc5ee84a808c2fa4f9964e04fcc1e340a\array.$proc$results/sv2v_output.v:118$2080'.
No latch inferred for signal `$paramod$ea9a025bc5ee84a808c2fa4f9964e04fcc1e340a\array.\data_wire[563]' from process `$paramod$ea9a025bc5ee84a808c2fa4f9964e04fcc1e340a\array.$proc$results/sv2v_output.v:118$2079'.
No latch inferred for signal `$paramod$ea9a025bc5ee84a808c2fa4f9964e04fcc1e340a\array.\data_wire[562]' from process `$paramod$ea9a025bc5ee84a808c2fa4f9964e04fcc1e340a\array.$proc$results/sv2v_output.v:118$2078'.
No latch inferred for signal `$paramod$ea9a025bc5ee84a808c2fa4f9964e04fcc1e340a\array.\data_wire[561]' from process `$paramod$ea9a025bc5ee84a808c2fa4f9964e04fcc1e340a\array.$proc$results/sv2v_output.v:118$2077'.
No latch inferred for signal `$paramod$ea9a025bc5ee84a808c2fa4f9964e04fcc1e340a\array.\data_wire[560]' from process `$paramod$ea9a025bc5ee84a808c2fa4f9964e04fcc1e340a\array.$proc$results/sv2v_output.v:118$2076'.
No latch inferred for signal `$paramod$ea9a025bc5ee84a808c2fa4f9964e04fcc1e340a\array.\data_wire[559]' from process `$paramod$ea9a025bc5ee84a808c2fa4f9964e04fcc1e340a\array.$proc$results/sv2v_output.v:118$2075'.
No latch inferred for signal `$paramod$ea9a025bc5ee84a808c2fa4f9964e04fcc1e340a\array.\data_wire[558]' from process `$paramod$ea9a025bc5ee84a808c2fa4f9964e04fcc1e340a\array.$proc$results/sv2v_output.v:118$2074'.
No latch inferred for signal `$paramod$ea9a025bc5ee84a808c2fa4f9964e04fcc1e340a\array.\data_wire[557]' from process `$paramod$ea9a025bc5ee84a808c2fa4f9964e04fcc1e340a\array.$proc$results/sv2v_output.v:118$2073'.
No latch inferred for signal `$paramod$ea9a025bc5ee84a808c2fa4f9964e04fcc1e340a\array.\data_wire[556]' from process `$paramod$ea9a025bc5ee84a808c2fa4f9964e04fcc1e340a\array.$proc$results/sv2v_output.v:118$2072'.
No latch inferred for signal `$paramod$ea9a025bc5ee84a808c2fa4f9964e04fcc1e340a\array.\data_wire[555]' from process `$paramod$ea9a025bc5ee84a808c2fa4f9964e04fcc1e340a\array.$proc$results/sv2v_output.v:118$2071'.
No latch inferred for signal `$paramod$ea9a025bc5ee84a808c2fa4f9964e04fcc1e340a\array.\data_wire[554]' from process `$paramod$ea9a025bc5ee84a808c2fa4f9964e04fcc1e340a\array.$proc$results/sv2v_output.v:118$2070'.
No latch inferred for signal `$paramod$ea9a025bc5ee84a808c2fa4f9964e04fcc1e340a\array.\data_wire[553]' from process `$paramod$ea9a025bc5ee84a808c2fa4f9964e04fcc1e340a\array.$proc$results/sv2v_output.v:118$2069'.
No latch inferred for signal `$paramod$ea9a025bc5ee84a808c2fa4f9964e04fcc1e340a\array.\data_wire[552]' from process `$paramod$ea9a025bc5ee84a808c2fa4f9964e04fcc1e340a\array.$proc$results/sv2v_output.v:118$2068'.
No latch inferred for signal `$paramod$ea9a025bc5ee84a808c2fa4f9964e04fcc1e340a\array.\data_wire[551]' from process `$paramod$ea9a025bc5ee84a808c2fa4f9964e04fcc1e340a\array.$proc$results/sv2v_output.v:118$2067'.
No latch inferred for signal `$paramod$ea9a025bc5ee84a808c2fa4f9964e04fcc1e340a\array.\data_wire[550]' from process `$paramod$ea9a025bc5ee84a808c2fa4f9964e04fcc1e340a\array.$proc$results/sv2v_output.v:118$2066'.
No latch inferred for signal `$paramod$ea9a025bc5ee84a808c2fa4f9964e04fcc1e340a\array.\data_wire[549]' from process `$paramod$ea9a025bc5ee84a808c2fa4f9964e04fcc1e340a\array.$proc$results/sv2v_output.v:118$2065'.
No latch inferred for signal `$paramod$ea9a025bc5ee84a808c2fa4f9964e04fcc1e340a\array.\data_wire[548]' from process `$paramod$ea9a025bc5ee84a808c2fa4f9964e04fcc1e340a\array.$proc$results/sv2v_output.v:118$2064'.
No latch inferred for signal `$paramod$ea9a025bc5ee84a808c2fa4f9964e04fcc1e340a\array.\data_wire[547]' from process `$paramod$ea9a025bc5ee84a808c2fa4f9964e04fcc1e340a\array.$proc$results/sv2v_output.v:118$2063'.
No latch inferred for signal `$paramod$ea9a025bc5ee84a808c2fa4f9964e04fcc1e340a\array.\data_wire[546]' from process `$paramod$ea9a025bc5ee84a808c2fa4f9964e04fcc1e340a\array.$proc$results/sv2v_output.v:118$2062'.
No latch inferred for signal `$paramod$ea9a025bc5ee84a808c2fa4f9964e04fcc1e340a\array.\data_wire[545]' from process `$paramod$ea9a025bc5ee84a808c2fa4f9964e04fcc1e340a\array.$proc$results/sv2v_output.v:118$2061'.
No latch inferred for signal `$paramod$ea9a025bc5ee84a808c2fa4f9964e04fcc1e340a\array.\data_wire[544]' from process `$paramod$ea9a025bc5ee84a808c2fa4f9964e04fcc1e340a\array.$proc$results/sv2v_output.v:118$2060'.
No latch inferred for signal `$paramod$ea9a025bc5ee84a808c2fa4f9964e04fcc1e340a\array.\data_wire[543]' from process `$paramod$ea9a025bc5ee84a808c2fa4f9964e04fcc1e340a\array.$proc$results/sv2v_output.v:118$2059'.
No latch inferred for signal `$paramod$ea9a025bc5ee84a808c2fa4f9964e04fcc1e340a\array.\data_wire[542]' from process `$paramod$ea9a025bc5ee84a808c2fa4f9964e04fcc1e340a\array.$proc$results/sv2v_output.v:118$2058'.
No latch inferred for signal `$paramod$ea9a025bc5ee84a808c2fa4f9964e04fcc1e340a\array.\data_wire[541]' from process `$paramod$ea9a025bc5ee84a808c2fa4f9964e04fcc1e340a\array.$proc$results/sv2v_output.v:118$2057'.
No latch inferred for signal `$paramod$ea9a025bc5ee84a808c2fa4f9964e04fcc1e340a\array.\data_wire[540]' from process `$paramod$ea9a025bc5ee84a808c2fa4f9964e04fcc1e340a\array.$proc$results/sv2v_output.v:118$2056'.
No latch inferred for signal `$paramod$ea9a025bc5ee84a808c2fa4f9964e04fcc1e340a\array.\data_wire[539]' from process `$paramod$ea9a025bc5ee84a808c2fa4f9964e04fcc1e340a\array.$proc$results/sv2v_output.v:118$2055'.
No latch inferred for signal `$paramod$ea9a025bc5ee84a808c2fa4f9964e04fcc1e340a\array.\data_wire[538]' from process `$paramod$ea9a025bc5ee84a808c2fa4f9964e04fcc1e340a\array.$proc$results/sv2v_output.v:118$2054'.
No latch inferred for signal `$paramod$ea9a025bc5ee84a808c2fa4f9964e04fcc1e340a\array.\data_wire[537]' from process `$paramod$ea9a025bc5ee84a808c2fa4f9964e04fcc1e340a\array.$proc$results/sv2v_output.v:118$2053'.
No latch inferred for signal `$paramod$ea9a025bc5ee84a808c2fa4f9964e04fcc1e340a\array.\data_wire[536]' from process `$paramod$ea9a025bc5ee84a808c2fa4f9964e04fcc1e340a\array.$proc$results/sv2v_output.v:118$2052'.
No latch inferred for signal `$paramod$ea9a025bc5ee84a808c2fa4f9964e04fcc1e340a\array.\data_wire[535]' from process `$paramod$ea9a025bc5ee84a808c2fa4f9964e04fcc1e340a\array.$proc$results/sv2v_output.v:118$2051'.
No latch inferred for signal `$paramod$ea9a025bc5ee84a808c2fa4f9964e04fcc1e340a\array.\data_wire[534]' from process `$paramod$ea9a025bc5ee84a808c2fa4f9964e04fcc1e340a\array.$proc$results/sv2v_output.v:118$2050'.
No latch inferred for signal `$paramod$ea9a025bc5ee84a808c2fa4f9964e04fcc1e340a\array.\data_wire[533]' from process `$paramod$ea9a025bc5ee84a808c2fa4f9964e04fcc1e340a\array.$proc$results/sv2v_output.v:118$2049'.
No latch inferred for signal `$paramod$ea9a025bc5ee84a808c2fa4f9964e04fcc1e340a\array.\data_wire[532]' from process `$paramod$ea9a025bc5ee84a808c2fa4f9964e04fcc1e340a\array.$proc$results/sv2v_output.v:118$2048'.
No latch inferred for signal `$paramod$ea9a025bc5ee84a808c2fa4f9964e04fcc1e340a\array.\data_wire[531]' from process `$paramod$ea9a025bc5ee84a808c2fa4f9964e04fcc1e340a\array.$proc$results/sv2v_output.v:118$2047'.
No latch inferred for signal `$paramod$ea9a025bc5ee84a808c2fa4f9964e04fcc1e340a\array.\data_wire[530]' from process `$paramod$ea9a025bc5ee84a808c2fa4f9964e04fcc1e340a\array.$proc$results/sv2v_output.v:118$2046'.
No latch inferred for signal `$paramod$ea9a025bc5ee84a808c2fa4f9964e04fcc1e340a\array.\data_wire[529]' from process `$paramod$ea9a025bc5ee84a808c2fa4f9964e04fcc1e340a\array.$proc$results/sv2v_output.v:118$2045'.
No latch inferred for signal `$paramod$ea9a025bc5ee84a808c2fa4f9964e04fcc1e340a\array.\data_wire[528]' from process `$paramod$ea9a025bc5ee84a808c2fa4f9964e04fcc1e340a\array.$proc$results/sv2v_output.v:118$2044'.
No latch inferred for signal `$paramod$ea9a025bc5ee84a808c2fa4f9964e04fcc1e340a\array.\data_wire[527]' from process `$paramod$ea9a025bc5ee84a808c2fa4f9964e04fcc1e340a\array.$proc$results/sv2v_output.v:118$2043'.
No latch inferred for signal `$paramod$ea9a025bc5ee84a808c2fa4f9964e04fcc1e340a\array.\data_wire[526]' from process `$paramod$ea9a025bc5ee84a808c2fa4f9964e04fcc1e340a\array.$proc$results/sv2v_output.v:118$2042'.
No latch inferred for signal `$paramod$ea9a025bc5ee84a808c2fa4f9964e04fcc1e340a\array.\data_wire[525]' from process `$paramod$ea9a025bc5ee84a808c2fa4f9964e04fcc1e340a\array.$proc$results/sv2v_output.v:118$2041'.
No latch inferred for signal `$paramod$ea9a025bc5ee84a808c2fa4f9964e04fcc1e340a\array.\data_wire[524]' from process `$paramod$ea9a025bc5ee84a808c2fa4f9964e04fcc1e340a\array.$proc$results/sv2v_output.v:118$2040'.
No latch inferred for signal `$paramod$ea9a025bc5ee84a808c2fa4f9964e04fcc1e340a\array.\data_wire[523]' from process `$paramod$ea9a025bc5ee84a808c2fa4f9964e04fcc1e340a\array.$proc$results/sv2v_output.v:118$2039'.
No latch inferred for signal `$paramod$ea9a025bc5ee84a808c2fa4f9964e04fcc1e340a\array.\data_wire[522]' from process `$paramod$ea9a025bc5ee84a808c2fa4f9964e04fcc1e340a\array.$proc$results/sv2v_output.v:118$2038'.
No latch inferred for signal `$paramod$ea9a025bc5ee84a808c2fa4f9964e04fcc1e340a\array.\data_wire[521]' from process `$paramod$ea9a025bc5ee84a808c2fa4f9964e04fcc1e340a\array.$proc$results/sv2v_output.v:118$2037'.
No latch inferred for signal `$paramod$ea9a025bc5ee84a808c2fa4f9964e04fcc1e340a\array.\data_wire[520]' from process `$paramod$ea9a025bc5ee84a808c2fa4f9964e04fcc1e340a\array.$proc$results/sv2v_output.v:118$2036'.
No latch inferred for signal `$paramod$ea9a025bc5ee84a808c2fa4f9964e04fcc1e340a\array.\data_wire[519]' from process `$paramod$ea9a025bc5ee84a808c2fa4f9964e04fcc1e340a\array.$proc$results/sv2v_output.v:118$2035'.
No latch inferred for signal `$paramod$ea9a025bc5ee84a808c2fa4f9964e04fcc1e340a\array.\data_wire[518]' from process `$paramod$ea9a025bc5ee84a808c2fa4f9964e04fcc1e340a\array.$proc$results/sv2v_output.v:118$2034'.
No latch inferred for signal `$paramod$ea9a025bc5ee84a808c2fa4f9964e04fcc1e340a\array.\data_wire[517]' from process `$paramod$ea9a025bc5ee84a808c2fa4f9964e04fcc1e340a\array.$proc$results/sv2v_output.v:118$2033'.
No latch inferred for signal `$paramod$ea9a025bc5ee84a808c2fa4f9964e04fcc1e340a\array.\data_wire[516]' from process `$paramod$ea9a025bc5ee84a808c2fa4f9964e04fcc1e340a\array.$proc$results/sv2v_output.v:118$2032'.
No latch inferred for signal `$paramod$ea9a025bc5ee84a808c2fa4f9964e04fcc1e340a\array.\data_wire[515]' from process `$paramod$ea9a025bc5ee84a808c2fa4f9964e04fcc1e340a\array.$proc$results/sv2v_output.v:118$2031'.
No latch inferred for signal `$paramod$ea9a025bc5ee84a808c2fa4f9964e04fcc1e340a\array.\data_wire[514]' from process `$paramod$ea9a025bc5ee84a808c2fa4f9964e04fcc1e340a\array.$proc$results/sv2v_output.v:118$2030'.
No latch inferred for signal `$paramod$ea9a025bc5ee84a808c2fa4f9964e04fcc1e340a\array.\data_wire[513]' from process `$paramod$ea9a025bc5ee84a808c2fa4f9964e04fcc1e340a\array.$proc$results/sv2v_output.v:118$2029'.
No latch inferred for signal `$paramod$ea9a025bc5ee84a808c2fa4f9964e04fcc1e340a\array.\data_wire[512]' from process `$paramod$ea9a025bc5ee84a808c2fa4f9964e04fcc1e340a\array.$proc$results/sv2v_output.v:118$2028'.
No latch inferred for signal `$paramod$ea9a025bc5ee84a808c2fa4f9964e04fcc1e340a\array.\data_wire[511]' from process `$paramod$ea9a025bc5ee84a808c2fa4f9964e04fcc1e340a\array.$proc$results/sv2v_output.v:118$2027'.
No latch inferred for signal `$paramod$ea9a025bc5ee84a808c2fa4f9964e04fcc1e340a\array.\data_wire[510]' from process `$paramod$ea9a025bc5ee84a808c2fa4f9964e04fcc1e340a\array.$proc$results/sv2v_output.v:118$2026'.
No latch inferred for signal `$paramod$ea9a025bc5ee84a808c2fa4f9964e04fcc1e340a\array.\data_wire[509]' from process `$paramod$ea9a025bc5ee84a808c2fa4f9964e04fcc1e340a\array.$proc$results/sv2v_output.v:118$2025'.
No latch inferred for signal `$paramod$ea9a025bc5ee84a808c2fa4f9964e04fcc1e340a\array.\data_wire[508]' from process `$paramod$ea9a025bc5ee84a808c2fa4f9964e04fcc1e340a\array.$proc$results/sv2v_output.v:118$2024'.
No latch inferred for signal `$paramod$ea9a025bc5ee84a808c2fa4f9964e04fcc1e340a\array.\data_wire[507]' from process `$paramod$ea9a025bc5ee84a808c2fa4f9964e04fcc1e340a\array.$proc$results/sv2v_output.v:118$2023'.
No latch inferred for signal `$paramod$ea9a025bc5ee84a808c2fa4f9964e04fcc1e340a\array.\data_wire[506]' from process `$paramod$ea9a025bc5ee84a808c2fa4f9964e04fcc1e340a\array.$proc$results/sv2v_output.v:118$2022'.
No latch inferred for signal `$paramod$ea9a025bc5ee84a808c2fa4f9964e04fcc1e340a\array.\data_wire[505]' from process `$paramod$ea9a025bc5ee84a808c2fa4f9964e04fcc1e340a\array.$proc$results/sv2v_output.v:118$2021'.
No latch inferred for signal `$paramod$ea9a025bc5ee84a808c2fa4f9964e04fcc1e340a\array.\data_wire[504]' from process `$paramod$ea9a025bc5ee84a808c2fa4f9964e04fcc1e340a\array.$proc$results/sv2v_output.v:118$2020'.
No latch inferred for signal `$paramod$ea9a025bc5ee84a808c2fa4f9964e04fcc1e340a\array.\data_wire[503]' from process `$paramod$ea9a025bc5ee84a808c2fa4f9964e04fcc1e340a\array.$proc$results/sv2v_output.v:118$2019'.
No latch inferred for signal `$paramod$ea9a025bc5ee84a808c2fa4f9964e04fcc1e340a\array.\data_wire[502]' from process `$paramod$ea9a025bc5ee84a808c2fa4f9964e04fcc1e340a\array.$proc$results/sv2v_output.v:118$2018'.
No latch inferred for signal `$paramod$ea9a025bc5ee84a808c2fa4f9964e04fcc1e340a\array.\data_wire[501]' from process `$paramod$ea9a025bc5ee84a808c2fa4f9964e04fcc1e340a\array.$proc$results/sv2v_output.v:118$2017'.
No latch inferred for signal `$paramod$ea9a025bc5ee84a808c2fa4f9964e04fcc1e340a\array.\data_wire[500]' from process `$paramod$ea9a025bc5ee84a808c2fa4f9964e04fcc1e340a\array.$proc$results/sv2v_output.v:118$2016'.
No latch inferred for signal `$paramod$ea9a025bc5ee84a808c2fa4f9964e04fcc1e340a\array.\data_wire[499]' from process `$paramod$ea9a025bc5ee84a808c2fa4f9964e04fcc1e340a\array.$proc$results/sv2v_output.v:118$2015'.
No latch inferred for signal `$paramod$ea9a025bc5ee84a808c2fa4f9964e04fcc1e340a\array.\data_wire[498]' from process `$paramod$ea9a025bc5ee84a808c2fa4f9964e04fcc1e340a\array.$proc$results/sv2v_output.v:118$2014'.
No latch inferred for signal `$paramod$ea9a025bc5ee84a808c2fa4f9964e04fcc1e340a\array.\data_wire[497]' from process `$paramod$ea9a025bc5ee84a808c2fa4f9964e04fcc1e340a\array.$proc$results/sv2v_output.v:118$2013'.
No latch inferred for signal `$paramod$ea9a025bc5ee84a808c2fa4f9964e04fcc1e340a\array.\data_wire[496]' from process `$paramod$ea9a025bc5ee84a808c2fa4f9964e04fcc1e340a\array.$proc$results/sv2v_output.v:118$2012'.
No latch inferred for signal `$paramod$ea9a025bc5ee84a808c2fa4f9964e04fcc1e340a\array.\data_wire[495]' from process `$paramod$ea9a025bc5ee84a808c2fa4f9964e04fcc1e340a\array.$proc$results/sv2v_output.v:118$2011'.
No latch inferred for signal `$paramod$ea9a025bc5ee84a808c2fa4f9964e04fcc1e340a\array.\data_wire[494]' from process `$paramod$ea9a025bc5ee84a808c2fa4f9964e04fcc1e340a\array.$proc$results/sv2v_output.v:118$2010'.
No latch inferred for signal `$paramod$ea9a025bc5ee84a808c2fa4f9964e04fcc1e340a\array.\data_wire[493]' from process `$paramod$ea9a025bc5ee84a808c2fa4f9964e04fcc1e340a\array.$proc$results/sv2v_output.v:118$2009'.
No latch inferred for signal `$paramod$ea9a025bc5ee84a808c2fa4f9964e04fcc1e340a\array.\data_wire[492]' from process `$paramod$ea9a025bc5ee84a808c2fa4f9964e04fcc1e340a\array.$proc$results/sv2v_output.v:118$2008'.
No latch inferred for signal `$paramod$ea9a025bc5ee84a808c2fa4f9964e04fcc1e340a\array.\data_wire[491]' from process `$paramod$ea9a025bc5ee84a808c2fa4f9964e04fcc1e340a\array.$proc$results/sv2v_output.v:118$2007'.
No latch inferred for signal `$paramod$ea9a025bc5ee84a808c2fa4f9964e04fcc1e340a\array.\data_wire[490]' from process `$paramod$ea9a025bc5ee84a808c2fa4f9964e04fcc1e340a\array.$proc$results/sv2v_output.v:118$2006'.
No latch inferred for signal `$paramod$ea9a025bc5ee84a808c2fa4f9964e04fcc1e340a\array.\data_wire[489]' from process `$paramod$ea9a025bc5ee84a808c2fa4f9964e04fcc1e340a\array.$proc$results/sv2v_output.v:118$2005'.
No latch inferred for signal `$paramod$ea9a025bc5ee84a808c2fa4f9964e04fcc1e340a\array.\data_wire[488]' from process `$paramod$ea9a025bc5ee84a808c2fa4f9964e04fcc1e340a\array.$proc$results/sv2v_output.v:118$2004'.
No latch inferred for signal `$paramod$ea9a025bc5ee84a808c2fa4f9964e04fcc1e340a\array.\data_wire[487]' from process `$paramod$ea9a025bc5ee84a808c2fa4f9964e04fcc1e340a\array.$proc$results/sv2v_output.v:118$2003'.
No latch inferred for signal `$paramod$ea9a025bc5ee84a808c2fa4f9964e04fcc1e340a\array.\data_wire[486]' from process `$paramod$ea9a025bc5ee84a808c2fa4f9964e04fcc1e340a\array.$proc$results/sv2v_output.v:118$2002'.
No latch inferred for signal `$paramod$ea9a025bc5ee84a808c2fa4f9964e04fcc1e340a\array.\data_wire[485]' from process `$paramod$ea9a025bc5ee84a808c2fa4f9964e04fcc1e340a\array.$proc$results/sv2v_output.v:118$2001'.
No latch inferred for signal `$paramod$ea9a025bc5ee84a808c2fa4f9964e04fcc1e340a\array.\data_wire[484]' from process `$paramod$ea9a025bc5ee84a808c2fa4f9964e04fcc1e340a\array.$proc$results/sv2v_output.v:118$2000'.
No latch inferred for signal `$paramod$ea9a025bc5ee84a808c2fa4f9964e04fcc1e340a\array.\data_wire[483]' from process `$paramod$ea9a025bc5ee84a808c2fa4f9964e04fcc1e340a\array.$proc$results/sv2v_output.v:118$1999'.
No latch inferred for signal `$paramod$ea9a025bc5ee84a808c2fa4f9964e04fcc1e340a\array.\data_wire[482]' from process `$paramod$ea9a025bc5ee84a808c2fa4f9964e04fcc1e340a\array.$proc$results/sv2v_output.v:118$1998'.
No latch inferred for signal `$paramod$ea9a025bc5ee84a808c2fa4f9964e04fcc1e340a\array.\data_wire[481]' from process `$paramod$ea9a025bc5ee84a808c2fa4f9964e04fcc1e340a\array.$proc$results/sv2v_output.v:118$1997'.
No latch inferred for signal `$paramod$ea9a025bc5ee84a808c2fa4f9964e04fcc1e340a\array.\data_wire[480]' from process `$paramod$ea9a025bc5ee84a808c2fa4f9964e04fcc1e340a\array.$proc$results/sv2v_output.v:118$1996'.
No latch inferred for signal `$paramod$ea9a025bc5ee84a808c2fa4f9964e04fcc1e340a\array.\data_wire[479]' from process `$paramod$ea9a025bc5ee84a808c2fa4f9964e04fcc1e340a\array.$proc$results/sv2v_output.v:118$1995'.
No latch inferred for signal `$paramod$ea9a025bc5ee84a808c2fa4f9964e04fcc1e340a\array.\data_wire[478]' from process `$paramod$ea9a025bc5ee84a808c2fa4f9964e04fcc1e340a\array.$proc$results/sv2v_output.v:118$1994'.
No latch inferred for signal `$paramod$ea9a025bc5ee84a808c2fa4f9964e04fcc1e340a\array.\data_wire[477]' from process `$paramod$ea9a025bc5ee84a808c2fa4f9964e04fcc1e340a\array.$proc$results/sv2v_output.v:118$1993'.
No latch inferred for signal `$paramod$ea9a025bc5ee84a808c2fa4f9964e04fcc1e340a\array.\data_wire[476]' from process `$paramod$ea9a025bc5ee84a808c2fa4f9964e04fcc1e340a\array.$proc$results/sv2v_output.v:118$1992'.
No latch inferred for signal `$paramod$ea9a025bc5ee84a808c2fa4f9964e04fcc1e340a\array.\data_wire[475]' from process `$paramod$ea9a025bc5ee84a808c2fa4f9964e04fcc1e340a\array.$proc$results/sv2v_output.v:118$1991'.
No latch inferred for signal `$paramod$ea9a025bc5ee84a808c2fa4f9964e04fcc1e340a\array.\data_wire[474]' from process `$paramod$ea9a025bc5ee84a808c2fa4f9964e04fcc1e340a\array.$proc$results/sv2v_output.v:118$1990'.
No latch inferred for signal `$paramod$ea9a025bc5ee84a808c2fa4f9964e04fcc1e340a\array.\data_wire[473]' from process `$paramod$ea9a025bc5ee84a808c2fa4f9964e04fcc1e340a\array.$proc$results/sv2v_output.v:118$1989'.
No latch inferred for signal `$paramod$ea9a025bc5ee84a808c2fa4f9964e04fcc1e340a\array.\data_wire[472]' from process `$paramod$ea9a025bc5ee84a808c2fa4f9964e04fcc1e340a\array.$proc$results/sv2v_output.v:118$1988'.
No latch inferred for signal `$paramod$ea9a025bc5ee84a808c2fa4f9964e04fcc1e340a\array.\data_wire[471]' from process `$paramod$ea9a025bc5ee84a808c2fa4f9964e04fcc1e340a\array.$proc$results/sv2v_output.v:118$1987'.
No latch inferred for signal `$paramod$ea9a025bc5ee84a808c2fa4f9964e04fcc1e340a\array.\data_wire[470]' from process `$paramod$ea9a025bc5ee84a808c2fa4f9964e04fcc1e340a\array.$proc$results/sv2v_output.v:118$1986'.
No latch inferred for signal `$paramod$ea9a025bc5ee84a808c2fa4f9964e04fcc1e340a\array.\data_wire[469]' from process `$paramod$ea9a025bc5ee84a808c2fa4f9964e04fcc1e340a\array.$proc$results/sv2v_output.v:118$1985'.
No latch inferred for signal `$paramod$ea9a025bc5ee84a808c2fa4f9964e04fcc1e340a\array.\data_wire[468]' from process `$paramod$ea9a025bc5ee84a808c2fa4f9964e04fcc1e340a\array.$proc$results/sv2v_output.v:118$1984'.
No latch inferred for signal `$paramod$ea9a025bc5ee84a808c2fa4f9964e04fcc1e340a\array.\data_wire[467]' from process `$paramod$ea9a025bc5ee84a808c2fa4f9964e04fcc1e340a\array.$proc$results/sv2v_output.v:118$1983'.
No latch inferred for signal `$paramod$ea9a025bc5ee84a808c2fa4f9964e04fcc1e340a\array.\data_wire[466]' from process `$paramod$ea9a025bc5ee84a808c2fa4f9964e04fcc1e340a\array.$proc$results/sv2v_output.v:118$1982'.
No latch inferred for signal `$paramod$ea9a025bc5ee84a808c2fa4f9964e04fcc1e340a\array.\data_wire[465]' from process `$paramod$ea9a025bc5ee84a808c2fa4f9964e04fcc1e340a\array.$proc$results/sv2v_output.v:118$1981'.
No latch inferred for signal `$paramod$ea9a025bc5ee84a808c2fa4f9964e04fcc1e340a\array.\data_wire[464]' from process `$paramod$ea9a025bc5ee84a808c2fa4f9964e04fcc1e340a\array.$proc$results/sv2v_output.v:118$1980'.
No latch inferred for signal `$paramod$ea9a025bc5ee84a808c2fa4f9964e04fcc1e340a\array.\data_wire[463]' from process `$paramod$ea9a025bc5ee84a808c2fa4f9964e04fcc1e340a\array.$proc$results/sv2v_output.v:118$1979'.
No latch inferred for signal `$paramod$ea9a025bc5ee84a808c2fa4f9964e04fcc1e340a\array.\data_wire[462]' from process `$paramod$ea9a025bc5ee84a808c2fa4f9964e04fcc1e340a\array.$proc$results/sv2v_output.v:118$1978'.
No latch inferred for signal `$paramod$ea9a025bc5ee84a808c2fa4f9964e04fcc1e340a\array.\data_wire[461]' from process `$paramod$ea9a025bc5ee84a808c2fa4f9964e04fcc1e340a\array.$proc$results/sv2v_output.v:118$1977'.
No latch inferred for signal `$paramod$ea9a025bc5ee84a808c2fa4f9964e04fcc1e340a\array.\data_wire[460]' from process `$paramod$ea9a025bc5ee84a808c2fa4f9964e04fcc1e340a\array.$proc$results/sv2v_output.v:118$1976'.
No latch inferred for signal `$paramod$ea9a025bc5ee84a808c2fa4f9964e04fcc1e340a\array.\data_wire[459]' from process `$paramod$ea9a025bc5ee84a808c2fa4f9964e04fcc1e340a\array.$proc$results/sv2v_output.v:118$1975'.
No latch inferred for signal `$paramod$ea9a025bc5ee84a808c2fa4f9964e04fcc1e340a\array.\data_wire[458]' from process `$paramod$ea9a025bc5ee84a808c2fa4f9964e04fcc1e340a\array.$proc$results/sv2v_output.v:118$1974'.
No latch inferred for signal `$paramod$ea9a025bc5ee84a808c2fa4f9964e04fcc1e340a\array.\data_wire[457]' from process `$paramod$ea9a025bc5ee84a808c2fa4f9964e04fcc1e340a\array.$proc$results/sv2v_output.v:118$1973'.
No latch inferred for signal `$paramod$ea9a025bc5ee84a808c2fa4f9964e04fcc1e340a\array.\data_wire[456]' from process `$paramod$ea9a025bc5ee84a808c2fa4f9964e04fcc1e340a\array.$proc$results/sv2v_output.v:118$1972'.
No latch inferred for signal `$paramod$ea9a025bc5ee84a808c2fa4f9964e04fcc1e340a\array.\data_wire[455]' from process `$paramod$ea9a025bc5ee84a808c2fa4f9964e04fcc1e340a\array.$proc$results/sv2v_output.v:118$1971'.
No latch inferred for signal `$paramod$ea9a025bc5ee84a808c2fa4f9964e04fcc1e340a\array.\data_wire[454]' from process `$paramod$ea9a025bc5ee84a808c2fa4f9964e04fcc1e340a\array.$proc$results/sv2v_output.v:118$1970'.
No latch inferred for signal `$paramod$ea9a025bc5ee84a808c2fa4f9964e04fcc1e340a\array.\data_wire[453]' from process `$paramod$ea9a025bc5ee84a808c2fa4f9964e04fcc1e340a\array.$proc$results/sv2v_output.v:118$1969'.
No latch inferred for signal `$paramod$ea9a025bc5ee84a808c2fa4f9964e04fcc1e340a\array.\data_wire[452]' from process `$paramod$ea9a025bc5ee84a808c2fa4f9964e04fcc1e340a\array.$proc$results/sv2v_output.v:118$1968'.
No latch inferred for signal `$paramod$ea9a025bc5ee84a808c2fa4f9964e04fcc1e340a\array.\data_wire[451]' from process `$paramod$ea9a025bc5ee84a808c2fa4f9964e04fcc1e340a\array.$proc$results/sv2v_output.v:118$1967'.
No latch inferred for signal `$paramod$ea9a025bc5ee84a808c2fa4f9964e04fcc1e340a\array.\data_wire[450]' from process `$paramod$ea9a025bc5ee84a808c2fa4f9964e04fcc1e340a\array.$proc$results/sv2v_output.v:118$1966'.
No latch inferred for signal `$paramod$ea9a025bc5ee84a808c2fa4f9964e04fcc1e340a\array.\data_wire[449]' from process `$paramod$ea9a025bc5ee84a808c2fa4f9964e04fcc1e340a\array.$proc$results/sv2v_output.v:118$1965'.
No latch inferred for signal `$paramod$ea9a025bc5ee84a808c2fa4f9964e04fcc1e340a\array.\data_wire[448]' from process `$paramod$ea9a025bc5ee84a808c2fa4f9964e04fcc1e340a\array.$proc$results/sv2v_output.v:118$1964'.
No latch inferred for signal `$paramod$ea9a025bc5ee84a808c2fa4f9964e04fcc1e340a\array.\data_wire[447]' from process `$paramod$ea9a025bc5ee84a808c2fa4f9964e04fcc1e340a\array.$proc$results/sv2v_output.v:118$1963'.
No latch inferred for signal `$paramod$ea9a025bc5ee84a808c2fa4f9964e04fcc1e340a\array.\data_wire[446]' from process `$paramod$ea9a025bc5ee84a808c2fa4f9964e04fcc1e340a\array.$proc$results/sv2v_output.v:118$1962'.
No latch inferred for signal `$paramod$ea9a025bc5ee84a808c2fa4f9964e04fcc1e340a\array.\data_wire[445]' from process `$paramod$ea9a025bc5ee84a808c2fa4f9964e04fcc1e340a\array.$proc$results/sv2v_output.v:118$1961'.
No latch inferred for signal `$paramod$ea9a025bc5ee84a808c2fa4f9964e04fcc1e340a\array.\data_wire[444]' from process `$paramod$ea9a025bc5ee84a808c2fa4f9964e04fcc1e340a\array.$proc$results/sv2v_output.v:118$1960'.
No latch inferred for signal `$paramod$ea9a025bc5ee84a808c2fa4f9964e04fcc1e340a\array.\data_wire[443]' from process `$paramod$ea9a025bc5ee84a808c2fa4f9964e04fcc1e340a\array.$proc$results/sv2v_output.v:118$1959'.
No latch inferred for signal `$paramod$ea9a025bc5ee84a808c2fa4f9964e04fcc1e340a\array.\data_wire[442]' from process `$paramod$ea9a025bc5ee84a808c2fa4f9964e04fcc1e340a\array.$proc$results/sv2v_output.v:118$1958'.
No latch inferred for signal `$paramod$ea9a025bc5ee84a808c2fa4f9964e04fcc1e340a\array.\data_wire[441]' from process `$paramod$ea9a025bc5ee84a808c2fa4f9964e04fcc1e340a\array.$proc$results/sv2v_output.v:118$1957'.
No latch inferred for signal `$paramod$ea9a025bc5ee84a808c2fa4f9964e04fcc1e340a\array.\data_wire[440]' from process `$paramod$ea9a025bc5ee84a808c2fa4f9964e04fcc1e340a\array.$proc$results/sv2v_output.v:118$1956'.
No latch inferred for signal `$paramod$ea9a025bc5ee84a808c2fa4f9964e04fcc1e340a\array.\data_wire[439]' from process `$paramod$ea9a025bc5ee84a808c2fa4f9964e04fcc1e340a\array.$proc$results/sv2v_output.v:118$1955'.
No latch inferred for signal `$paramod$ea9a025bc5ee84a808c2fa4f9964e04fcc1e340a\array.\data_wire[438]' from process `$paramod$ea9a025bc5ee84a808c2fa4f9964e04fcc1e340a\array.$proc$results/sv2v_output.v:118$1954'.
No latch inferred for signal `$paramod$ea9a025bc5ee84a808c2fa4f9964e04fcc1e340a\array.\data_wire[437]' from process `$paramod$ea9a025bc5ee84a808c2fa4f9964e04fcc1e340a\array.$proc$results/sv2v_output.v:118$1953'.
No latch inferred for signal `$paramod$ea9a025bc5ee84a808c2fa4f9964e04fcc1e340a\array.\data_wire[436]' from process `$paramod$ea9a025bc5ee84a808c2fa4f9964e04fcc1e340a\array.$proc$results/sv2v_output.v:118$1952'.
No latch inferred for signal `$paramod$ea9a025bc5ee84a808c2fa4f9964e04fcc1e340a\array.\data_wire[435]' from process `$paramod$ea9a025bc5ee84a808c2fa4f9964e04fcc1e340a\array.$proc$results/sv2v_output.v:118$1951'.
No latch inferred for signal `$paramod$ea9a025bc5ee84a808c2fa4f9964e04fcc1e340a\array.\data_wire[434]' from process `$paramod$ea9a025bc5ee84a808c2fa4f9964e04fcc1e340a\array.$proc$results/sv2v_output.v:118$1950'.
No latch inferred for signal `$paramod$ea9a025bc5ee84a808c2fa4f9964e04fcc1e340a\array.\data_wire[433]' from process `$paramod$ea9a025bc5ee84a808c2fa4f9964e04fcc1e340a\array.$proc$results/sv2v_output.v:118$1949'.
No latch inferred for signal `$paramod$ea9a025bc5ee84a808c2fa4f9964e04fcc1e340a\array.\data_wire[432]' from process `$paramod$ea9a025bc5ee84a808c2fa4f9964e04fcc1e340a\array.$proc$results/sv2v_output.v:118$1948'.
No latch inferred for signal `$paramod$ea9a025bc5ee84a808c2fa4f9964e04fcc1e340a\array.\data_wire[431]' from process `$paramod$ea9a025bc5ee84a808c2fa4f9964e04fcc1e340a\array.$proc$results/sv2v_output.v:118$1947'.
No latch inferred for signal `$paramod$ea9a025bc5ee84a808c2fa4f9964e04fcc1e340a\array.\data_wire[430]' from process `$paramod$ea9a025bc5ee84a808c2fa4f9964e04fcc1e340a\array.$proc$results/sv2v_output.v:118$1946'.
No latch inferred for signal `$paramod$ea9a025bc5ee84a808c2fa4f9964e04fcc1e340a\array.\data_wire[429]' from process `$paramod$ea9a025bc5ee84a808c2fa4f9964e04fcc1e340a\array.$proc$results/sv2v_output.v:118$1945'.
No latch inferred for signal `$paramod$ea9a025bc5ee84a808c2fa4f9964e04fcc1e340a\array.\data_wire[428]' from process `$paramod$ea9a025bc5ee84a808c2fa4f9964e04fcc1e340a\array.$proc$results/sv2v_output.v:118$1944'.
No latch inferred for signal `$paramod$ea9a025bc5ee84a808c2fa4f9964e04fcc1e340a\array.\data_wire[427]' from process `$paramod$ea9a025bc5ee84a808c2fa4f9964e04fcc1e340a\array.$proc$results/sv2v_output.v:118$1943'.
No latch inferred for signal `$paramod$ea9a025bc5ee84a808c2fa4f9964e04fcc1e340a\array.\data_wire[426]' from process `$paramod$ea9a025bc5ee84a808c2fa4f9964e04fcc1e340a\array.$proc$results/sv2v_output.v:118$1942'.
No latch inferred for signal `$paramod$ea9a025bc5ee84a808c2fa4f9964e04fcc1e340a\array.\data_wire[425]' from process `$paramod$ea9a025bc5ee84a808c2fa4f9964e04fcc1e340a\array.$proc$results/sv2v_output.v:118$1941'.
No latch inferred for signal `$paramod$ea9a025bc5ee84a808c2fa4f9964e04fcc1e340a\array.\data_wire[424]' from process `$paramod$ea9a025bc5ee84a808c2fa4f9964e04fcc1e340a\array.$proc$results/sv2v_output.v:118$1940'.
No latch inferred for signal `$paramod$ea9a025bc5ee84a808c2fa4f9964e04fcc1e340a\array.\data_wire[423]' from process `$paramod$ea9a025bc5ee84a808c2fa4f9964e04fcc1e340a\array.$proc$results/sv2v_output.v:118$1939'.
No latch inferred for signal `$paramod$ea9a025bc5ee84a808c2fa4f9964e04fcc1e340a\array.\data_wire[422]' from process `$paramod$ea9a025bc5ee84a808c2fa4f9964e04fcc1e340a\array.$proc$results/sv2v_output.v:118$1938'.
No latch inferred for signal `$paramod$ea9a025bc5ee84a808c2fa4f9964e04fcc1e340a\array.\data_wire[421]' from process `$paramod$ea9a025bc5ee84a808c2fa4f9964e04fcc1e340a\array.$proc$results/sv2v_output.v:118$1937'.
No latch inferred for signal `$paramod$ea9a025bc5ee84a808c2fa4f9964e04fcc1e340a\array.\data_wire[420]' from process `$paramod$ea9a025bc5ee84a808c2fa4f9964e04fcc1e340a\array.$proc$results/sv2v_output.v:118$1936'.
No latch inferred for signal `$paramod$ea9a025bc5ee84a808c2fa4f9964e04fcc1e340a\array.\data_wire[419]' from process `$paramod$ea9a025bc5ee84a808c2fa4f9964e04fcc1e340a\array.$proc$results/sv2v_output.v:118$1935'.
No latch inferred for signal `$paramod$ea9a025bc5ee84a808c2fa4f9964e04fcc1e340a\array.\data_wire[418]' from process `$paramod$ea9a025bc5ee84a808c2fa4f9964e04fcc1e340a\array.$proc$results/sv2v_output.v:118$1934'.
No latch inferred for signal `$paramod$ea9a025bc5ee84a808c2fa4f9964e04fcc1e340a\array.\data_wire[417]' from process `$paramod$ea9a025bc5ee84a808c2fa4f9964e04fcc1e340a\array.$proc$results/sv2v_output.v:118$1933'.
No latch inferred for signal `$paramod$ea9a025bc5ee84a808c2fa4f9964e04fcc1e340a\array.\data_wire[416]' from process `$paramod$ea9a025bc5ee84a808c2fa4f9964e04fcc1e340a\array.$proc$results/sv2v_output.v:118$1932'.
No latch inferred for signal `$paramod$ea9a025bc5ee84a808c2fa4f9964e04fcc1e340a\array.\data_wire[415]' from process `$paramod$ea9a025bc5ee84a808c2fa4f9964e04fcc1e340a\array.$proc$results/sv2v_output.v:118$1931'.
No latch inferred for signal `$paramod$ea9a025bc5ee84a808c2fa4f9964e04fcc1e340a\array.\data_wire[414]' from process `$paramod$ea9a025bc5ee84a808c2fa4f9964e04fcc1e340a\array.$proc$results/sv2v_output.v:118$1930'.
No latch inferred for signal `$paramod$ea9a025bc5ee84a808c2fa4f9964e04fcc1e340a\array.\data_wire[413]' from process `$paramod$ea9a025bc5ee84a808c2fa4f9964e04fcc1e340a\array.$proc$results/sv2v_output.v:118$1929'.
No latch inferred for signal `$paramod$ea9a025bc5ee84a808c2fa4f9964e04fcc1e340a\array.\data_wire[412]' from process `$paramod$ea9a025bc5ee84a808c2fa4f9964e04fcc1e340a\array.$proc$results/sv2v_output.v:118$1928'.
No latch inferred for signal `$paramod$ea9a025bc5ee84a808c2fa4f9964e04fcc1e340a\array.\data_wire[411]' from process `$paramod$ea9a025bc5ee84a808c2fa4f9964e04fcc1e340a\array.$proc$results/sv2v_output.v:118$1927'.
No latch inferred for signal `$paramod$ea9a025bc5ee84a808c2fa4f9964e04fcc1e340a\array.\data_wire[410]' from process `$paramod$ea9a025bc5ee84a808c2fa4f9964e04fcc1e340a\array.$proc$results/sv2v_output.v:118$1926'.
No latch inferred for signal `$paramod$ea9a025bc5ee84a808c2fa4f9964e04fcc1e340a\array.\data_wire[409]' from process `$paramod$ea9a025bc5ee84a808c2fa4f9964e04fcc1e340a\array.$proc$results/sv2v_output.v:118$1925'.
No latch inferred for signal `$paramod$ea9a025bc5ee84a808c2fa4f9964e04fcc1e340a\array.\data_wire[408]' from process `$paramod$ea9a025bc5ee84a808c2fa4f9964e04fcc1e340a\array.$proc$results/sv2v_output.v:118$1924'.
No latch inferred for signal `$paramod$ea9a025bc5ee84a808c2fa4f9964e04fcc1e340a\array.\data_wire[407]' from process `$paramod$ea9a025bc5ee84a808c2fa4f9964e04fcc1e340a\array.$proc$results/sv2v_output.v:118$1923'.
No latch inferred for signal `$paramod$ea9a025bc5ee84a808c2fa4f9964e04fcc1e340a\array.\data_wire[406]' from process `$paramod$ea9a025bc5ee84a808c2fa4f9964e04fcc1e340a\array.$proc$results/sv2v_output.v:118$1922'.
No latch inferred for signal `$paramod$ea9a025bc5ee84a808c2fa4f9964e04fcc1e340a\array.\data_wire[405]' from process `$paramod$ea9a025bc5ee84a808c2fa4f9964e04fcc1e340a\array.$proc$results/sv2v_output.v:118$1921'.
No latch inferred for signal `$paramod$ea9a025bc5ee84a808c2fa4f9964e04fcc1e340a\array.\data_wire[404]' from process `$paramod$ea9a025bc5ee84a808c2fa4f9964e04fcc1e340a\array.$proc$results/sv2v_output.v:118$1920'.
No latch inferred for signal `$paramod$ea9a025bc5ee84a808c2fa4f9964e04fcc1e340a\array.\data_wire[403]' from process `$paramod$ea9a025bc5ee84a808c2fa4f9964e04fcc1e340a\array.$proc$results/sv2v_output.v:118$1919'.
No latch inferred for signal `$paramod$ea9a025bc5ee84a808c2fa4f9964e04fcc1e340a\array.\data_wire[402]' from process `$paramod$ea9a025bc5ee84a808c2fa4f9964e04fcc1e340a\array.$proc$results/sv2v_output.v:118$1918'.
No latch inferred for signal `$paramod$ea9a025bc5ee84a808c2fa4f9964e04fcc1e340a\array.\data_wire[401]' from process `$paramod$ea9a025bc5ee84a808c2fa4f9964e04fcc1e340a\array.$proc$results/sv2v_output.v:118$1917'.
No latch inferred for signal `$paramod$ea9a025bc5ee84a808c2fa4f9964e04fcc1e340a\array.\data_wire[400]' from process `$paramod$ea9a025bc5ee84a808c2fa4f9964e04fcc1e340a\array.$proc$results/sv2v_output.v:118$1916'.
No latch inferred for signal `$paramod$ea9a025bc5ee84a808c2fa4f9964e04fcc1e340a\array.\data_wire[399]' from process `$paramod$ea9a025bc5ee84a808c2fa4f9964e04fcc1e340a\array.$proc$results/sv2v_output.v:118$1915'.
No latch inferred for signal `$paramod$ea9a025bc5ee84a808c2fa4f9964e04fcc1e340a\array.\data_wire[398]' from process `$paramod$ea9a025bc5ee84a808c2fa4f9964e04fcc1e340a\array.$proc$results/sv2v_output.v:118$1914'.
No latch inferred for signal `$paramod$ea9a025bc5ee84a808c2fa4f9964e04fcc1e340a\array.\data_wire[397]' from process `$paramod$ea9a025bc5ee84a808c2fa4f9964e04fcc1e340a\array.$proc$results/sv2v_output.v:118$1913'.
No latch inferred for signal `$paramod$ea9a025bc5ee84a808c2fa4f9964e04fcc1e340a\array.\data_wire[396]' from process `$paramod$ea9a025bc5ee84a808c2fa4f9964e04fcc1e340a\array.$proc$results/sv2v_output.v:118$1912'.
No latch inferred for signal `$paramod$ea9a025bc5ee84a808c2fa4f9964e04fcc1e340a\array.\data_wire[395]' from process `$paramod$ea9a025bc5ee84a808c2fa4f9964e04fcc1e340a\array.$proc$results/sv2v_output.v:118$1911'.
No latch inferred for signal `$paramod$ea9a025bc5ee84a808c2fa4f9964e04fcc1e340a\array.\data_wire[394]' from process `$paramod$ea9a025bc5ee84a808c2fa4f9964e04fcc1e340a\array.$proc$results/sv2v_output.v:118$1910'.
No latch inferred for signal `$paramod$ea9a025bc5ee84a808c2fa4f9964e04fcc1e340a\array.\data_wire[393]' from process `$paramod$ea9a025bc5ee84a808c2fa4f9964e04fcc1e340a\array.$proc$results/sv2v_output.v:118$1909'.
No latch inferred for signal `$paramod$ea9a025bc5ee84a808c2fa4f9964e04fcc1e340a\array.\data_wire[392]' from process `$paramod$ea9a025bc5ee84a808c2fa4f9964e04fcc1e340a\array.$proc$results/sv2v_output.v:118$1908'.
No latch inferred for signal `$paramod$ea9a025bc5ee84a808c2fa4f9964e04fcc1e340a\array.\data_wire[391]' from process `$paramod$ea9a025bc5ee84a808c2fa4f9964e04fcc1e340a\array.$proc$results/sv2v_output.v:118$1907'.
No latch inferred for signal `$paramod$ea9a025bc5ee84a808c2fa4f9964e04fcc1e340a\array.\data_wire[390]' from process `$paramod$ea9a025bc5ee84a808c2fa4f9964e04fcc1e340a\array.$proc$results/sv2v_output.v:118$1906'.
No latch inferred for signal `$paramod$ea9a025bc5ee84a808c2fa4f9964e04fcc1e340a\array.\data_wire[389]' from process `$paramod$ea9a025bc5ee84a808c2fa4f9964e04fcc1e340a\array.$proc$results/sv2v_output.v:118$1905'.
No latch inferred for signal `$paramod$ea9a025bc5ee84a808c2fa4f9964e04fcc1e340a\array.\data_wire[388]' from process `$paramod$ea9a025bc5ee84a808c2fa4f9964e04fcc1e340a\array.$proc$results/sv2v_output.v:118$1904'.
No latch inferred for signal `$paramod$ea9a025bc5ee84a808c2fa4f9964e04fcc1e340a\array.\data_wire[387]' from process `$paramod$ea9a025bc5ee84a808c2fa4f9964e04fcc1e340a\array.$proc$results/sv2v_output.v:118$1903'.
No latch inferred for signal `$paramod$ea9a025bc5ee84a808c2fa4f9964e04fcc1e340a\array.\data_wire[386]' from process `$paramod$ea9a025bc5ee84a808c2fa4f9964e04fcc1e340a\array.$proc$results/sv2v_output.v:118$1902'.
No latch inferred for signal `$paramod$ea9a025bc5ee84a808c2fa4f9964e04fcc1e340a\array.\data_wire[385]' from process `$paramod$ea9a025bc5ee84a808c2fa4f9964e04fcc1e340a\array.$proc$results/sv2v_output.v:118$1901'.
No latch inferred for signal `$paramod$ea9a025bc5ee84a808c2fa4f9964e04fcc1e340a\array.\data_wire[384]' from process `$paramod$ea9a025bc5ee84a808c2fa4f9964e04fcc1e340a\array.$proc$results/sv2v_output.v:118$1900'.
No latch inferred for signal `$paramod$ea9a025bc5ee84a808c2fa4f9964e04fcc1e340a\array.\data_wire[383]' from process `$paramod$ea9a025bc5ee84a808c2fa4f9964e04fcc1e340a\array.$proc$results/sv2v_output.v:118$1899'.
No latch inferred for signal `$paramod$ea9a025bc5ee84a808c2fa4f9964e04fcc1e340a\array.\data_wire[382]' from process `$paramod$ea9a025bc5ee84a808c2fa4f9964e04fcc1e340a\array.$proc$results/sv2v_output.v:118$1898'.
No latch inferred for signal `$paramod$ea9a025bc5ee84a808c2fa4f9964e04fcc1e340a\array.\data_wire[381]' from process `$paramod$ea9a025bc5ee84a808c2fa4f9964e04fcc1e340a\array.$proc$results/sv2v_output.v:118$1897'.
No latch inferred for signal `$paramod$ea9a025bc5ee84a808c2fa4f9964e04fcc1e340a\array.\data_wire[380]' from process `$paramod$ea9a025bc5ee84a808c2fa4f9964e04fcc1e340a\array.$proc$results/sv2v_output.v:118$1896'.
No latch inferred for signal `$paramod$ea9a025bc5ee84a808c2fa4f9964e04fcc1e340a\array.\data_wire[379]' from process `$paramod$ea9a025bc5ee84a808c2fa4f9964e04fcc1e340a\array.$proc$results/sv2v_output.v:118$1895'.
No latch inferred for signal `$paramod$ea9a025bc5ee84a808c2fa4f9964e04fcc1e340a\array.\data_wire[378]' from process `$paramod$ea9a025bc5ee84a808c2fa4f9964e04fcc1e340a\array.$proc$results/sv2v_output.v:118$1894'.
No latch inferred for signal `$paramod$ea9a025bc5ee84a808c2fa4f9964e04fcc1e340a\array.\data_wire[377]' from process `$paramod$ea9a025bc5ee84a808c2fa4f9964e04fcc1e340a\array.$proc$results/sv2v_output.v:118$1893'.
No latch inferred for signal `$paramod$ea9a025bc5ee84a808c2fa4f9964e04fcc1e340a\array.\data_wire[376]' from process `$paramod$ea9a025bc5ee84a808c2fa4f9964e04fcc1e340a\array.$proc$results/sv2v_output.v:118$1892'.
No latch inferred for signal `$paramod$ea9a025bc5ee84a808c2fa4f9964e04fcc1e340a\array.\data_wire[375]' from process `$paramod$ea9a025bc5ee84a808c2fa4f9964e04fcc1e340a\array.$proc$results/sv2v_output.v:118$1891'.
No latch inferred for signal `$paramod$ea9a025bc5ee84a808c2fa4f9964e04fcc1e340a\array.\data_wire[374]' from process `$paramod$ea9a025bc5ee84a808c2fa4f9964e04fcc1e340a\array.$proc$results/sv2v_output.v:118$1890'.
No latch inferred for signal `$paramod$ea9a025bc5ee84a808c2fa4f9964e04fcc1e340a\array.\data_wire[373]' from process `$paramod$ea9a025bc5ee84a808c2fa4f9964e04fcc1e340a\array.$proc$results/sv2v_output.v:118$1889'.
No latch inferred for signal `$paramod$ea9a025bc5ee84a808c2fa4f9964e04fcc1e340a\array.\data_wire[372]' from process `$paramod$ea9a025bc5ee84a808c2fa4f9964e04fcc1e340a\array.$proc$results/sv2v_output.v:118$1888'.
No latch inferred for signal `$paramod$ea9a025bc5ee84a808c2fa4f9964e04fcc1e340a\array.\data_wire[371]' from process `$paramod$ea9a025bc5ee84a808c2fa4f9964e04fcc1e340a\array.$proc$results/sv2v_output.v:118$1887'.
No latch inferred for signal `$paramod$ea9a025bc5ee84a808c2fa4f9964e04fcc1e340a\array.\data_wire[370]' from process `$paramod$ea9a025bc5ee84a808c2fa4f9964e04fcc1e340a\array.$proc$results/sv2v_output.v:118$1886'.
No latch inferred for signal `$paramod$ea9a025bc5ee84a808c2fa4f9964e04fcc1e340a\array.\data_wire[369]' from process `$paramod$ea9a025bc5ee84a808c2fa4f9964e04fcc1e340a\array.$proc$results/sv2v_output.v:118$1885'.
No latch inferred for signal `$paramod$ea9a025bc5ee84a808c2fa4f9964e04fcc1e340a\array.\data_wire[368]' from process `$paramod$ea9a025bc5ee84a808c2fa4f9964e04fcc1e340a\array.$proc$results/sv2v_output.v:118$1884'.
No latch inferred for signal `$paramod$ea9a025bc5ee84a808c2fa4f9964e04fcc1e340a\array.\data_wire[367]' from process `$paramod$ea9a025bc5ee84a808c2fa4f9964e04fcc1e340a\array.$proc$results/sv2v_output.v:118$1883'.
No latch inferred for signal `$paramod$ea9a025bc5ee84a808c2fa4f9964e04fcc1e340a\array.\data_wire[366]' from process `$paramod$ea9a025bc5ee84a808c2fa4f9964e04fcc1e340a\array.$proc$results/sv2v_output.v:118$1882'.
No latch inferred for signal `$paramod$ea9a025bc5ee84a808c2fa4f9964e04fcc1e340a\array.\data_wire[365]' from process `$paramod$ea9a025bc5ee84a808c2fa4f9964e04fcc1e340a\array.$proc$results/sv2v_output.v:118$1881'.
No latch inferred for signal `$paramod$ea9a025bc5ee84a808c2fa4f9964e04fcc1e340a\array.\data_wire[364]' from process `$paramod$ea9a025bc5ee84a808c2fa4f9964e04fcc1e340a\array.$proc$results/sv2v_output.v:118$1880'.
No latch inferred for signal `$paramod$ea9a025bc5ee84a808c2fa4f9964e04fcc1e340a\array.\data_wire[363]' from process `$paramod$ea9a025bc5ee84a808c2fa4f9964e04fcc1e340a\array.$proc$results/sv2v_output.v:118$1879'.
No latch inferred for signal `$paramod$ea9a025bc5ee84a808c2fa4f9964e04fcc1e340a\array.\data_wire[362]' from process `$paramod$ea9a025bc5ee84a808c2fa4f9964e04fcc1e340a\array.$proc$results/sv2v_output.v:118$1878'.
No latch inferred for signal `$paramod$ea9a025bc5ee84a808c2fa4f9964e04fcc1e340a\array.\data_wire[361]' from process `$paramod$ea9a025bc5ee84a808c2fa4f9964e04fcc1e340a\array.$proc$results/sv2v_output.v:118$1877'.
No latch inferred for signal `$paramod$ea9a025bc5ee84a808c2fa4f9964e04fcc1e340a\array.\data_wire[360]' from process `$paramod$ea9a025bc5ee84a808c2fa4f9964e04fcc1e340a\array.$proc$results/sv2v_output.v:118$1876'.
No latch inferred for signal `$paramod$ea9a025bc5ee84a808c2fa4f9964e04fcc1e340a\array.\data_wire[359]' from process `$paramod$ea9a025bc5ee84a808c2fa4f9964e04fcc1e340a\array.$proc$results/sv2v_output.v:118$1875'.
No latch inferred for signal `$paramod$ea9a025bc5ee84a808c2fa4f9964e04fcc1e340a\array.\data_wire[358]' from process `$paramod$ea9a025bc5ee84a808c2fa4f9964e04fcc1e340a\array.$proc$results/sv2v_output.v:118$1874'.
No latch inferred for signal `$paramod$ea9a025bc5ee84a808c2fa4f9964e04fcc1e340a\array.\data_wire[357]' from process `$paramod$ea9a025bc5ee84a808c2fa4f9964e04fcc1e340a\array.$proc$results/sv2v_output.v:118$1873'.
No latch inferred for signal `$paramod$ea9a025bc5ee84a808c2fa4f9964e04fcc1e340a\array.\data_wire[356]' from process `$paramod$ea9a025bc5ee84a808c2fa4f9964e04fcc1e340a\array.$proc$results/sv2v_output.v:118$1872'.
No latch inferred for signal `$paramod$ea9a025bc5ee84a808c2fa4f9964e04fcc1e340a\array.\data_wire[355]' from process `$paramod$ea9a025bc5ee84a808c2fa4f9964e04fcc1e340a\array.$proc$results/sv2v_output.v:118$1871'.
No latch inferred for signal `$paramod$ea9a025bc5ee84a808c2fa4f9964e04fcc1e340a\array.\data_wire[354]' from process `$paramod$ea9a025bc5ee84a808c2fa4f9964e04fcc1e340a\array.$proc$results/sv2v_output.v:118$1870'.
No latch inferred for signal `$paramod$ea9a025bc5ee84a808c2fa4f9964e04fcc1e340a\array.\data_wire[353]' from process `$paramod$ea9a025bc5ee84a808c2fa4f9964e04fcc1e340a\array.$proc$results/sv2v_output.v:118$1869'.
No latch inferred for signal `$paramod$ea9a025bc5ee84a808c2fa4f9964e04fcc1e340a\array.\data_wire[352]' from process `$paramod$ea9a025bc5ee84a808c2fa4f9964e04fcc1e340a\array.$proc$results/sv2v_output.v:118$1868'.
No latch inferred for signal `$paramod$ea9a025bc5ee84a808c2fa4f9964e04fcc1e340a\array.\data_wire[351]' from process `$paramod$ea9a025bc5ee84a808c2fa4f9964e04fcc1e340a\array.$proc$results/sv2v_output.v:118$1867'.
No latch inferred for signal `$paramod$ea9a025bc5ee84a808c2fa4f9964e04fcc1e340a\array.\data_wire[350]' from process `$paramod$ea9a025bc5ee84a808c2fa4f9964e04fcc1e340a\array.$proc$results/sv2v_output.v:118$1866'.
No latch inferred for signal `$paramod$ea9a025bc5ee84a808c2fa4f9964e04fcc1e340a\array.\data_wire[349]' from process `$paramod$ea9a025bc5ee84a808c2fa4f9964e04fcc1e340a\array.$proc$results/sv2v_output.v:118$1865'.
No latch inferred for signal `$paramod$ea9a025bc5ee84a808c2fa4f9964e04fcc1e340a\array.\data_wire[348]' from process `$paramod$ea9a025bc5ee84a808c2fa4f9964e04fcc1e340a\array.$proc$results/sv2v_output.v:118$1864'.
No latch inferred for signal `$paramod$ea9a025bc5ee84a808c2fa4f9964e04fcc1e340a\array.\data_wire[347]' from process `$paramod$ea9a025bc5ee84a808c2fa4f9964e04fcc1e340a\array.$proc$results/sv2v_output.v:118$1863'.
No latch inferred for signal `$paramod$ea9a025bc5ee84a808c2fa4f9964e04fcc1e340a\array.\data_wire[346]' from process `$paramod$ea9a025bc5ee84a808c2fa4f9964e04fcc1e340a\array.$proc$results/sv2v_output.v:118$1862'.
No latch inferred for signal `$paramod$ea9a025bc5ee84a808c2fa4f9964e04fcc1e340a\array.\data_wire[345]' from process `$paramod$ea9a025bc5ee84a808c2fa4f9964e04fcc1e340a\array.$proc$results/sv2v_output.v:118$1861'.
No latch inferred for signal `$paramod$ea9a025bc5ee84a808c2fa4f9964e04fcc1e340a\array.\data_wire[344]' from process `$paramod$ea9a025bc5ee84a808c2fa4f9964e04fcc1e340a\array.$proc$results/sv2v_output.v:118$1860'.
No latch inferred for signal `$paramod$ea9a025bc5ee84a808c2fa4f9964e04fcc1e340a\array.\data_wire[343]' from process `$paramod$ea9a025bc5ee84a808c2fa4f9964e04fcc1e340a\array.$proc$results/sv2v_output.v:118$1859'.
No latch inferred for signal `$paramod$ea9a025bc5ee84a808c2fa4f9964e04fcc1e340a\array.\data_wire[342]' from process `$paramod$ea9a025bc5ee84a808c2fa4f9964e04fcc1e340a\array.$proc$results/sv2v_output.v:118$1858'.
No latch inferred for signal `$paramod$ea9a025bc5ee84a808c2fa4f9964e04fcc1e340a\array.\data_wire[341]' from process `$paramod$ea9a025bc5ee84a808c2fa4f9964e04fcc1e340a\array.$proc$results/sv2v_output.v:118$1857'.
No latch inferred for signal `$paramod$ea9a025bc5ee84a808c2fa4f9964e04fcc1e340a\array.\data_wire[340]' from process `$paramod$ea9a025bc5ee84a808c2fa4f9964e04fcc1e340a\array.$proc$results/sv2v_output.v:118$1856'.
No latch inferred for signal `$paramod$ea9a025bc5ee84a808c2fa4f9964e04fcc1e340a\array.\data_wire[339]' from process `$paramod$ea9a025bc5ee84a808c2fa4f9964e04fcc1e340a\array.$proc$results/sv2v_output.v:118$1855'.
No latch inferred for signal `$paramod$ea9a025bc5ee84a808c2fa4f9964e04fcc1e340a\array.\data_wire[338]' from process `$paramod$ea9a025bc5ee84a808c2fa4f9964e04fcc1e340a\array.$proc$results/sv2v_output.v:118$1854'.
No latch inferred for signal `$paramod$ea9a025bc5ee84a808c2fa4f9964e04fcc1e340a\array.\data_wire[337]' from process `$paramod$ea9a025bc5ee84a808c2fa4f9964e04fcc1e340a\array.$proc$results/sv2v_output.v:118$1853'.
No latch inferred for signal `$paramod$ea9a025bc5ee84a808c2fa4f9964e04fcc1e340a\array.\data_wire[336]' from process `$paramod$ea9a025bc5ee84a808c2fa4f9964e04fcc1e340a\array.$proc$results/sv2v_output.v:118$1852'.
No latch inferred for signal `$paramod$ea9a025bc5ee84a808c2fa4f9964e04fcc1e340a\array.\data_wire[335]' from process `$paramod$ea9a025bc5ee84a808c2fa4f9964e04fcc1e340a\array.$proc$results/sv2v_output.v:118$1851'.
No latch inferred for signal `$paramod$ea9a025bc5ee84a808c2fa4f9964e04fcc1e340a\array.\data_wire[334]' from process `$paramod$ea9a025bc5ee84a808c2fa4f9964e04fcc1e340a\array.$proc$results/sv2v_output.v:118$1850'.
No latch inferred for signal `$paramod$ea9a025bc5ee84a808c2fa4f9964e04fcc1e340a\array.\data_wire[333]' from process `$paramod$ea9a025bc5ee84a808c2fa4f9964e04fcc1e340a\array.$proc$results/sv2v_output.v:118$1849'.
No latch inferred for signal `$paramod$ea9a025bc5ee84a808c2fa4f9964e04fcc1e340a\array.\data_wire[332]' from process `$paramod$ea9a025bc5ee84a808c2fa4f9964e04fcc1e340a\array.$proc$results/sv2v_output.v:118$1848'.
No latch inferred for signal `$paramod$ea9a025bc5ee84a808c2fa4f9964e04fcc1e340a\array.\data_wire[331]' from process `$paramod$ea9a025bc5ee84a808c2fa4f9964e04fcc1e340a\array.$proc$results/sv2v_output.v:118$1847'.
No latch inferred for signal `$paramod$ea9a025bc5ee84a808c2fa4f9964e04fcc1e340a\array.\data_wire[330]' from process `$paramod$ea9a025bc5ee84a808c2fa4f9964e04fcc1e340a\array.$proc$results/sv2v_output.v:118$1846'.
No latch inferred for signal `$paramod$ea9a025bc5ee84a808c2fa4f9964e04fcc1e340a\array.\data_wire[329]' from process `$paramod$ea9a025bc5ee84a808c2fa4f9964e04fcc1e340a\array.$proc$results/sv2v_output.v:118$1845'.
No latch inferred for signal `$paramod$ea9a025bc5ee84a808c2fa4f9964e04fcc1e340a\array.\data_wire[328]' from process `$paramod$ea9a025bc5ee84a808c2fa4f9964e04fcc1e340a\array.$proc$results/sv2v_output.v:118$1844'.
No latch inferred for signal `$paramod$ea9a025bc5ee84a808c2fa4f9964e04fcc1e340a\array.\data_wire[327]' from process `$paramod$ea9a025bc5ee84a808c2fa4f9964e04fcc1e340a\array.$proc$results/sv2v_output.v:118$1843'.
No latch inferred for signal `$paramod$ea9a025bc5ee84a808c2fa4f9964e04fcc1e340a\array.\data_wire[326]' from process `$paramod$ea9a025bc5ee84a808c2fa4f9964e04fcc1e340a\array.$proc$results/sv2v_output.v:118$1842'.
No latch inferred for signal `$paramod$ea9a025bc5ee84a808c2fa4f9964e04fcc1e340a\array.\data_wire[325]' from process `$paramod$ea9a025bc5ee84a808c2fa4f9964e04fcc1e340a\array.$proc$results/sv2v_output.v:118$1841'.
No latch inferred for signal `$paramod$ea9a025bc5ee84a808c2fa4f9964e04fcc1e340a\array.\data_wire[324]' from process `$paramod$ea9a025bc5ee84a808c2fa4f9964e04fcc1e340a\array.$proc$results/sv2v_output.v:118$1840'.
No latch inferred for signal `$paramod$ea9a025bc5ee84a808c2fa4f9964e04fcc1e340a\array.\data_wire[323]' from process `$paramod$ea9a025bc5ee84a808c2fa4f9964e04fcc1e340a\array.$proc$results/sv2v_output.v:118$1839'.
No latch inferred for signal `$paramod$ea9a025bc5ee84a808c2fa4f9964e04fcc1e340a\array.\data_wire[322]' from process `$paramod$ea9a025bc5ee84a808c2fa4f9964e04fcc1e340a\array.$proc$results/sv2v_output.v:118$1838'.
No latch inferred for signal `$paramod$ea9a025bc5ee84a808c2fa4f9964e04fcc1e340a\array.\data_wire[321]' from process `$paramod$ea9a025bc5ee84a808c2fa4f9964e04fcc1e340a\array.$proc$results/sv2v_output.v:118$1837'.
No latch inferred for signal `$paramod$ea9a025bc5ee84a808c2fa4f9964e04fcc1e340a\array.\data_wire[320]' from process `$paramod$ea9a025bc5ee84a808c2fa4f9964e04fcc1e340a\array.$proc$results/sv2v_output.v:118$1836'.
No latch inferred for signal `$paramod$ea9a025bc5ee84a808c2fa4f9964e04fcc1e340a\array.\data_wire[319]' from process `$paramod$ea9a025bc5ee84a808c2fa4f9964e04fcc1e340a\array.$proc$results/sv2v_output.v:118$1835'.
No latch inferred for signal `$paramod$ea9a025bc5ee84a808c2fa4f9964e04fcc1e340a\array.\data_wire[318]' from process `$paramod$ea9a025bc5ee84a808c2fa4f9964e04fcc1e340a\array.$proc$results/sv2v_output.v:118$1834'.
No latch inferred for signal `$paramod$ea9a025bc5ee84a808c2fa4f9964e04fcc1e340a\array.\data_wire[317]' from process `$paramod$ea9a025bc5ee84a808c2fa4f9964e04fcc1e340a\array.$proc$results/sv2v_output.v:118$1833'.
No latch inferred for signal `$paramod$ea9a025bc5ee84a808c2fa4f9964e04fcc1e340a\array.\data_wire[316]' from process `$paramod$ea9a025bc5ee84a808c2fa4f9964e04fcc1e340a\array.$proc$results/sv2v_output.v:118$1832'.
No latch inferred for signal `$paramod$ea9a025bc5ee84a808c2fa4f9964e04fcc1e340a\array.\data_wire[315]' from process `$paramod$ea9a025bc5ee84a808c2fa4f9964e04fcc1e340a\array.$proc$results/sv2v_output.v:118$1831'.
No latch inferred for signal `$paramod$ea9a025bc5ee84a808c2fa4f9964e04fcc1e340a\array.\data_wire[314]' from process `$paramod$ea9a025bc5ee84a808c2fa4f9964e04fcc1e340a\array.$proc$results/sv2v_output.v:118$1830'.
No latch inferred for signal `$paramod$ea9a025bc5ee84a808c2fa4f9964e04fcc1e340a\array.\data_wire[313]' from process `$paramod$ea9a025bc5ee84a808c2fa4f9964e04fcc1e340a\array.$proc$results/sv2v_output.v:118$1829'.
No latch inferred for signal `$paramod$ea9a025bc5ee84a808c2fa4f9964e04fcc1e340a\array.\data_wire[312]' from process `$paramod$ea9a025bc5ee84a808c2fa4f9964e04fcc1e340a\array.$proc$results/sv2v_output.v:118$1828'.
No latch inferred for signal `$paramod$ea9a025bc5ee84a808c2fa4f9964e04fcc1e340a\array.\data_wire[311]' from process `$paramod$ea9a025bc5ee84a808c2fa4f9964e04fcc1e340a\array.$proc$results/sv2v_output.v:118$1827'.
No latch inferred for signal `$paramod$ea9a025bc5ee84a808c2fa4f9964e04fcc1e340a\array.\data_wire[310]' from process `$paramod$ea9a025bc5ee84a808c2fa4f9964e04fcc1e340a\array.$proc$results/sv2v_output.v:118$1826'.
No latch inferred for signal `$paramod$ea9a025bc5ee84a808c2fa4f9964e04fcc1e340a\array.\data_wire[309]' from process `$paramod$ea9a025bc5ee84a808c2fa4f9964e04fcc1e340a\array.$proc$results/sv2v_output.v:118$1825'.
No latch inferred for signal `$paramod$ea9a025bc5ee84a808c2fa4f9964e04fcc1e340a\array.\data_wire[308]' from process `$paramod$ea9a025bc5ee84a808c2fa4f9964e04fcc1e340a\array.$proc$results/sv2v_output.v:118$1824'.
No latch inferred for signal `$paramod$ea9a025bc5ee84a808c2fa4f9964e04fcc1e340a\array.\data_wire[307]' from process `$paramod$ea9a025bc5ee84a808c2fa4f9964e04fcc1e340a\array.$proc$results/sv2v_output.v:118$1823'.
No latch inferred for signal `$paramod$ea9a025bc5ee84a808c2fa4f9964e04fcc1e340a\array.\data_wire[306]' from process `$paramod$ea9a025bc5ee84a808c2fa4f9964e04fcc1e340a\array.$proc$results/sv2v_output.v:118$1822'.
No latch inferred for signal `$paramod$ea9a025bc5ee84a808c2fa4f9964e04fcc1e340a\array.\data_wire[305]' from process `$paramod$ea9a025bc5ee84a808c2fa4f9964e04fcc1e340a\array.$proc$results/sv2v_output.v:118$1821'.
No latch inferred for signal `$paramod$ea9a025bc5ee84a808c2fa4f9964e04fcc1e340a\array.\data_wire[304]' from process `$paramod$ea9a025bc5ee84a808c2fa4f9964e04fcc1e340a\array.$proc$results/sv2v_output.v:118$1820'.
No latch inferred for signal `$paramod$ea9a025bc5ee84a808c2fa4f9964e04fcc1e340a\array.\data_wire[303]' from process `$paramod$ea9a025bc5ee84a808c2fa4f9964e04fcc1e340a\array.$proc$results/sv2v_output.v:118$1819'.
No latch inferred for signal `$paramod$ea9a025bc5ee84a808c2fa4f9964e04fcc1e340a\array.\data_wire[302]' from process `$paramod$ea9a025bc5ee84a808c2fa4f9964e04fcc1e340a\array.$proc$results/sv2v_output.v:118$1818'.
No latch inferred for signal `$paramod$ea9a025bc5ee84a808c2fa4f9964e04fcc1e340a\array.\data_wire[301]' from process `$paramod$ea9a025bc5ee84a808c2fa4f9964e04fcc1e340a\array.$proc$results/sv2v_output.v:118$1817'.
No latch inferred for signal `$paramod$ea9a025bc5ee84a808c2fa4f9964e04fcc1e340a\array.\data_wire[300]' from process `$paramod$ea9a025bc5ee84a808c2fa4f9964e04fcc1e340a\array.$proc$results/sv2v_output.v:118$1816'.
No latch inferred for signal `$paramod$ea9a025bc5ee84a808c2fa4f9964e04fcc1e340a\array.\data_wire[299]' from process `$paramod$ea9a025bc5ee84a808c2fa4f9964e04fcc1e340a\array.$proc$results/sv2v_output.v:118$1815'.
No latch inferred for signal `$paramod$ea9a025bc5ee84a808c2fa4f9964e04fcc1e340a\array.\data_wire[298]' from process `$paramod$ea9a025bc5ee84a808c2fa4f9964e04fcc1e340a\array.$proc$results/sv2v_output.v:118$1814'.
No latch inferred for signal `$paramod$ea9a025bc5ee84a808c2fa4f9964e04fcc1e340a\array.\data_wire[297]' from process `$paramod$ea9a025bc5ee84a808c2fa4f9964e04fcc1e340a\array.$proc$results/sv2v_output.v:118$1813'.
No latch inferred for signal `$paramod$ea9a025bc5ee84a808c2fa4f9964e04fcc1e340a\array.\data_wire[296]' from process `$paramod$ea9a025bc5ee84a808c2fa4f9964e04fcc1e340a\array.$proc$results/sv2v_output.v:118$1812'.
No latch inferred for signal `$paramod$ea9a025bc5ee84a808c2fa4f9964e04fcc1e340a\array.\data_wire[295]' from process `$paramod$ea9a025bc5ee84a808c2fa4f9964e04fcc1e340a\array.$proc$results/sv2v_output.v:118$1811'.
No latch inferred for signal `$paramod$ea9a025bc5ee84a808c2fa4f9964e04fcc1e340a\array.\data_wire[294]' from process `$paramod$ea9a025bc5ee84a808c2fa4f9964e04fcc1e340a\array.$proc$results/sv2v_output.v:118$1810'.
No latch inferred for signal `$paramod$ea9a025bc5ee84a808c2fa4f9964e04fcc1e340a\array.\data_wire[293]' from process `$paramod$ea9a025bc5ee84a808c2fa4f9964e04fcc1e340a\array.$proc$results/sv2v_output.v:118$1809'.
No latch inferred for signal `$paramod$ea9a025bc5ee84a808c2fa4f9964e04fcc1e340a\array.\data_wire[292]' from process `$paramod$ea9a025bc5ee84a808c2fa4f9964e04fcc1e340a\array.$proc$results/sv2v_output.v:118$1808'.
No latch inferred for signal `$paramod$ea9a025bc5ee84a808c2fa4f9964e04fcc1e340a\array.\data_wire[291]' from process `$paramod$ea9a025bc5ee84a808c2fa4f9964e04fcc1e340a\array.$proc$results/sv2v_output.v:118$1807'.
No latch inferred for signal `$paramod$ea9a025bc5ee84a808c2fa4f9964e04fcc1e340a\array.\data_wire[290]' from process `$paramod$ea9a025bc5ee84a808c2fa4f9964e04fcc1e340a\array.$proc$results/sv2v_output.v:118$1806'.
No latch inferred for signal `$paramod$ea9a025bc5ee84a808c2fa4f9964e04fcc1e340a\array.\data_wire[289]' from process `$paramod$ea9a025bc5ee84a808c2fa4f9964e04fcc1e340a\array.$proc$results/sv2v_output.v:118$1805'.
No latch inferred for signal `$paramod$ea9a025bc5ee84a808c2fa4f9964e04fcc1e340a\array.\data_wire[288]' from process `$paramod$ea9a025bc5ee84a808c2fa4f9964e04fcc1e340a\array.$proc$results/sv2v_output.v:118$1804'.
No latch inferred for signal `$paramod$ea9a025bc5ee84a808c2fa4f9964e04fcc1e340a\array.\data_wire[287]' from process `$paramod$ea9a025bc5ee84a808c2fa4f9964e04fcc1e340a\array.$proc$results/sv2v_output.v:118$1803'.
No latch inferred for signal `$paramod$ea9a025bc5ee84a808c2fa4f9964e04fcc1e340a\array.\data_wire[286]' from process `$paramod$ea9a025bc5ee84a808c2fa4f9964e04fcc1e340a\array.$proc$results/sv2v_output.v:118$1802'.
No latch inferred for signal `$paramod$ea9a025bc5ee84a808c2fa4f9964e04fcc1e340a\array.\data_wire[285]' from process `$paramod$ea9a025bc5ee84a808c2fa4f9964e04fcc1e340a\array.$proc$results/sv2v_output.v:118$1801'.
No latch inferred for signal `$paramod$ea9a025bc5ee84a808c2fa4f9964e04fcc1e340a\array.\data_wire[284]' from process `$paramod$ea9a025bc5ee84a808c2fa4f9964e04fcc1e340a\array.$proc$results/sv2v_output.v:118$1800'.
No latch inferred for signal `$paramod$ea9a025bc5ee84a808c2fa4f9964e04fcc1e340a\array.\data_wire[283]' from process `$paramod$ea9a025bc5ee84a808c2fa4f9964e04fcc1e340a\array.$proc$results/sv2v_output.v:118$1799'.
No latch inferred for signal `$paramod$ea9a025bc5ee84a808c2fa4f9964e04fcc1e340a\array.\data_wire[282]' from process `$paramod$ea9a025bc5ee84a808c2fa4f9964e04fcc1e340a\array.$proc$results/sv2v_output.v:118$1798'.
No latch inferred for signal `$paramod$ea9a025bc5ee84a808c2fa4f9964e04fcc1e340a\array.\data_wire[281]' from process `$paramod$ea9a025bc5ee84a808c2fa4f9964e04fcc1e340a\array.$proc$results/sv2v_output.v:118$1797'.
No latch inferred for signal `$paramod$ea9a025bc5ee84a808c2fa4f9964e04fcc1e340a\array.\data_wire[280]' from process `$paramod$ea9a025bc5ee84a808c2fa4f9964e04fcc1e340a\array.$proc$results/sv2v_output.v:118$1796'.
No latch inferred for signal `$paramod$ea9a025bc5ee84a808c2fa4f9964e04fcc1e340a\array.\data_wire[279]' from process `$paramod$ea9a025bc5ee84a808c2fa4f9964e04fcc1e340a\array.$proc$results/sv2v_output.v:118$1795'.
No latch inferred for signal `$paramod$ea9a025bc5ee84a808c2fa4f9964e04fcc1e340a\array.\data_wire[278]' from process `$paramod$ea9a025bc5ee84a808c2fa4f9964e04fcc1e340a\array.$proc$results/sv2v_output.v:118$1794'.
No latch inferred for signal `$paramod$ea9a025bc5ee84a808c2fa4f9964e04fcc1e340a\array.\data_wire[277]' from process `$paramod$ea9a025bc5ee84a808c2fa4f9964e04fcc1e340a\array.$proc$results/sv2v_output.v:118$1793'.
No latch inferred for signal `$paramod$ea9a025bc5ee84a808c2fa4f9964e04fcc1e340a\array.\data_wire[276]' from process `$paramod$ea9a025bc5ee84a808c2fa4f9964e04fcc1e340a\array.$proc$results/sv2v_output.v:118$1792'.
No latch inferred for signal `$paramod$ea9a025bc5ee84a808c2fa4f9964e04fcc1e340a\array.\data_wire[275]' from process `$paramod$ea9a025bc5ee84a808c2fa4f9964e04fcc1e340a\array.$proc$results/sv2v_output.v:118$1791'.
No latch inferred for signal `$paramod$ea9a025bc5ee84a808c2fa4f9964e04fcc1e340a\array.\data_wire[274]' from process `$paramod$ea9a025bc5ee84a808c2fa4f9964e04fcc1e340a\array.$proc$results/sv2v_output.v:118$1790'.
No latch inferred for signal `$paramod$ea9a025bc5ee84a808c2fa4f9964e04fcc1e340a\array.\data_wire[273]' from process `$paramod$ea9a025bc5ee84a808c2fa4f9964e04fcc1e340a\array.$proc$results/sv2v_output.v:118$1789'.
No latch inferred for signal `$paramod$ea9a025bc5ee84a808c2fa4f9964e04fcc1e340a\array.\data_wire[272]' from process `$paramod$ea9a025bc5ee84a808c2fa4f9964e04fcc1e340a\array.$proc$results/sv2v_output.v:118$1788'.
No latch inferred for signal `$paramod$ea9a025bc5ee84a808c2fa4f9964e04fcc1e340a\array.\data_wire[271]' from process `$paramod$ea9a025bc5ee84a808c2fa4f9964e04fcc1e340a\array.$proc$results/sv2v_output.v:118$1787'.
No latch inferred for signal `$paramod$ea9a025bc5ee84a808c2fa4f9964e04fcc1e340a\array.\data_wire[270]' from process `$paramod$ea9a025bc5ee84a808c2fa4f9964e04fcc1e340a\array.$proc$results/sv2v_output.v:118$1786'.
No latch inferred for signal `$paramod$ea9a025bc5ee84a808c2fa4f9964e04fcc1e340a\array.\data_wire[269]' from process `$paramod$ea9a025bc5ee84a808c2fa4f9964e04fcc1e340a\array.$proc$results/sv2v_output.v:118$1785'.
No latch inferred for signal `$paramod$ea9a025bc5ee84a808c2fa4f9964e04fcc1e340a\array.\data_wire[268]' from process `$paramod$ea9a025bc5ee84a808c2fa4f9964e04fcc1e340a\array.$proc$results/sv2v_output.v:118$1784'.
No latch inferred for signal `$paramod$ea9a025bc5ee84a808c2fa4f9964e04fcc1e340a\array.\data_wire[267]' from process `$paramod$ea9a025bc5ee84a808c2fa4f9964e04fcc1e340a\array.$proc$results/sv2v_output.v:118$1783'.
No latch inferred for signal `$paramod$ea9a025bc5ee84a808c2fa4f9964e04fcc1e340a\array.\data_wire[266]' from process `$paramod$ea9a025bc5ee84a808c2fa4f9964e04fcc1e340a\array.$proc$results/sv2v_output.v:118$1782'.
No latch inferred for signal `$paramod$ea9a025bc5ee84a808c2fa4f9964e04fcc1e340a\array.\data_wire[265]' from process `$paramod$ea9a025bc5ee84a808c2fa4f9964e04fcc1e340a\array.$proc$results/sv2v_output.v:118$1781'.
No latch inferred for signal `$paramod$ea9a025bc5ee84a808c2fa4f9964e04fcc1e340a\array.\data_wire[264]' from process `$paramod$ea9a025bc5ee84a808c2fa4f9964e04fcc1e340a\array.$proc$results/sv2v_output.v:118$1780'.
No latch inferred for signal `$paramod$ea9a025bc5ee84a808c2fa4f9964e04fcc1e340a\array.\data_wire[263]' from process `$paramod$ea9a025bc5ee84a808c2fa4f9964e04fcc1e340a\array.$proc$results/sv2v_output.v:118$1779'.
No latch inferred for signal `$paramod$ea9a025bc5ee84a808c2fa4f9964e04fcc1e340a\array.\data_wire[262]' from process `$paramod$ea9a025bc5ee84a808c2fa4f9964e04fcc1e340a\array.$proc$results/sv2v_output.v:118$1778'.
No latch inferred for signal `$paramod$ea9a025bc5ee84a808c2fa4f9964e04fcc1e340a\array.\data_wire[261]' from process `$paramod$ea9a025bc5ee84a808c2fa4f9964e04fcc1e340a\array.$proc$results/sv2v_output.v:118$1777'.
No latch inferred for signal `$paramod$ea9a025bc5ee84a808c2fa4f9964e04fcc1e340a\array.\data_wire[260]' from process `$paramod$ea9a025bc5ee84a808c2fa4f9964e04fcc1e340a\array.$proc$results/sv2v_output.v:118$1776'.
No latch inferred for signal `$paramod$ea9a025bc5ee84a808c2fa4f9964e04fcc1e340a\array.\data_wire[259]' from process `$paramod$ea9a025bc5ee84a808c2fa4f9964e04fcc1e340a\array.$proc$results/sv2v_output.v:118$1775'.
No latch inferred for signal `$paramod$ea9a025bc5ee84a808c2fa4f9964e04fcc1e340a\array.\data_wire[258]' from process `$paramod$ea9a025bc5ee84a808c2fa4f9964e04fcc1e340a\array.$proc$results/sv2v_output.v:118$1774'.
No latch inferred for signal `$paramod$ea9a025bc5ee84a808c2fa4f9964e04fcc1e340a\array.\data_wire[257]' from process `$paramod$ea9a025bc5ee84a808c2fa4f9964e04fcc1e340a\array.$proc$results/sv2v_output.v:118$1773'.
No latch inferred for signal `$paramod$ea9a025bc5ee84a808c2fa4f9964e04fcc1e340a\array.\data_wire[256]' from process `$paramod$ea9a025bc5ee84a808c2fa4f9964e04fcc1e340a\array.$proc$results/sv2v_output.v:118$1772'.
No latch inferred for signal `$paramod$ea9a025bc5ee84a808c2fa4f9964e04fcc1e340a\array.\data_wire[255]' from process `$paramod$ea9a025bc5ee84a808c2fa4f9964e04fcc1e340a\array.$proc$results/sv2v_output.v:118$1771'.
No latch inferred for signal `$paramod$ea9a025bc5ee84a808c2fa4f9964e04fcc1e340a\array.\data_wire[254]' from process `$paramod$ea9a025bc5ee84a808c2fa4f9964e04fcc1e340a\array.$proc$results/sv2v_output.v:118$1770'.
No latch inferred for signal `$paramod$ea9a025bc5ee84a808c2fa4f9964e04fcc1e340a\array.\data_wire[253]' from process `$paramod$ea9a025bc5ee84a808c2fa4f9964e04fcc1e340a\array.$proc$results/sv2v_output.v:118$1769'.
No latch inferred for signal `$paramod$ea9a025bc5ee84a808c2fa4f9964e04fcc1e340a\array.\data_wire[252]' from process `$paramod$ea9a025bc5ee84a808c2fa4f9964e04fcc1e340a\array.$proc$results/sv2v_output.v:118$1768'.
No latch inferred for signal `$paramod$ea9a025bc5ee84a808c2fa4f9964e04fcc1e340a\array.\data_wire[251]' from process `$paramod$ea9a025bc5ee84a808c2fa4f9964e04fcc1e340a\array.$proc$results/sv2v_output.v:118$1767'.
No latch inferred for signal `$paramod$ea9a025bc5ee84a808c2fa4f9964e04fcc1e340a\array.\data_wire[250]' from process `$paramod$ea9a025bc5ee84a808c2fa4f9964e04fcc1e340a\array.$proc$results/sv2v_output.v:118$1766'.
No latch inferred for signal `$paramod$ea9a025bc5ee84a808c2fa4f9964e04fcc1e340a\array.\data_wire[249]' from process `$paramod$ea9a025bc5ee84a808c2fa4f9964e04fcc1e340a\array.$proc$results/sv2v_output.v:118$1765'.
No latch inferred for signal `$paramod$ea9a025bc5ee84a808c2fa4f9964e04fcc1e340a\array.\data_wire[248]' from process `$paramod$ea9a025bc5ee84a808c2fa4f9964e04fcc1e340a\array.$proc$results/sv2v_output.v:118$1764'.
No latch inferred for signal `$paramod$ea9a025bc5ee84a808c2fa4f9964e04fcc1e340a\array.\data_wire[247]' from process `$paramod$ea9a025bc5ee84a808c2fa4f9964e04fcc1e340a\array.$proc$results/sv2v_output.v:118$1763'.
No latch inferred for signal `$paramod$ea9a025bc5ee84a808c2fa4f9964e04fcc1e340a\array.\data_wire[246]' from process `$paramod$ea9a025bc5ee84a808c2fa4f9964e04fcc1e340a\array.$proc$results/sv2v_output.v:118$1762'.
No latch inferred for signal `$paramod$ea9a025bc5ee84a808c2fa4f9964e04fcc1e340a\array.\data_wire[245]' from process `$paramod$ea9a025bc5ee84a808c2fa4f9964e04fcc1e340a\array.$proc$results/sv2v_output.v:118$1761'.
No latch inferred for signal `$paramod$ea9a025bc5ee84a808c2fa4f9964e04fcc1e340a\array.\data_wire[244]' from process `$paramod$ea9a025bc5ee84a808c2fa4f9964e04fcc1e340a\array.$proc$results/sv2v_output.v:118$1760'.
No latch inferred for signal `$paramod$ea9a025bc5ee84a808c2fa4f9964e04fcc1e340a\array.\data_wire[243]' from process `$paramod$ea9a025bc5ee84a808c2fa4f9964e04fcc1e340a\array.$proc$results/sv2v_output.v:118$1759'.
No latch inferred for signal `$paramod$ea9a025bc5ee84a808c2fa4f9964e04fcc1e340a\array.\data_wire[242]' from process `$paramod$ea9a025bc5ee84a808c2fa4f9964e04fcc1e340a\array.$proc$results/sv2v_output.v:118$1758'.
No latch inferred for signal `$paramod$ea9a025bc5ee84a808c2fa4f9964e04fcc1e340a\array.\data_wire[241]' from process `$paramod$ea9a025bc5ee84a808c2fa4f9964e04fcc1e340a\array.$proc$results/sv2v_output.v:118$1757'.
No latch inferred for signal `$paramod$ea9a025bc5ee84a808c2fa4f9964e04fcc1e340a\array.\data_wire[240]' from process `$paramod$ea9a025bc5ee84a808c2fa4f9964e04fcc1e340a\array.$proc$results/sv2v_output.v:118$1756'.
No latch inferred for signal `$paramod$ea9a025bc5ee84a808c2fa4f9964e04fcc1e340a\array.\data_wire[239]' from process `$paramod$ea9a025bc5ee84a808c2fa4f9964e04fcc1e340a\array.$proc$results/sv2v_output.v:118$1755'.
No latch inferred for signal `$paramod$ea9a025bc5ee84a808c2fa4f9964e04fcc1e340a\array.\data_wire[238]' from process `$paramod$ea9a025bc5ee84a808c2fa4f9964e04fcc1e340a\array.$proc$results/sv2v_output.v:118$1754'.
No latch inferred for signal `$paramod$ea9a025bc5ee84a808c2fa4f9964e04fcc1e340a\array.\data_wire[237]' from process `$paramod$ea9a025bc5ee84a808c2fa4f9964e04fcc1e340a\array.$proc$results/sv2v_output.v:118$1753'.
No latch inferred for signal `$paramod$ea9a025bc5ee84a808c2fa4f9964e04fcc1e340a\array.\data_wire[236]' from process `$paramod$ea9a025bc5ee84a808c2fa4f9964e04fcc1e340a\array.$proc$results/sv2v_output.v:118$1752'.
No latch inferred for signal `$paramod$ea9a025bc5ee84a808c2fa4f9964e04fcc1e340a\array.\data_wire[235]' from process `$paramod$ea9a025bc5ee84a808c2fa4f9964e04fcc1e340a\array.$proc$results/sv2v_output.v:118$1751'.
No latch inferred for signal `$paramod$ea9a025bc5ee84a808c2fa4f9964e04fcc1e340a\array.\data_wire[234]' from process `$paramod$ea9a025bc5ee84a808c2fa4f9964e04fcc1e340a\array.$proc$results/sv2v_output.v:118$1750'.
No latch inferred for signal `$paramod$ea9a025bc5ee84a808c2fa4f9964e04fcc1e340a\array.\data_wire[233]' from process `$paramod$ea9a025bc5ee84a808c2fa4f9964e04fcc1e340a\array.$proc$results/sv2v_output.v:118$1749'.
No latch inferred for signal `$paramod$ea9a025bc5ee84a808c2fa4f9964e04fcc1e340a\array.\data_wire[232]' from process `$paramod$ea9a025bc5ee84a808c2fa4f9964e04fcc1e340a\array.$proc$results/sv2v_output.v:118$1748'.
No latch inferred for signal `$paramod$ea9a025bc5ee84a808c2fa4f9964e04fcc1e340a\array.\data_wire[231]' from process `$paramod$ea9a025bc5ee84a808c2fa4f9964e04fcc1e340a\array.$proc$results/sv2v_output.v:118$1747'.
No latch inferred for signal `$paramod$ea9a025bc5ee84a808c2fa4f9964e04fcc1e340a\array.\data_wire[230]' from process `$paramod$ea9a025bc5ee84a808c2fa4f9964e04fcc1e340a\array.$proc$results/sv2v_output.v:118$1746'.
No latch inferred for signal `$paramod$ea9a025bc5ee84a808c2fa4f9964e04fcc1e340a\array.\data_wire[229]' from process `$paramod$ea9a025bc5ee84a808c2fa4f9964e04fcc1e340a\array.$proc$results/sv2v_output.v:118$1745'.
No latch inferred for signal `$paramod$ea9a025bc5ee84a808c2fa4f9964e04fcc1e340a\array.\data_wire[228]' from process `$paramod$ea9a025bc5ee84a808c2fa4f9964e04fcc1e340a\array.$proc$results/sv2v_output.v:118$1744'.
No latch inferred for signal `$paramod$ea9a025bc5ee84a808c2fa4f9964e04fcc1e340a\array.\data_wire[227]' from process `$paramod$ea9a025bc5ee84a808c2fa4f9964e04fcc1e340a\array.$proc$results/sv2v_output.v:118$1743'.
No latch inferred for signal `$paramod$ea9a025bc5ee84a808c2fa4f9964e04fcc1e340a\array.\data_wire[226]' from process `$paramod$ea9a025bc5ee84a808c2fa4f9964e04fcc1e340a\array.$proc$results/sv2v_output.v:118$1742'.
No latch inferred for signal `$paramod$ea9a025bc5ee84a808c2fa4f9964e04fcc1e340a\array.\data_wire[225]' from process `$paramod$ea9a025bc5ee84a808c2fa4f9964e04fcc1e340a\array.$proc$results/sv2v_output.v:118$1741'.
No latch inferred for signal `$paramod$ea9a025bc5ee84a808c2fa4f9964e04fcc1e340a\array.\data_wire[224]' from process `$paramod$ea9a025bc5ee84a808c2fa4f9964e04fcc1e340a\array.$proc$results/sv2v_output.v:118$1740'.
No latch inferred for signal `$paramod$ea9a025bc5ee84a808c2fa4f9964e04fcc1e340a\array.\data_wire[223]' from process `$paramod$ea9a025bc5ee84a808c2fa4f9964e04fcc1e340a\array.$proc$results/sv2v_output.v:118$1739'.
No latch inferred for signal `$paramod$ea9a025bc5ee84a808c2fa4f9964e04fcc1e340a\array.\data_wire[222]' from process `$paramod$ea9a025bc5ee84a808c2fa4f9964e04fcc1e340a\array.$proc$results/sv2v_output.v:118$1738'.
No latch inferred for signal `$paramod$ea9a025bc5ee84a808c2fa4f9964e04fcc1e340a\array.\data_wire[221]' from process `$paramod$ea9a025bc5ee84a808c2fa4f9964e04fcc1e340a\array.$proc$results/sv2v_output.v:118$1737'.
No latch inferred for signal `$paramod$ea9a025bc5ee84a808c2fa4f9964e04fcc1e340a\array.\data_wire[220]' from process `$paramod$ea9a025bc5ee84a808c2fa4f9964e04fcc1e340a\array.$proc$results/sv2v_output.v:118$1736'.
No latch inferred for signal `$paramod$ea9a025bc5ee84a808c2fa4f9964e04fcc1e340a\array.\data_wire[219]' from process `$paramod$ea9a025bc5ee84a808c2fa4f9964e04fcc1e340a\array.$proc$results/sv2v_output.v:118$1735'.
No latch inferred for signal `$paramod$ea9a025bc5ee84a808c2fa4f9964e04fcc1e340a\array.\data_wire[218]' from process `$paramod$ea9a025bc5ee84a808c2fa4f9964e04fcc1e340a\array.$proc$results/sv2v_output.v:118$1734'.
No latch inferred for signal `$paramod$ea9a025bc5ee84a808c2fa4f9964e04fcc1e340a\array.\data_wire[217]' from process `$paramod$ea9a025bc5ee84a808c2fa4f9964e04fcc1e340a\array.$proc$results/sv2v_output.v:118$1733'.
No latch inferred for signal `$paramod$ea9a025bc5ee84a808c2fa4f9964e04fcc1e340a\array.\data_wire[216]' from process `$paramod$ea9a025bc5ee84a808c2fa4f9964e04fcc1e340a\array.$proc$results/sv2v_output.v:118$1732'.
No latch inferred for signal `$paramod$ea9a025bc5ee84a808c2fa4f9964e04fcc1e340a\array.\data_wire[215]' from process `$paramod$ea9a025bc5ee84a808c2fa4f9964e04fcc1e340a\array.$proc$results/sv2v_output.v:118$1731'.
No latch inferred for signal `$paramod$ea9a025bc5ee84a808c2fa4f9964e04fcc1e340a\array.\data_wire[214]' from process `$paramod$ea9a025bc5ee84a808c2fa4f9964e04fcc1e340a\array.$proc$results/sv2v_output.v:118$1730'.
No latch inferred for signal `$paramod$ea9a025bc5ee84a808c2fa4f9964e04fcc1e340a\array.\data_wire[213]' from process `$paramod$ea9a025bc5ee84a808c2fa4f9964e04fcc1e340a\array.$proc$results/sv2v_output.v:118$1729'.
No latch inferred for signal `$paramod$ea9a025bc5ee84a808c2fa4f9964e04fcc1e340a\array.\data_wire[212]' from process `$paramod$ea9a025bc5ee84a808c2fa4f9964e04fcc1e340a\array.$proc$results/sv2v_output.v:118$1728'.
No latch inferred for signal `$paramod$ea9a025bc5ee84a808c2fa4f9964e04fcc1e340a\array.\data_wire[211]' from process `$paramod$ea9a025bc5ee84a808c2fa4f9964e04fcc1e340a\array.$proc$results/sv2v_output.v:118$1727'.
No latch inferred for signal `$paramod$ea9a025bc5ee84a808c2fa4f9964e04fcc1e340a\array.\data_wire[210]' from process `$paramod$ea9a025bc5ee84a808c2fa4f9964e04fcc1e340a\array.$proc$results/sv2v_output.v:118$1726'.
No latch inferred for signal `$paramod$ea9a025bc5ee84a808c2fa4f9964e04fcc1e340a\array.\data_wire[209]' from process `$paramod$ea9a025bc5ee84a808c2fa4f9964e04fcc1e340a\array.$proc$results/sv2v_output.v:118$1725'.
No latch inferred for signal `$paramod$ea9a025bc5ee84a808c2fa4f9964e04fcc1e340a\array.\data_wire[208]' from process `$paramod$ea9a025bc5ee84a808c2fa4f9964e04fcc1e340a\array.$proc$results/sv2v_output.v:118$1724'.
No latch inferred for signal `$paramod$ea9a025bc5ee84a808c2fa4f9964e04fcc1e340a\array.\data_wire[207]' from process `$paramod$ea9a025bc5ee84a808c2fa4f9964e04fcc1e340a\array.$proc$results/sv2v_output.v:118$1723'.
No latch inferred for signal `$paramod$ea9a025bc5ee84a808c2fa4f9964e04fcc1e340a\array.\data_wire[206]' from process `$paramod$ea9a025bc5ee84a808c2fa4f9964e04fcc1e340a\array.$proc$results/sv2v_output.v:118$1722'.
No latch inferred for signal `$paramod$ea9a025bc5ee84a808c2fa4f9964e04fcc1e340a\array.\data_wire[205]' from process `$paramod$ea9a025bc5ee84a808c2fa4f9964e04fcc1e340a\array.$proc$results/sv2v_output.v:118$1721'.
No latch inferred for signal `$paramod$ea9a025bc5ee84a808c2fa4f9964e04fcc1e340a\array.\data_wire[204]' from process `$paramod$ea9a025bc5ee84a808c2fa4f9964e04fcc1e340a\array.$proc$results/sv2v_output.v:118$1720'.
No latch inferred for signal `$paramod$ea9a025bc5ee84a808c2fa4f9964e04fcc1e340a\array.\data_wire[203]' from process `$paramod$ea9a025bc5ee84a808c2fa4f9964e04fcc1e340a\array.$proc$results/sv2v_output.v:118$1719'.
No latch inferred for signal `$paramod$ea9a025bc5ee84a808c2fa4f9964e04fcc1e340a\array.\data_wire[202]' from process `$paramod$ea9a025bc5ee84a808c2fa4f9964e04fcc1e340a\array.$proc$results/sv2v_output.v:118$1718'.
No latch inferred for signal `$paramod$ea9a025bc5ee84a808c2fa4f9964e04fcc1e340a\array.\data_wire[201]' from process `$paramod$ea9a025bc5ee84a808c2fa4f9964e04fcc1e340a\array.$proc$results/sv2v_output.v:118$1717'.
No latch inferred for signal `$paramod$ea9a025bc5ee84a808c2fa4f9964e04fcc1e340a\array.\data_wire[200]' from process `$paramod$ea9a025bc5ee84a808c2fa4f9964e04fcc1e340a\array.$proc$results/sv2v_output.v:118$1716'.
No latch inferred for signal `$paramod$ea9a025bc5ee84a808c2fa4f9964e04fcc1e340a\array.\data_wire[199]' from process `$paramod$ea9a025bc5ee84a808c2fa4f9964e04fcc1e340a\array.$proc$results/sv2v_output.v:118$1715'.
No latch inferred for signal `$paramod$ea9a025bc5ee84a808c2fa4f9964e04fcc1e340a\array.\data_wire[198]' from process `$paramod$ea9a025bc5ee84a808c2fa4f9964e04fcc1e340a\array.$proc$results/sv2v_output.v:118$1714'.
No latch inferred for signal `$paramod$ea9a025bc5ee84a808c2fa4f9964e04fcc1e340a\array.\data_wire[197]' from process `$paramod$ea9a025bc5ee84a808c2fa4f9964e04fcc1e340a\array.$proc$results/sv2v_output.v:118$1713'.
No latch inferred for signal `$paramod$ea9a025bc5ee84a808c2fa4f9964e04fcc1e340a\array.\data_wire[196]' from process `$paramod$ea9a025bc5ee84a808c2fa4f9964e04fcc1e340a\array.$proc$results/sv2v_output.v:118$1712'.
No latch inferred for signal `$paramod$ea9a025bc5ee84a808c2fa4f9964e04fcc1e340a\array.\data_wire[195]' from process `$paramod$ea9a025bc5ee84a808c2fa4f9964e04fcc1e340a\array.$proc$results/sv2v_output.v:118$1711'.
No latch inferred for signal `$paramod$ea9a025bc5ee84a808c2fa4f9964e04fcc1e340a\array.\data_wire[194]' from process `$paramod$ea9a025bc5ee84a808c2fa4f9964e04fcc1e340a\array.$proc$results/sv2v_output.v:118$1710'.
No latch inferred for signal `$paramod$ea9a025bc5ee84a808c2fa4f9964e04fcc1e340a\array.\data_wire[193]' from process `$paramod$ea9a025bc5ee84a808c2fa4f9964e04fcc1e340a\array.$proc$results/sv2v_output.v:118$1709'.
No latch inferred for signal `$paramod$ea9a025bc5ee84a808c2fa4f9964e04fcc1e340a\array.\data_wire[192]' from process `$paramod$ea9a025bc5ee84a808c2fa4f9964e04fcc1e340a\array.$proc$results/sv2v_output.v:118$1708'.
No latch inferred for signal `$paramod$ea9a025bc5ee84a808c2fa4f9964e04fcc1e340a\array.\data_wire[191]' from process `$paramod$ea9a025bc5ee84a808c2fa4f9964e04fcc1e340a\array.$proc$results/sv2v_output.v:118$1707'.
No latch inferred for signal `$paramod$ea9a025bc5ee84a808c2fa4f9964e04fcc1e340a\array.\data_wire[190]' from process `$paramod$ea9a025bc5ee84a808c2fa4f9964e04fcc1e340a\array.$proc$results/sv2v_output.v:118$1706'.
No latch inferred for signal `$paramod$ea9a025bc5ee84a808c2fa4f9964e04fcc1e340a\array.\data_wire[189]' from process `$paramod$ea9a025bc5ee84a808c2fa4f9964e04fcc1e340a\array.$proc$results/sv2v_output.v:118$1705'.
No latch inferred for signal `$paramod$ea9a025bc5ee84a808c2fa4f9964e04fcc1e340a\array.\data_wire[188]' from process `$paramod$ea9a025bc5ee84a808c2fa4f9964e04fcc1e340a\array.$proc$results/sv2v_output.v:118$1704'.
No latch inferred for signal `$paramod$ea9a025bc5ee84a808c2fa4f9964e04fcc1e340a\array.\data_wire[187]' from process `$paramod$ea9a025bc5ee84a808c2fa4f9964e04fcc1e340a\array.$proc$results/sv2v_output.v:118$1703'.
No latch inferred for signal `$paramod$ea9a025bc5ee84a808c2fa4f9964e04fcc1e340a\array.\data_wire[186]' from process `$paramod$ea9a025bc5ee84a808c2fa4f9964e04fcc1e340a\array.$proc$results/sv2v_output.v:118$1702'.
No latch inferred for signal `$paramod$ea9a025bc5ee84a808c2fa4f9964e04fcc1e340a\array.\data_wire[185]' from process `$paramod$ea9a025bc5ee84a808c2fa4f9964e04fcc1e340a\array.$proc$results/sv2v_output.v:118$1701'.
No latch inferred for signal `$paramod$ea9a025bc5ee84a808c2fa4f9964e04fcc1e340a\array.\data_wire[184]' from process `$paramod$ea9a025bc5ee84a808c2fa4f9964e04fcc1e340a\array.$proc$results/sv2v_output.v:118$1700'.
No latch inferred for signal `$paramod$ea9a025bc5ee84a808c2fa4f9964e04fcc1e340a\array.\data_wire[183]' from process `$paramod$ea9a025bc5ee84a808c2fa4f9964e04fcc1e340a\array.$proc$results/sv2v_output.v:118$1699'.
No latch inferred for signal `$paramod$ea9a025bc5ee84a808c2fa4f9964e04fcc1e340a\array.\data_wire[182]' from process `$paramod$ea9a025bc5ee84a808c2fa4f9964e04fcc1e340a\array.$proc$results/sv2v_output.v:118$1698'.
No latch inferred for signal `$paramod$ea9a025bc5ee84a808c2fa4f9964e04fcc1e340a\array.\data_wire[181]' from process `$paramod$ea9a025bc5ee84a808c2fa4f9964e04fcc1e340a\array.$proc$results/sv2v_output.v:118$1697'.
No latch inferred for signal `$paramod$ea9a025bc5ee84a808c2fa4f9964e04fcc1e340a\array.\data_wire[180]' from process `$paramod$ea9a025bc5ee84a808c2fa4f9964e04fcc1e340a\array.$proc$results/sv2v_output.v:118$1696'.
No latch inferred for signal `$paramod$ea9a025bc5ee84a808c2fa4f9964e04fcc1e340a\array.\data_wire[179]' from process `$paramod$ea9a025bc5ee84a808c2fa4f9964e04fcc1e340a\array.$proc$results/sv2v_output.v:118$1695'.
No latch inferred for signal `$paramod$ea9a025bc5ee84a808c2fa4f9964e04fcc1e340a\array.\data_wire[178]' from process `$paramod$ea9a025bc5ee84a808c2fa4f9964e04fcc1e340a\array.$proc$results/sv2v_output.v:118$1694'.
No latch inferred for signal `$paramod$ea9a025bc5ee84a808c2fa4f9964e04fcc1e340a\array.\data_wire[177]' from process `$paramod$ea9a025bc5ee84a808c2fa4f9964e04fcc1e340a\array.$proc$results/sv2v_output.v:118$1693'.
No latch inferred for signal `$paramod$ea9a025bc5ee84a808c2fa4f9964e04fcc1e340a\array.\data_wire[176]' from process `$paramod$ea9a025bc5ee84a808c2fa4f9964e04fcc1e340a\array.$proc$results/sv2v_output.v:118$1692'.
No latch inferred for signal `$paramod$ea9a025bc5ee84a808c2fa4f9964e04fcc1e340a\array.\data_wire[175]' from process `$paramod$ea9a025bc5ee84a808c2fa4f9964e04fcc1e340a\array.$proc$results/sv2v_output.v:118$1691'.
No latch inferred for signal `$paramod$ea9a025bc5ee84a808c2fa4f9964e04fcc1e340a\array.\data_wire[174]' from process `$paramod$ea9a025bc5ee84a808c2fa4f9964e04fcc1e340a\array.$proc$results/sv2v_output.v:118$1690'.
No latch inferred for signal `$paramod$ea9a025bc5ee84a808c2fa4f9964e04fcc1e340a\array.\data_wire[173]' from process `$paramod$ea9a025bc5ee84a808c2fa4f9964e04fcc1e340a\array.$proc$results/sv2v_output.v:118$1689'.
No latch inferred for signal `$paramod$ea9a025bc5ee84a808c2fa4f9964e04fcc1e340a\array.\data_wire[172]' from process `$paramod$ea9a025bc5ee84a808c2fa4f9964e04fcc1e340a\array.$proc$results/sv2v_output.v:118$1688'.
No latch inferred for signal `$paramod$ea9a025bc5ee84a808c2fa4f9964e04fcc1e340a\array.\data_wire[171]' from process `$paramod$ea9a025bc5ee84a808c2fa4f9964e04fcc1e340a\array.$proc$results/sv2v_output.v:118$1687'.
No latch inferred for signal `$paramod$ea9a025bc5ee84a808c2fa4f9964e04fcc1e340a\array.\data_wire[170]' from process `$paramod$ea9a025bc5ee84a808c2fa4f9964e04fcc1e340a\array.$proc$results/sv2v_output.v:118$1686'.
No latch inferred for signal `$paramod$ea9a025bc5ee84a808c2fa4f9964e04fcc1e340a\array.\data_wire[169]' from process `$paramod$ea9a025bc5ee84a808c2fa4f9964e04fcc1e340a\array.$proc$results/sv2v_output.v:118$1685'.
No latch inferred for signal `$paramod$ea9a025bc5ee84a808c2fa4f9964e04fcc1e340a\array.\data_wire[168]' from process `$paramod$ea9a025bc5ee84a808c2fa4f9964e04fcc1e340a\array.$proc$results/sv2v_output.v:118$1684'.
No latch inferred for signal `$paramod$ea9a025bc5ee84a808c2fa4f9964e04fcc1e340a\array.\data_wire[167]' from process `$paramod$ea9a025bc5ee84a808c2fa4f9964e04fcc1e340a\array.$proc$results/sv2v_output.v:118$1683'.
No latch inferred for signal `$paramod$ea9a025bc5ee84a808c2fa4f9964e04fcc1e340a\array.\data_wire[166]' from process `$paramod$ea9a025bc5ee84a808c2fa4f9964e04fcc1e340a\array.$proc$results/sv2v_output.v:118$1682'.
No latch inferred for signal `$paramod$ea9a025bc5ee84a808c2fa4f9964e04fcc1e340a\array.\data_wire[165]' from process `$paramod$ea9a025bc5ee84a808c2fa4f9964e04fcc1e340a\array.$proc$results/sv2v_output.v:118$1681'.
No latch inferred for signal `$paramod$ea9a025bc5ee84a808c2fa4f9964e04fcc1e340a\array.\data_wire[164]' from process `$paramod$ea9a025bc5ee84a808c2fa4f9964e04fcc1e340a\array.$proc$results/sv2v_output.v:118$1680'.
No latch inferred for signal `$paramod$ea9a025bc5ee84a808c2fa4f9964e04fcc1e340a\array.\data_wire[163]' from process `$paramod$ea9a025bc5ee84a808c2fa4f9964e04fcc1e340a\array.$proc$results/sv2v_output.v:118$1679'.
No latch inferred for signal `$paramod$ea9a025bc5ee84a808c2fa4f9964e04fcc1e340a\array.\data_wire[162]' from process `$paramod$ea9a025bc5ee84a808c2fa4f9964e04fcc1e340a\array.$proc$results/sv2v_output.v:118$1678'.
No latch inferred for signal `$paramod$ea9a025bc5ee84a808c2fa4f9964e04fcc1e340a\array.\data_wire[161]' from process `$paramod$ea9a025bc5ee84a808c2fa4f9964e04fcc1e340a\array.$proc$results/sv2v_output.v:118$1677'.
No latch inferred for signal `$paramod$ea9a025bc5ee84a808c2fa4f9964e04fcc1e340a\array.\data_wire[160]' from process `$paramod$ea9a025bc5ee84a808c2fa4f9964e04fcc1e340a\array.$proc$results/sv2v_output.v:118$1676'.
No latch inferred for signal `$paramod$ea9a025bc5ee84a808c2fa4f9964e04fcc1e340a\array.\data_wire[159]' from process `$paramod$ea9a025bc5ee84a808c2fa4f9964e04fcc1e340a\array.$proc$results/sv2v_output.v:118$1675'.
No latch inferred for signal `$paramod$ea9a025bc5ee84a808c2fa4f9964e04fcc1e340a\array.\data_wire[158]' from process `$paramod$ea9a025bc5ee84a808c2fa4f9964e04fcc1e340a\array.$proc$results/sv2v_output.v:118$1674'.
No latch inferred for signal `$paramod$ea9a025bc5ee84a808c2fa4f9964e04fcc1e340a\array.\data_wire[157]' from process `$paramod$ea9a025bc5ee84a808c2fa4f9964e04fcc1e340a\array.$proc$results/sv2v_output.v:118$1673'.
No latch inferred for signal `$paramod$ea9a025bc5ee84a808c2fa4f9964e04fcc1e340a\array.\data_wire[156]' from process `$paramod$ea9a025bc5ee84a808c2fa4f9964e04fcc1e340a\array.$proc$results/sv2v_output.v:118$1672'.
No latch inferred for signal `$paramod$ea9a025bc5ee84a808c2fa4f9964e04fcc1e340a\array.\data_wire[155]' from process `$paramod$ea9a025bc5ee84a808c2fa4f9964e04fcc1e340a\array.$proc$results/sv2v_output.v:118$1671'.
No latch inferred for signal `$paramod$ea9a025bc5ee84a808c2fa4f9964e04fcc1e340a\array.\data_wire[154]' from process `$paramod$ea9a025bc5ee84a808c2fa4f9964e04fcc1e340a\array.$proc$results/sv2v_output.v:118$1670'.
No latch inferred for signal `$paramod$ea9a025bc5ee84a808c2fa4f9964e04fcc1e340a\array.\data_wire[153]' from process `$paramod$ea9a025bc5ee84a808c2fa4f9964e04fcc1e340a\array.$proc$results/sv2v_output.v:118$1669'.
No latch inferred for signal `$paramod$ea9a025bc5ee84a808c2fa4f9964e04fcc1e340a\array.\data_wire[152]' from process `$paramod$ea9a025bc5ee84a808c2fa4f9964e04fcc1e340a\array.$proc$results/sv2v_output.v:118$1668'.
No latch inferred for signal `$paramod$ea9a025bc5ee84a808c2fa4f9964e04fcc1e340a\array.\data_wire[151]' from process `$paramod$ea9a025bc5ee84a808c2fa4f9964e04fcc1e340a\array.$proc$results/sv2v_output.v:118$1667'.
No latch inferred for signal `$paramod$ea9a025bc5ee84a808c2fa4f9964e04fcc1e340a\array.\data_wire[150]' from process `$paramod$ea9a025bc5ee84a808c2fa4f9964e04fcc1e340a\array.$proc$results/sv2v_output.v:118$1666'.
No latch inferred for signal `$paramod$ea9a025bc5ee84a808c2fa4f9964e04fcc1e340a\array.\data_wire[149]' from process `$paramod$ea9a025bc5ee84a808c2fa4f9964e04fcc1e340a\array.$proc$results/sv2v_output.v:118$1665'.
No latch inferred for signal `$paramod$ea9a025bc5ee84a808c2fa4f9964e04fcc1e340a\array.\data_wire[148]' from process `$paramod$ea9a025bc5ee84a808c2fa4f9964e04fcc1e340a\array.$proc$results/sv2v_output.v:118$1664'.
No latch inferred for signal `$paramod$ea9a025bc5ee84a808c2fa4f9964e04fcc1e340a\array.\data_wire[147]' from process `$paramod$ea9a025bc5ee84a808c2fa4f9964e04fcc1e340a\array.$proc$results/sv2v_output.v:118$1663'.
No latch inferred for signal `$paramod$ea9a025bc5ee84a808c2fa4f9964e04fcc1e340a\array.\data_wire[146]' from process `$paramod$ea9a025bc5ee84a808c2fa4f9964e04fcc1e340a\array.$proc$results/sv2v_output.v:118$1662'.
No latch inferred for signal `$paramod$ea9a025bc5ee84a808c2fa4f9964e04fcc1e340a\array.\data_wire[145]' from process `$paramod$ea9a025bc5ee84a808c2fa4f9964e04fcc1e340a\array.$proc$results/sv2v_output.v:118$1661'.
No latch inferred for signal `$paramod$ea9a025bc5ee84a808c2fa4f9964e04fcc1e340a\array.\data_wire[144]' from process `$paramod$ea9a025bc5ee84a808c2fa4f9964e04fcc1e340a\array.$proc$results/sv2v_output.v:118$1660'.
No latch inferred for signal `$paramod$ea9a025bc5ee84a808c2fa4f9964e04fcc1e340a\array.\data_wire[143]' from process `$paramod$ea9a025bc5ee84a808c2fa4f9964e04fcc1e340a\array.$proc$results/sv2v_output.v:118$1659'.
No latch inferred for signal `$paramod$ea9a025bc5ee84a808c2fa4f9964e04fcc1e340a\array.\data_wire[142]' from process `$paramod$ea9a025bc5ee84a808c2fa4f9964e04fcc1e340a\array.$proc$results/sv2v_output.v:118$1658'.
No latch inferred for signal `$paramod$ea9a025bc5ee84a808c2fa4f9964e04fcc1e340a\array.\data_wire[141]' from process `$paramod$ea9a025bc5ee84a808c2fa4f9964e04fcc1e340a\array.$proc$results/sv2v_output.v:118$1657'.
No latch inferred for signal `$paramod$ea9a025bc5ee84a808c2fa4f9964e04fcc1e340a\array.\data_wire[140]' from process `$paramod$ea9a025bc5ee84a808c2fa4f9964e04fcc1e340a\array.$proc$results/sv2v_output.v:118$1656'.
No latch inferred for signal `$paramod$ea9a025bc5ee84a808c2fa4f9964e04fcc1e340a\array.\data_wire[139]' from process `$paramod$ea9a025bc5ee84a808c2fa4f9964e04fcc1e340a\array.$proc$results/sv2v_output.v:118$1655'.
No latch inferred for signal `$paramod$ea9a025bc5ee84a808c2fa4f9964e04fcc1e340a\array.\data_wire[138]' from process `$paramod$ea9a025bc5ee84a808c2fa4f9964e04fcc1e340a\array.$proc$results/sv2v_output.v:118$1654'.
No latch inferred for signal `$paramod$ea9a025bc5ee84a808c2fa4f9964e04fcc1e340a\array.\data_wire[137]' from process `$paramod$ea9a025bc5ee84a808c2fa4f9964e04fcc1e340a\array.$proc$results/sv2v_output.v:118$1653'.
No latch inferred for signal `$paramod$ea9a025bc5ee84a808c2fa4f9964e04fcc1e340a\array.\data_wire[136]' from process `$paramod$ea9a025bc5ee84a808c2fa4f9964e04fcc1e340a\array.$proc$results/sv2v_output.v:118$1652'.
No latch inferred for signal `$paramod$ea9a025bc5ee84a808c2fa4f9964e04fcc1e340a\array.\data_wire[135]' from process `$paramod$ea9a025bc5ee84a808c2fa4f9964e04fcc1e340a\array.$proc$results/sv2v_output.v:118$1651'.
No latch inferred for signal `$paramod$ea9a025bc5ee84a808c2fa4f9964e04fcc1e340a\array.\data_wire[134]' from process `$paramod$ea9a025bc5ee84a808c2fa4f9964e04fcc1e340a\array.$proc$results/sv2v_output.v:118$1650'.
No latch inferred for signal `$paramod$ea9a025bc5ee84a808c2fa4f9964e04fcc1e340a\array.\data_wire[133]' from process `$paramod$ea9a025bc5ee84a808c2fa4f9964e04fcc1e340a\array.$proc$results/sv2v_output.v:118$1649'.
No latch inferred for signal `$paramod$ea9a025bc5ee84a808c2fa4f9964e04fcc1e340a\array.\data_wire[132]' from process `$paramod$ea9a025bc5ee84a808c2fa4f9964e04fcc1e340a\array.$proc$results/sv2v_output.v:118$1648'.
No latch inferred for signal `$paramod$ea9a025bc5ee84a808c2fa4f9964e04fcc1e340a\array.\data_wire[131]' from process `$paramod$ea9a025bc5ee84a808c2fa4f9964e04fcc1e340a\array.$proc$results/sv2v_output.v:118$1647'.
No latch inferred for signal `$paramod$ea9a025bc5ee84a808c2fa4f9964e04fcc1e340a\array.\data_wire[130]' from process `$paramod$ea9a025bc5ee84a808c2fa4f9964e04fcc1e340a\array.$proc$results/sv2v_output.v:118$1646'.
No latch inferred for signal `$paramod$ea9a025bc5ee84a808c2fa4f9964e04fcc1e340a\array.\data_wire[129]' from process `$paramod$ea9a025bc5ee84a808c2fa4f9964e04fcc1e340a\array.$proc$results/sv2v_output.v:118$1645'.
No latch inferred for signal `$paramod$ea9a025bc5ee84a808c2fa4f9964e04fcc1e340a\array.\data_wire[128]' from process `$paramod$ea9a025bc5ee84a808c2fa4f9964e04fcc1e340a\array.$proc$results/sv2v_output.v:118$1644'.
No latch inferred for signal `$paramod$ea9a025bc5ee84a808c2fa4f9964e04fcc1e340a\array.\data_wire[127]' from process `$paramod$ea9a025bc5ee84a808c2fa4f9964e04fcc1e340a\array.$proc$results/sv2v_output.v:118$1643'.
No latch inferred for signal `$paramod$ea9a025bc5ee84a808c2fa4f9964e04fcc1e340a\array.\data_wire[126]' from process `$paramod$ea9a025bc5ee84a808c2fa4f9964e04fcc1e340a\array.$proc$results/sv2v_output.v:118$1642'.
No latch inferred for signal `$paramod$ea9a025bc5ee84a808c2fa4f9964e04fcc1e340a\array.\data_wire[125]' from process `$paramod$ea9a025bc5ee84a808c2fa4f9964e04fcc1e340a\array.$proc$results/sv2v_output.v:118$1641'.
No latch inferred for signal `$paramod$ea9a025bc5ee84a808c2fa4f9964e04fcc1e340a\array.\data_wire[124]' from process `$paramod$ea9a025bc5ee84a808c2fa4f9964e04fcc1e340a\array.$proc$results/sv2v_output.v:118$1640'.
No latch inferred for signal `$paramod$ea9a025bc5ee84a808c2fa4f9964e04fcc1e340a\array.\data_wire[123]' from process `$paramod$ea9a025bc5ee84a808c2fa4f9964e04fcc1e340a\array.$proc$results/sv2v_output.v:118$1639'.
No latch inferred for signal `$paramod$ea9a025bc5ee84a808c2fa4f9964e04fcc1e340a\array.\data_wire[122]' from process `$paramod$ea9a025bc5ee84a808c2fa4f9964e04fcc1e340a\array.$proc$results/sv2v_output.v:118$1638'.
No latch inferred for signal `$paramod$ea9a025bc5ee84a808c2fa4f9964e04fcc1e340a\array.\data_wire[121]' from process `$paramod$ea9a025bc5ee84a808c2fa4f9964e04fcc1e340a\array.$proc$results/sv2v_output.v:118$1637'.
No latch inferred for signal `$paramod$ea9a025bc5ee84a808c2fa4f9964e04fcc1e340a\array.\data_wire[120]' from process `$paramod$ea9a025bc5ee84a808c2fa4f9964e04fcc1e340a\array.$proc$results/sv2v_output.v:118$1636'.
No latch inferred for signal `$paramod$ea9a025bc5ee84a808c2fa4f9964e04fcc1e340a\array.\data_wire[119]' from process `$paramod$ea9a025bc5ee84a808c2fa4f9964e04fcc1e340a\array.$proc$results/sv2v_output.v:118$1635'.
No latch inferred for signal `$paramod$ea9a025bc5ee84a808c2fa4f9964e04fcc1e340a\array.\data_wire[118]' from process `$paramod$ea9a025bc5ee84a808c2fa4f9964e04fcc1e340a\array.$proc$results/sv2v_output.v:118$1634'.
No latch inferred for signal `$paramod$ea9a025bc5ee84a808c2fa4f9964e04fcc1e340a\array.\data_wire[117]' from process `$paramod$ea9a025bc5ee84a808c2fa4f9964e04fcc1e340a\array.$proc$results/sv2v_output.v:118$1633'.
No latch inferred for signal `$paramod$ea9a025bc5ee84a808c2fa4f9964e04fcc1e340a\array.\data_wire[116]' from process `$paramod$ea9a025bc5ee84a808c2fa4f9964e04fcc1e340a\array.$proc$results/sv2v_output.v:118$1632'.
No latch inferred for signal `$paramod$ea9a025bc5ee84a808c2fa4f9964e04fcc1e340a\array.\data_wire[115]' from process `$paramod$ea9a025bc5ee84a808c2fa4f9964e04fcc1e340a\array.$proc$results/sv2v_output.v:118$1631'.
No latch inferred for signal `$paramod$ea9a025bc5ee84a808c2fa4f9964e04fcc1e340a\array.\data_wire[114]' from process `$paramod$ea9a025bc5ee84a808c2fa4f9964e04fcc1e340a\array.$proc$results/sv2v_output.v:118$1630'.
No latch inferred for signal `$paramod$ea9a025bc5ee84a808c2fa4f9964e04fcc1e340a\array.\data_wire[113]' from process `$paramod$ea9a025bc5ee84a808c2fa4f9964e04fcc1e340a\array.$proc$results/sv2v_output.v:118$1629'.
No latch inferred for signal `$paramod$ea9a025bc5ee84a808c2fa4f9964e04fcc1e340a\array.\data_wire[112]' from process `$paramod$ea9a025bc5ee84a808c2fa4f9964e04fcc1e340a\array.$proc$results/sv2v_output.v:118$1628'.
No latch inferred for signal `$paramod$ea9a025bc5ee84a808c2fa4f9964e04fcc1e340a\array.\data_wire[111]' from process `$paramod$ea9a025bc5ee84a808c2fa4f9964e04fcc1e340a\array.$proc$results/sv2v_output.v:118$1627'.
No latch inferred for signal `$paramod$ea9a025bc5ee84a808c2fa4f9964e04fcc1e340a\array.\data_wire[110]' from process `$paramod$ea9a025bc5ee84a808c2fa4f9964e04fcc1e340a\array.$proc$results/sv2v_output.v:118$1626'.
No latch inferred for signal `$paramod$ea9a025bc5ee84a808c2fa4f9964e04fcc1e340a\array.\data_wire[109]' from process `$paramod$ea9a025bc5ee84a808c2fa4f9964e04fcc1e340a\array.$proc$results/sv2v_output.v:118$1625'.
No latch inferred for signal `$paramod$ea9a025bc5ee84a808c2fa4f9964e04fcc1e340a\array.\data_wire[108]' from process `$paramod$ea9a025bc5ee84a808c2fa4f9964e04fcc1e340a\array.$proc$results/sv2v_output.v:118$1624'.
No latch inferred for signal `$paramod$ea9a025bc5ee84a808c2fa4f9964e04fcc1e340a\array.\data_wire[107]' from process `$paramod$ea9a025bc5ee84a808c2fa4f9964e04fcc1e340a\array.$proc$results/sv2v_output.v:118$1623'.
No latch inferred for signal `$paramod$ea9a025bc5ee84a808c2fa4f9964e04fcc1e340a\array.\data_wire[106]' from process `$paramod$ea9a025bc5ee84a808c2fa4f9964e04fcc1e340a\array.$proc$results/sv2v_output.v:118$1622'.
No latch inferred for signal `$paramod$ea9a025bc5ee84a808c2fa4f9964e04fcc1e340a\array.\data_wire[105]' from process `$paramod$ea9a025bc5ee84a808c2fa4f9964e04fcc1e340a\array.$proc$results/sv2v_output.v:118$1621'.
No latch inferred for signal `$paramod$ea9a025bc5ee84a808c2fa4f9964e04fcc1e340a\array.\data_wire[104]' from process `$paramod$ea9a025bc5ee84a808c2fa4f9964e04fcc1e340a\array.$proc$results/sv2v_output.v:118$1620'.
No latch inferred for signal `$paramod$ea9a025bc5ee84a808c2fa4f9964e04fcc1e340a\array.\data_wire[103]' from process `$paramod$ea9a025bc5ee84a808c2fa4f9964e04fcc1e340a\array.$proc$results/sv2v_output.v:118$1619'.
No latch inferred for signal `$paramod$ea9a025bc5ee84a808c2fa4f9964e04fcc1e340a\array.\data_wire[102]' from process `$paramod$ea9a025bc5ee84a808c2fa4f9964e04fcc1e340a\array.$proc$results/sv2v_output.v:118$1618'.
No latch inferred for signal `$paramod$ea9a025bc5ee84a808c2fa4f9964e04fcc1e340a\array.\data_wire[101]' from process `$paramod$ea9a025bc5ee84a808c2fa4f9964e04fcc1e340a\array.$proc$results/sv2v_output.v:118$1617'.
No latch inferred for signal `$paramod$ea9a025bc5ee84a808c2fa4f9964e04fcc1e340a\array.\data_wire[100]' from process `$paramod$ea9a025bc5ee84a808c2fa4f9964e04fcc1e340a\array.$proc$results/sv2v_output.v:118$1616'.
No latch inferred for signal `$paramod$ea9a025bc5ee84a808c2fa4f9964e04fcc1e340a\array.\data_wire[99]' from process `$paramod$ea9a025bc5ee84a808c2fa4f9964e04fcc1e340a\array.$proc$results/sv2v_output.v:118$1615'.
No latch inferred for signal `$paramod$ea9a025bc5ee84a808c2fa4f9964e04fcc1e340a\array.\data_wire[98]' from process `$paramod$ea9a025bc5ee84a808c2fa4f9964e04fcc1e340a\array.$proc$results/sv2v_output.v:118$1614'.
No latch inferred for signal `$paramod$ea9a025bc5ee84a808c2fa4f9964e04fcc1e340a\array.\data_wire[97]' from process `$paramod$ea9a025bc5ee84a808c2fa4f9964e04fcc1e340a\array.$proc$results/sv2v_output.v:118$1613'.
No latch inferred for signal `$paramod$ea9a025bc5ee84a808c2fa4f9964e04fcc1e340a\array.\data_wire[96]' from process `$paramod$ea9a025bc5ee84a808c2fa4f9964e04fcc1e340a\array.$proc$results/sv2v_output.v:118$1612'.
No latch inferred for signal `$paramod$ea9a025bc5ee84a808c2fa4f9964e04fcc1e340a\array.\data_wire[95]' from process `$paramod$ea9a025bc5ee84a808c2fa4f9964e04fcc1e340a\array.$proc$results/sv2v_output.v:118$1611'.
No latch inferred for signal `$paramod$ea9a025bc5ee84a808c2fa4f9964e04fcc1e340a\array.\data_wire[94]' from process `$paramod$ea9a025bc5ee84a808c2fa4f9964e04fcc1e340a\array.$proc$results/sv2v_output.v:118$1610'.
No latch inferred for signal `$paramod$ea9a025bc5ee84a808c2fa4f9964e04fcc1e340a\array.\data_wire[93]' from process `$paramod$ea9a025bc5ee84a808c2fa4f9964e04fcc1e340a\array.$proc$results/sv2v_output.v:118$1609'.
No latch inferred for signal `$paramod$ea9a025bc5ee84a808c2fa4f9964e04fcc1e340a\array.\data_wire[92]' from process `$paramod$ea9a025bc5ee84a808c2fa4f9964e04fcc1e340a\array.$proc$results/sv2v_output.v:118$1608'.
No latch inferred for signal `$paramod$ea9a025bc5ee84a808c2fa4f9964e04fcc1e340a\array.\data_wire[91]' from process `$paramod$ea9a025bc5ee84a808c2fa4f9964e04fcc1e340a\array.$proc$results/sv2v_output.v:118$1607'.
No latch inferred for signal `$paramod$ea9a025bc5ee84a808c2fa4f9964e04fcc1e340a\array.\data_wire[90]' from process `$paramod$ea9a025bc5ee84a808c2fa4f9964e04fcc1e340a\array.$proc$results/sv2v_output.v:118$1606'.
No latch inferred for signal `$paramod$ea9a025bc5ee84a808c2fa4f9964e04fcc1e340a\array.\data_wire[89]' from process `$paramod$ea9a025bc5ee84a808c2fa4f9964e04fcc1e340a\array.$proc$results/sv2v_output.v:118$1605'.
No latch inferred for signal `$paramod$ea9a025bc5ee84a808c2fa4f9964e04fcc1e340a\array.\data_wire[88]' from process `$paramod$ea9a025bc5ee84a808c2fa4f9964e04fcc1e340a\array.$proc$results/sv2v_output.v:118$1604'.
No latch inferred for signal `$paramod$ea9a025bc5ee84a808c2fa4f9964e04fcc1e340a\array.\data_wire[87]' from process `$paramod$ea9a025bc5ee84a808c2fa4f9964e04fcc1e340a\array.$proc$results/sv2v_output.v:118$1603'.
No latch inferred for signal `$paramod$ea9a025bc5ee84a808c2fa4f9964e04fcc1e340a\array.\data_wire[86]' from process `$paramod$ea9a025bc5ee84a808c2fa4f9964e04fcc1e340a\array.$proc$results/sv2v_output.v:118$1602'.
No latch inferred for signal `$paramod$ea9a025bc5ee84a808c2fa4f9964e04fcc1e340a\array.\data_wire[85]' from process `$paramod$ea9a025bc5ee84a808c2fa4f9964e04fcc1e340a\array.$proc$results/sv2v_output.v:118$1601'.
No latch inferred for signal `$paramod$ea9a025bc5ee84a808c2fa4f9964e04fcc1e340a\array.\data_wire[84]' from process `$paramod$ea9a025bc5ee84a808c2fa4f9964e04fcc1e340a\array.$proc$results/sv2v_output.v:118$1600'.
No latch inferred for signal `$paramod$ea9a025bc5ee84a808c2fa4f9964e04fcc1e340a\array.\data_wire[83]' from process `$paramod$ea9a025bc5ee84a808c2fa4f9964e04fcc1e340a\array.$proc$results/sv2v_output.v:118$1599'.
No latch inferred for signal `$paramod$ea9a025bc5ee84a808c2fa4f9964e04fcc1e340a\array.\data_wire[82]' from process `$paramod$ea9a025bc5ee84a808c2fa4f9964e04fcc1e340a\array.$proc$results/sv2v_output.v:118$1598'.
No latch inferred for signal `$paramod$ea9a025bc5ee84a808c2fa4f9964e04fcc1e340a\array.\data_wire[81]' from process `$paramod$ea9a025bc5ee84a808c2fa4f9964e04fcc1e340a\array.$proc$results/sv2v_output.v:118$1597'.
No latch inferred for signal `$paramod$ea9a025bc5ee84a808c2fa4f9964e04fcc1e340a\array.\data_wire[80]' from process `$paramod$ea9a025bc5ee84a808c2fa4f9964e04fcc1e340a\array.$proc$results/sv2v_output.v:118$1596'.
No latch inferred for signal `$paramod$ea9a025bc5ee84a808c2fa4f9964e04fcc1e340a\array.\data_wire[79]' from process `$paramod$ea9a025bc5ee84a808c2fa4f9964e04fcc1e340a\array.$proc$results/sv2v_output.v:118$1595'.
No latch inferred for signal `$paramod$ea9a025bc5ee84a808c2fa4f9964e04fcc1e340a\array.\data_wire[78]' from process `$paramod$ea9a025bc5ee84a808c2fa4f9964e04fcc1e340a\array.$proc$results/sv2v_output.v:118$1594'.
No latch inferred for signal `$paramod$ea9a025bc5ee84a808c2fa4f9964e04fcc1e340a\array.\data_wire[77]' from process `$paramod$ea9a025bc5ee84a808c2fa4f9964e04fcc1e340a\array.$proc$results/sv2v_output.v:118$1593'.
No latch inferred for signal `$paramod$ea9a025bc5ee84a808c2fa4f9964e04fcc1e340a\array.\data_wire[76]' from process `$paramod$ea9a025bc5ee84a808c2fa4f9964e04fcc1e340a\array.$proc$results/sv2v_output.v:118$1592'.
No latch inferred for signal `$paramod$ea9a025bc5ee84a808c2fa4f9964e04fcc1e340a\array.\data_wire[75]' from process `$paramod$ea9a025bc5ee84a808c2fa4f9964e04fcc1e340a\array.$proc$results/sv2v_output.v:118$1591'.
No latch inferred for signal `$paramod$ea9a025bc5ee84a808c2fa4f9964e04fcc1e340a\array.\data_wire[74]' from process `$paramod$ea9a025bc5ee84a808c2fa4f9964e04fcc1e340a\array.$proc$results/sv2v_output.v:118$1590'.
No latch inferred for signal `$paramod$ea9a025bc5ee84a808c2fa4f9964e04fcc1e340a\array.\data_wire[73]' from process `$paramod$ea9a025bc5ee84a808c2fa4f9964e04fcc1e340a\array.$proc$results/sv2v_output.v:118$1589'.
No latch inferred for signal `$paramod$ea9a025bc5ee84a808c2fa4f9964e04fcc1e340a\array.\data_wire[72]' from process `$paramod$ea9a025bc5ee84a808c2fa4f9964e04fcc1e340a\array.$proc$results/sv2v_output.v:118$1588'.
No latch inferred for signal `$paramod$ea9a025bc5ee84a808c2fa4f9964e04fcc1e340a\array.\data_wire[71]' from process `$paramod$ea9a025bc5ee84a808c2fa4f9964e04fcc1e340a\array.$proc$results/sv2v_output.v:118$1587'.
No latch inferred for signal `$paramod$ea9a025bc5ee84a808c2fa4f9964e04fcc1e340a\array.\data_wire[70]' from process `$paramod$ea9a025bc5ee84a808c2fa4f9964e04fcc1e340a\array.$proc$results/sv2v_output.v:118$1586'.
No latch inferred for signal `$paramod$ea9a025bc5ee84a808c2fa4f9964e04fcc1e340a\array.\data_wire[69]' from process `$paramod$ea9a025bc5ee84a808c2fa4f9964e04fcc1e340a\array.$proc$results/sv2v_output.v:118$1585'.
No latch inferred for signal `$paramod$ea9a025bc5ee84a808c2fa4f9964e04fcc1e340a\array.\data_wire[68]' from process `$paramod$ea9a025bc5ee84a808c2fa4f9964e04fcc1e340a\array.$proc$results/sv2v_output.v:118$1584'.
No latch inferred for signal `$paramod$ea9a025bc5ee84a808c2fa4f9964e04fcc1e340a\array.\data_wire[67]' from process `$paramod$ea9a025bc5ee84a808c2fa4f9964e04fcc1e340a\array.$proc$results/sv2v_output.v:118$1583'.
No latch inferred for signal `$paramod$ea9a025bc5ee84a808c2fa4f9964e04fcc1e340a\array.\data_wire[66]' from process `$paramod$ea9a025bc5ee84a808c2fa4f9964e04fcc1e340a\array.$proc$results/sv2v_output.v:118$1582'.
No latch inferred for signal `$paramod$ea9a025bc5ee84a808c2fa4f9964e04fcc1e340a\array.\data_wire[65]' from process `$paramod$ea9a025bc5ee84a808c2fa4f9964e04fcc1e340a\array.$proc$results/sv2v_output.v:118$1581'.
No latch inferred for signal `$paramod$ea9a025bc5ee84a808c2fa4f9964e04fcc1e340a\array.\data_wire[64]' from process `$paramod$ea9a025bc5ee84a808c2fa4f9964e04fcc1e340a\array.$proc$results/sv2v_output.v:118$1580'.
No latch inferred for signal `$paramod$ea9a025bc5ee84a808c2fa4f9964e04fcc1e340a\array.\data_wire[63]' from process `$paramod$ea9a025bc5ee84a808c2fa4f9964e04fcc1e340a\array.$proc$results/sv2v_output.v:118$1579'.
No latch inferred for signal `$paramod$ea9a025bc5ee84a808c2fa4f9964e04fcc1e340a\array.\data_wire[62]' from process `$paramod$ea9a025bc5ee84a808c2fa4f9964e04fcc1e340a\array.$proc$results/sv2v_output.v:118$1578'.
No latch inferred for signal `$paramod$ea9a025bc5ee84a808c2fa4f9964e04fcc1e340a\array.\data_wire[61]' from process `$paramod$ea9a025bc5ee84a808c2fa4f9964e04fcc1e340a\array.$proc$results/sv2v_output.v:118$1577'.
No latch inferred for signal `$paramod$ea9a025bc5ee84a808c2fa4f9964e04fcc1e340a\array.\data_wire[60]' from process `$paramod$ea9a025bc5ee84a808c2fa4f9964e04fcc1e340a\array.$proc$results/sv2v_output.v:118$1576'.
No latch inferred for signal `$paramod$ea9a025bc5ee84a808c2fa4f9964e04fcc1e340a\array.\data_wire[59]' from process `$paramod$ea9a025bc5ee84a808c2fa4f9964e04fcc1e340a\array.$proc$results/sv2v_output.v:118$1575'.
No latch inferred for signal `$paramod$ea9a025bc5ee84a808c2fa4f9964e04fcc1e340a\array.\data_wire[58]' from process `$paramod$ea9a025bc5ee84a808c2fa4f9964e04fcc1e340a\array.$proc$results/sv2v_output.v:118$1574'.
No latch inferred for signal `$paramod$ea9a025bc5ee84a808c2fa4f9964e04fcc1e340a\array.\data_wire[57]' from process `$paramod$ea9a025bc5ee84a808c2fa4f9964e04fcc1e340a\array.$proc$results/sv2v_output.v:118$1573'.
No latch inferred for signal `$paramod$ea9a025bc5ee84a808c2fa4f9964e04fcc1e340a\array.\data_wire[56]' from process `$paramod$ea9a025bc5ee84a808c2fa4f9964e04fcc1e340a\array.$proc$results/sv2v_output.v:118$1572'.
No latch inferred for signal `$paramod$ea9a025bc5ee84a808c2fa4f9964e04fcc1e340a\array.\data_wire[55]' from process `$paramod$ea9a025bc5ee84a808c2fa4f9964e04fcc1e340a\array.$proc$results/sv2v_output.v:118$1571'.
No latch inferred for signal `$paramod$ea9a025bc5ee84a808c2fa4f9964e04fcc1e340a\array.\data_wire[54]' from process `$paramod$ea9a025bc5ee84a808c2fa4f9964e04fcc1e340a\array.$proc$results/sv2v_output.v:118$1570'.
No latch inferred for signal `$paramod$ea9a025bc5ee84a808c2fa4f9964e04fcc1e340a\array.\data_wire[53]' from process `$paramod$ea9a025bc5ee84a808c2fa4f9964e04fcc1e340a\array.$proc$results/sv2v_output.v:118$1569'.
No latch inferred for signal `$paramod$ea9a025bc5ee84a808c2fa4f9964e04fcc1e340a\array.\data_wire[52]' from process `$paramod$ea9a025bc5ee84a808c2fa4f9964e04fcc1e340a\array.$proc$results/sv2v_output.v:118$1568'.
No latch inferred for signal `$paramod$ea9a025bc5ee84a808c2fa4f9964e04fcc1e340a\array.\data_wire[51]' from process `$paramod$ea9a025bc5ee84a808c2fa4f9964e04fcc1e340a\array.$proc$results/sv2v_output.v:118$1567'.
No latch inferred for signal `$paramod$ea9a025bc5ee84a808c2fa4f9964e04fcc1e340a\array.\data_wire[50]' from process `$paramod$ea9a025bc5ee84a808c2fa4f9964e04fcc1e340a\array.$proc$results/sv2v_output.v:118$1566'.
No latch inferred for signal `$paramod$ea9a025bc5ee84a808c2fa4f9964e04fcc1e340a\array.\data_wire[49]' from process `$paramod$ea9a025bc5ee84a808c2fa4f9964e04fcc1e340a\array.$proc$results/sv2v_output.v:118$1565'.
No latch inferred for signal `$paramod$ea9a025bc5ee84a808c2fa4f9964e04fcc1e340a\array.\data_wire[48]' from process `$paramod$ea9a025bc5ee84a808c2fa4f9964e04fcc1e340a\array.$proc$results/sv2v_output.v:118$1564'.
No latch inferred for signal `$paramod$ea9a025bc5ee84a808c2fa4f9964e04fcc1e340a\array.\data_wire[47]' from process `$paramod$ea9a025bc5ee84a808c2fa4f9964e04fcc1e340a\array.$proc$results/sv2v_output.v:118$1563'.
No latch inferred for signal `$paramod$ea9a025bc5ee84a808c2fa4f9964e04fcc1e340a\array.\data_wire[46]' from process `$paramod$ea9a025bc5ee84a808c2fa4f9964e04fcc1e340a\array.$proc$results/sv2v_output.v:118$1562'.
No latch inferred for signal `$paramod$ea9a025bc5ee84a808c2fa4f9964e04fcc1e340a\array.\data_wire[45]' from process `$paramod$ea9a025bc5ee84a808c2fa4f9964e04fcc1e340a\array.$proc$results/sv2v_output.v:118$1561'.
No latch inferred for signal `$paramod$ea9a025bc5ee84a808c2fa4f9964e04fcc1e340a\array.\data_wire[44]' from process `$paramod$ea9a025bc5ee84a808c2fa4f9964e04fcc1e340a\array.$proc$results/sv2v_output.v:118$1560'.
No latch inferred for signal `$paramod$ea9a025bc5ee84a808c2fa4f9964e04fcc1e340a\array.\data_wire[43]' from process `$paramod$ea9a025bc5ee84a808c2fa4f9964e04fcc1e340a\array.$proc$results/sv2v_output.v:118$1559'.
No latch inferred for signal `$paramod$ea9a025bc5ee84a808c2fa4f9964e04fcc1e340a\array.\data_wire[42]' from process `$paramod$ea9a025bc5ee84a808c2fa4f9964e04fcc1e340a\array.$proc$results/sv2v_output.v:118$1558'.
No latch inferred for signal `$paramod$ea9a025bc5ee84a808c2fa4f9964e04fcc1e340a\array.\data_wire[41]' from process `$paramod$ea9a025bc5ee84a808c2fa4f9964e04fcc1e340a\array.$proc$results/sv2v_output.v:118$1557'.
No latch inferred for signal `$paramod$ea9a025bc5ee84a808c2fa4f9964e04fcc1e340a\array.\data_wire[40]' from process `$paramod$ea9a025bc5ee84a808c2fa4f9964e04fcc1e340a\array.$proc$results/sv2v_output.v:118$1556'.
No latch inferred for signal `$paramod$ea9a025bc5ee84a808c2fa4f9964e04fcc1e340a\array.\data_wire[39]' from process `$paramod$ea9a025bc5ee84a808c2fa4f9964e04fcc1e340a\array.$proc$results/sv2v_output.v:118$1555'.
No latch inferred for signal `$paramod$ea9a025bc5ee84a808c2fa4f9964e04fcc1e340a\array.\data_wire[38]' from process `$paramod$ea9a025bc5ee84a808c2fa4f9964e04fcc1e340a\array.$proc$results/sv2v_output.v:118$1554'.
No latch inferred for signal `$paramod$ea9a025bc5ee84a808c2fa4f9964e04fcc1e340a\array.\data_wire[37]' from process `$paramod$ea9a025bc5ee84a808c2fa4f9964e04fcc1e340a\array.$proc$results/sv2v_output.v:118$1553'.
No latch inferred for signal `$paramod$ea9a025bc5ee84a808c2fa4f9964e04fcc1e340a\array.\data_wire[36]' from process `$paramod$ea9a025bc5ee84a808c2fa4f9964e04fcc1e340a\array.$proc$results/sv2v_output.v:118$1552'.
No latch inferred for signal `$paramod$ea9a025bc5ee84a808c2fa4f9964e04fcc1e340a\array.\data_wire[35]' from process `$paramod$ea9a025bc5ee84a808c2fa4f9964e04fcc1e340a\array.$proc$results/sv2v_output.v:118$1551'.
No latch inferred for signal `$paramod$ea9a025bc5ee84a808c2fa4f9964e04fcc1e340a\array.\data_wire[34]' from process `$paramod$ea9a025bc5ee84a808c2fa4f9964e04fcc1e340a\array.$proc$results/sv2v_output.v:118$1550'.
No latch inferred for signal `$paramod$ea9a025bc5ee84a808c2fa4f9964e04fcc1e340a\array.\data_wire[33]' from process `$paramod$ea9a025bc5ee84a808c2fa4f9964e04fcc1e340a\array.$proc$results/sv2v_output.v:118$1549'.
No latch inferred for signal `$paramod$ea9a025bc5ee84a808c2fa4f9964e04fcc1e340a\array.\data_wire[32]' from process `$paramod$ea9a025bc5ee84a808c2fa4f9964e04fcc1e340a\array.$proc$results/sv2v_output.v:118$1548'.
No latch inferred for signal `$paramod$ea9a025bc5ee84a808c2fa4f9964e04fcc1e340a\array.\data_wire[31]' from process `$paramod$ea9a025bc5ee84a808c2fa4f9964e04fcc1e340a\array.$proc$results/sv2v_output.v:104$1547'.
No latch inferred for signal `$paramod$ea9a025bc5ee84a808c2fa4f9964e04fcc1e340a\array.\data_wire[30]' from process `$paramod$ea9a025bc5ee84a808c2fa4f9964e04fcc1e340a\array.$proc$results/sv2v_output.v:104$1546'.
No latch inferred for signal `$paramod$ea9a025bc5ee84a808c2fa4f9964e04fcc1e340a\array.\data_wire[29]' from process `$paramod$ea9a025bc5ee84a808c2fa4f9964e04fcc1e340a\array.$proc$results/sv2v_output.v:104$1545'.
No latch inferred for signal `$paramod$ea9a025bc5ee84a808c2fa4f9964e04fcc1e340a\array.\data_wire[28]' from process `$paramod$ea9a025bc5ee84a808c2fa4f9964e04fcc1e340a\array.$proc$results/sv2v_output.v:104$1544'.
No latch inferred for signal `$paramod$ea9a025bc5ee84a808c2fa4f9964e04fcc1e340a\array.\data_wire[27]' from process `$paramod$ea9a025bc5ee84a808c2fa4f9964e04fcc1e340a\array.$proc$results/sv2v_output.v:104$1543'.
No latch inferred for signal `$paramod$ea9a025bc5ee84a808c2fa4f9964e04fcc1e340a\array.\data_wire[26]' from process `$paramod$ea9a025bc5ee84a808c2fa4f9964e04fcc1e340a\array.$proc$results/sv2v_output.v:104$1542'.
No latch inferred for signal `$paramod$ea9a025bc5ee84a808c2fa4f9964e04fcc1e340a\array.\data_wire[25]' from process `$paramod$ea9a025bc5ee84a808c2fa4f9964e04fcc1e340a\array.$proc$results/sv2v_output.v:104$1541'.
No latch inferred for signal `$paramod$ea9a025bc5ee84a808c2fa4f9964e04fcc1e340a\array.\data_wire[24]' from process `$paramod$ea9a025bc5ee84a808c2fa4f9964e04fcc1e340a\array.$proc$results/sv2v_output.v:104$1540'.
No latch inferred for signal `$paramod$ea9a025bc5ee84a808c2fa4f9964e04fcc1e340a\array.\data_wire[23]' from process `$paramod$ea9a025bc5ee84a808c2fa4f9964e04fcc1e340a\array.$proc$results/sv2v_output.v:104$1539'.
No latch inferred for signal `$paramod$ea9a025bc5ee84a808c2fa4f9964e04fcc1e340a\array.\data_wire[22]' from process `$paramod$ea9a025bc5ee84a808c2fa4f9964e04fcc1e340a\array.$proc$results/sv2v_output.v:104$1538'.
No latch inferred for signal `$paramod$ea9a025bc5ee84a808c2fa4f9964e04fcc1e340a\array.\data_wire[21]' from process `$paramod$ea9a025bc5ee84a808c2fa4f9964e04fcc1e340a\array.$proc$results/sv2v_output.v:104$1537'.
No latch inferred for signal `$paramod$ea9a025bc5ee84a808c2fa4f9964e04fcc1e340a\array.\data_wire[20]' from process `$paramod$ea9a025bc5ee84a808c2fa4f9964e04fcc1e340a\array.$proc$results/sv2v_output.v:104$1536'.
No latch inferred for signal `$paramod$ea9a025bc5ee84a808c2fa4f9964e04fcc1e340a\array.\data_wire[19]' from process `$paramod$ea9a025bc5ee84a808c2fa4f9964e04fcc1e340a\array.$proc$results/sv2v_output.v:104$1535'.
No latch inferred for signal `$paramod$ea9a025bc5ee84a808c2fa4f9964e04fcc1e340a\array.\data_wire[18]' from process `$paramod$ea9a025bc5ee84a808c2fa4f9964e04fcc1e340a\array.$proc$results/sv2v_output.v:104$1534'.
No latch inferred for signal `$paramod$ea9a025bc5ee84a808c2fa4f9964e04fcc1e340a\array.\data_wire[17]' from process `$paramod$ea9a025bc5ee84a808c2fa4f9964e04fcc1e340a\array.$proc$results/sv2v_output.v:104$1533'.
No latch inferred for signal `$paramod$ea9a025bc5ee84a808c2fa4f9964e04fcc1e340a\array.\data_wire[16]' from process `$paramod$ea9a025bc5ee84a808c2fa4f9964e04fcc1e340a\array.$proc$results/sv2v_output.v:104$1532'.
No latch inferred for signal `$paramod$ea9a025bc5ee84a808c2fa4f9964e04fcc1e340a\array.\data_wire[15]' from process `$paramod$ea9a025bc5ee84a808c2fa4f9964e04fcc1e340a\array.$proc$results/sv2v_output.v:104$1531'.
No latch inferred for signal `$paramod$ea9a025bc5ee84a808c2fa4f9964e04fcc1e340a\array.\data_wire[14]' from process `$paramod$ea9a025bc5ee84a808c2fa4f9964e04fcc1e340a\array.$proc$results/sv2v_output.v:104$1530'.
No latch inferred for signal `$paramod$ea9a025bc5ee84a808c2fa4f9964e04fcc1e340a\array.\data_wire[13]' from process `$paramod$ea9a025bc5ee84a808c2fa4f9964e04fcc1e340a\array.$proc$results/sv2v_output.v:104$1529'.
No latch inferred for signal `$paramod$ea9a025bc5ee84a808c2fa4f9964e04fcc1e340a\array.\data_wire[12]' from process `$paramod$ea9a025bc5ee84a808c2fa4f9964e04fcc1e340a\array.$proc$results/sv2v_output.v:104$1528'.
No latch inferred for signal `$paramod$ea9a025bc5ee84a808c2fa4f9964e04fcc1e340a\array.\data_wire[11]' from process `$paramod$ea9a025bc5ee84a808c2fa4f9964e04fcc1e340a\array.$proc$results/sv2v_output.v:104$1527'.
No latch inferred for signal `$paramod$ea9a025bc5ee84a808c2fa4f9964e04fcc1e340a\array.\data_wire[10]' from process `$paramod$ea9a025bc5ee84a808c2fa4f9964e04fcc1e340a\array.$proc$results/sv2v_output.v:104$1526'.
No latch inferred for signal `$paramod$ea9a025bc5ee84a808c2fa4f9964e04fcc1e340a\array.\data_wire[9]' from process `$paramod$ea9a025bc5ee84a808c2fa4f9964e04fcc1e340a\array.$proc$results/sv2v_output.v:104$1525'.
No latch inferred for signal `$paramod$ea9a025bc5ee84a808c2fa4f9964e04fcc1e340a\array.\data_wire[8]' from process `$paramod$ea9a025bc5ee84a808c2fa4f9964e04fcc1e340a\array.$proc$results/sv2v_output.v:104$1524'.
No latch inferred for signal `$paramod$ea9a025bc5ee84a808c2fa4f9964e04fcc1e340a\array.\data_wire[7]' from process `$paramod$ea9a025bc5ee84a808c2fa4f9964e04fcc1e340a\array.$proc$results/sv2v_output.v:104$1523'.
No latch inferred for signal `$paramod$ea9a025bc5ee84a808c2fa4f9964e04fcc1e340a\array.\data_wire[6]' from process `$paramod$ea9a025bc5ee84a808c2fa4f9964e04fcc1e340a\array.$proc$results/sv2v_output.v:104$1522'.
No latch inferred for signal `$paramod$ea9a025bc5ee84a808c2fa4f9964e04fcc1e340a\array.\data_wire[5]' from process `$paramod$ea9a025bc5ee84a808c2fa4f9964e04fcc1e340a\array.$proc$results/sv2v_output.v:104$1521'.
No latch inferred for signal `$paramod$ea9a025bc5ee84a808c2fa4f9964e04fcc1e340a\array.\data_wire[4]' from process `$paramod$ea9a025bc5ee84a808c2fa4f9964e04fcc1e340a\array.$proc$results/sv2v_output.v:104$1520'.
No latch inferred for signal `$paramod$ea9a025bc5ee84a808c2fa4f9964e04fcc1e340a\array.\data_wire[3]' from process `$paramod$ea9a025bc5ee84a808c2fa4f9964e04fcc1e340a\array.$proc$results/sv2v_output.v:104$1519'.
No latch inferred for signal `$paramod$ea9a025bc5ee84a808c2fa4f9964e04fcc1e340a\array.\data_wire[2]' from process `$paramod$ea9a025bc5ee84a808c2fa4f9964e04fcc1e340a\array.$proc$results/sv2v_output.v:104$1518'.
No latch inferred for signal `$paramod$ea9a025bc5ee84a808c2fa4f9964e04fcc1e340a\array.\data_wire[1]' from process `$paramod$ea9a025bc5ee84a808c2fa4f9964e04fcc1e340a\array.$proc$results/sv2v_output.v:104$1517'.
No latch inferred for signal `$paramod$ea9a025bc5ee84a808c2fa4f9964e04fcc1e340a\array.\data_wire[0]' from process `$paramod$ea9a025bc5ee84a808c2fa4f9964e04fcc1e340a\array.$proc$results/sv2v_output.v:104$1516'.

3.2.9. Executing PROC_DFF pass (convert process syncs to FFs).
Creating register for signal `$paramod$c90708c2091c5deb0a68d048d1310494f86784d2\pe.\data_out' using process `$paramod$c90708c2091c5deb0a68d048d1310494f86784d2\pe.$proc$results/sv2v_output.v:22$2573'.
  created $adff cell `$procdff$2750' with positive edge clock and positive level reset.
Creating register for signal `$paramod$c90708c2091c5deb0a68d048d1310494f86784d2\pe.\acc_out' using process `$paramod$c90708c2091c5deb0a68d048d1310494f86784d2\pe.$proc$results/sv2v_output.v:22$2573'.
  created $adff cell `$procdff$2755' with positive edge clock and positive level reset.
Creating register for signal `$paramod$c90708c2091c5deb0a68d048d1310494f86784d2\pe.\weight_r' using process `$paramod$c90708c2091c5deb0a68d048d1310494f86784d2\pe.$proc$results/sv2v_output.v:22$2573'.
  created $adff cell `$procdff$2760' with positive edge clock and positive level reset.

3.2.10. Executing PROC_MEMWR pass (convert process memory writes to cells).

3.2.11. Executing PROC_CLEAN pass (remove empty switches from decision trees).
Found and cleaned up 1 empty switch in `$paramod$c90708c2091c5deb0a68d048d1310494f86784d2\pe.$proc$results/sv2v_output.v:22$2573'.
Removing empty process `$paramod$c90708c2091c5deb0a68d048d1310494f86784d2\pe.$proc$results/sv2v_output.v:22$2573'.
Removing empty process `$paramod$bdf4e2444f8bc80364662ca048a044a95767dd4e\pe_col.$proc$results/sv2v_output.v:73$2736'.
Removing empty process `$paramod$bdf4e2444f8bc80364662ca048a044a95767dd4e\pe_col.$proc$results/sv2v_output.v:73$2735'.
Removing empty process `$paramod$bdf4e2444f8bc80364662ca048a044a95767dd4e\pe_col.$proc$results/sv2v_output.v:73$2734'.
Removing empty process `$paramod$bdf4e2444f8bc80364662ca048a044a95767dd4e\pe_col.$proc$results/sv2v_output.v:73$2733'.
Removing empty process `$paramod$bdf4e2444f8bc80364662ca048a044a95767dd4e\pe_col.$proc$results/sv2v_output.v:73$2732'.
Removing empty process `$paramod$bdf4e2444f8bc80364662ca048a044a95767dd4e\pe_col.$proc$results/sv2v_output.v:73$2731'.
Removing empty process `$paramod$bdf4e2444f8bc80364662ca048a044a95767dd4e\pe_col.$proc$results/sv2v_output.v:73$2730'.
Removing empty process `$paramod$bdf4e2444f8bc80364662ca048a044a95767dd4e\pe_col.$proc$results/sv2v_output.v:73$2729'.
Removing empty process `$paramod$bdf4e2444f8bc80364662ca048a044a95767dd4e\pe_col.$proc$results/sv2v_output.v:73$2728'.
Removing empty process `$paramod$bdf4e2444f8bc80364662ca048a044a95767dd4e\pe_col.$proc$results/sv2v_output.v:73$2727'.
Removing empty process `$paramod$bdf4e2444f8bc80364662ca048a044a95767dd4e\pe_col.$proc$results/sv2v_output.v:73$2726'.
Removing empty process `$paramod$bdf4e2444f8bc80364662ca048a044a95767dd4e\pe_col.$proc$results/sv2v_output.v:73$2725'.
Removing empty process `$paramod$bdf4e2444f8bc80364662ca048a044a95767dd4e\pe_col.$proc$results/sv2v_output.v:73$2724'.
Removing empty process `$paramod$bdf4e2444f8bc80364662ca048a044a95767dd4e\pe_col.$proc$results/sv2v_output.v:73$2723'.
Removing empty process `$paramod$bdf4e2444f8bc80364662ca048a044a95767dd4e\pe_col.$proc$results/sv2v_output.v:73$2722'.
Removing empty process `$paramod$bdf4e2444f8bc80364662ca048a044a95767dd4e\pe_col.$proc$results/sv2v_output.v:73$2721'.
Removing empty process `$paramod$bdf4e2444f8bc80364662ca048a044a95767dd4e\pe_col.$proc$results/sv2v_output.v:73$2720'.
Removing empty process `$paramod$bdf4e2444f8bc80364662ca048a044a95767dd4e\pe_col.$proc$results/sv2v_output.v:73$2719'.
Removing empty process `$paramod$bdf4e2444f8bc80364662ca048a044a95767dd4e\pe_col.$proc$results/sv2v_output.v:73$2718'.
Removing empty process `$paramod$bdf4e2444f8bc80364662ca048a044a95767dd4e\pe_col.$proc$results/sv2v_output.v:73$2717'.
Removing empty process `$paramod$bdf4e2444f8bc80364662ca048a044a95767dd4e\pe_col.$proc$results/sv2v_output.v:73$2716'.
Removing empty process `$paramod$bdf4e2444f8bc80364662ca048a044a95767dd4e\pe_col.$proc$results/sv2v_output.v:73$2715'.
Removing empty process `$paramod$bdf4e2444f8bc80364662ca048a044a95767dd4e\pe_col.$proc$results/sv2v_output.v:73$2714'.
Removing empty process `$paramod$bdf4e2444f8bc80364662ca048a044a95767dd4e\pe_col.$proc$results/sv2v_output.v:73$2713'.
Removing empty process `$paramod$bdf4e2444f8bc80364662ca048a044a95767dd4e\pe_col.$proc$results/sv2v_output.v:73$2712'.
Removing empty process `$paramod$bdf4e2444f8bc80364662ca048a044a95767dd4e\pe_col.$proc$results/sv2v_output.v:73$2711'.
Removing empty process `$paramod$bdf4e2444f8bc80364662ca048a044a95767dd4e\pe_col.$proc$results/sv2v_output.v:73$2710'.
Removing empty process `$paramod$bdf4e2444f8bc80364662ca048a044a95767dd4e\pe_col.$proc$results/sv2v_output.v:73$2709'.
Removing empty process `$paramod$bdf4e2444f8bc80364662ca048a044a95767dd4e\pe_col.$proc$results/sv2v_output.v:73$2708'.
Removing empty process `$paramod$bdf4e2444f8bc80364662ca048a044a95767dd4e\pe_col.$proc$results/sv2v_output.v:73$2707'.
Removing empty process `$paramod$bdf4e2444f8bc80364662ca048a044a95767dd4e\pe_col.$proc$results/sv2v_output.v:73$2706'.
Removing empty process `$paramod$bdf4e2444f8bc80364662ca048a044a95767dd4e\pe_col.$proc$results/sv2v_output.v:73$2705'.
Removing empty process `$paramod$bdf4e2444f8bc80364662ca048a044a95767dd4e\pe_col.$proc$results/sv2v_output.v:58$2704'.
Removing empty process `$paramod$ea9a025bc5ee84a808c2fa4f9964e04fcc1e340a\array.$proc$results/sv2v_output.v:118$2571'.
Removing empty process `$paramod$ea9a025bc5ee84a808c2fa4f9964e04fcc1e340a\array.$proc$results/sv2v_output.v:118$2570'.
Removing empty process `$paramod$ea9a025bc5ee84a808c2fa4f9964e04fcc1e340a\array.$proc$results/sv2v_output.v:118$2569'.
Removing empty process `$paramod$ea9a025bc5ee84a808c2fa4f9964e04fcc1e340a\array.$proc$results/sv2v_output.v:118$2568'.
Removing empty process `$paramod$ea9a025bc5ee84a808c2fa4f9964e04fcc1e340a\array.$proc$results/sv2v_output.v:118$2567'.
Removing empty process `$paramod$ea9a025bc5ee84a808c2fa4f9964e04fcc1e340a\array.$proc$results/sv2v_output.v:118$2566'.
Removing empty process `$paramod$ea9a025bc5ee84a808c2fa4f9964e04fcc1e340a\array.$proc$results/sv2v_output.v:118$2565'.
Removing empty process `$paramod$ea9a025bc5ee84a808c2fa4f9964e04fcc1e340a\array.$proc$results/sv2v_output.v:118$2564'.
Removing empty process `$paramod$ea9a025bc5ee84a808c2fa4f9964e04fcc1e340a\array.$proc$results/sv2v_output.v:118$2563'.
Removing empty process `$paramod$ea9a025bc5ee84a808c2fa4f9964e04fcc1e340a\array.$proc$results/sv2v_output.v:118$2562'.
Removing empty process `$paramod$ea9a025bc5ee84a808c2fa4f9964e04fcc1e340a\array.$proc$results/sv2v_output.v:118$2561'.
Removing empty process `$paramod$ea9a025bc5ee84a808c2fa4f9964e04fcc1e340a\array.$proc$results/sv2v_output.v:118$2560'.
Removing empty process `$paramod$ea9a025bc5ee84a808c2fa4f9964e04fcc1e340a\array.$proc$results/sv2v_output.v:118$2559'.
Removing empty process `$paramod$ea9a025bc5ee84a808c2fa4f9964e04fcc1e340a\array.$proc$results/sv2v_output.v:118$2558'.
Removing empty process `$paramod$ea9a025bc5ee84a808c2fa4f9964e04fcc1e340a\array.$proc$results/sv2v_output.v:118$2557'.
Removing empty process `$paramod$ea9a025bc5ee84a808c2fa4f9964e04fcc1e340a\array.$proc$results/sv2v_output.v:118$2556'.
Removing empty process `$paramod$ea9a025bc5ee84a808c2fa4f9964e04fcc1e340a\array.$proc$results/sv2v_output.v:118$2555'.
Removing empty process `$paramod$ea9a025bc5ee84a808c2fa4f9964e04fcc1e340a\array.$proc$results/sv2v_output.v:118$2554'.
Removing empty process `$paramod$ea9a025bc5ee84a808c2fa4f9964e04fcc1e340a\array.$proc$results/sv2v_output.v:118$2553'.
Removing empty process `$paramod$ea9a025bc5ee84a808c2fa4f9964e04fcc1e340a\array.$proc$results/sv2v_output.v:118$2552'.
Removing empty process `$paramod$ea9a025bc5ee84a808c2fa4f9964e04fcc1e340a\array.$proc$results/sv2v_output.v:118$2551'.
Removing empty process `$paramod$ea9a025bc5ee84a808c2fa4f9964e04fcc1e340a\array.$proc$results/sv2v_output.v:118$2550'.
Removing empty process `$paramod$ea9a025bc5ee84a808c2fa4f9964e04fcc1e340a\array.$proc$results/sv2v_output.v:118$2549'.
Removing empty process `$paramod$ea9a025bc5ee84a808c2fa4f9964e04fcc1e340a\array.$proc$results/sv2v_output.v:118$2548'.
Removing empty process `$paramod$ea9a025bc5ee84a808c2fa4f9964e04fcc1e340a\array.$proc$results/sv2v_output.v:118$2547'.
Removing empty process `$paramod$ea9a025bc5ee84a808c2fa4f9964e04fcc1e340a\array.$proc$results/sv2v_output.v:118$2546'.
Removing empty process `$paramod$ea9a025bc5ee84a808c2fa4f9964e04fcc1e340a\array.$proc$results/sv2v_output.v:118$2545'.
Removing empty process `$paramod$ea9a025bc5ee84a808c2fa4f9964e04fcc1e340a\array.$proc$results/sv2v_output.v:118$2544'.
Removing empty process `$paramod$ea9a025bc5ee84a808c2fa4f9964e04fcc1e340a\array.$proc$results/sv2v_output.v:118$2543'.
Removing empty process `$paramod$ea9a025bc5ee84a808c2fa4f9964e04fcc1e340a\array.$proc$results/sv2v_output.v:118$2542'.
Removing empty process `$paramod$ea9a025bc5ee84a808c2fa4f9964e04fcc1e340a\array.$proc$results/sv2v_output.v:118$2541'.
Removing empty process `$paramod$ea9a025bc5ee84a808c2fa4f9964e04fcc1e340a\array.$proc$results/sv2v_output.v:118$2540'.
Removing empty process `$paramod$ea9a025bc5ee84a808c2fa4f9964e04fcc1e340a\array.$proc$results/sv2v_output.v:118$2539'.
Removing empty process `$paramod$ea9a025bc5ee84a808c2fa4f9964e04fcc1e340a\array.$proc$results/sv2v_output.v:118$2538'.
Removing empty process `$paramod$ea9a025bc5ee84a808c2fa4f9964e04fcc1e340a\array.$proc$results/sv2v_output.v:118$2537'.
Removing empty process `$paramod$ea9a025bc5ee84a808c2fa4f9964e04fcc1e340a\array.$proc$results/sv2v_output.v:118$2536'.
Removing empty process `$paramod$ea9a025bc5ee84a808c2fa4f9964e04fcc1e340a\array.$proc$results/sv2v_output.v:118$2535'.
Removing empty process `$paramod$ea9a025bc5ee84a808c2fa4f9964e04fcc1e340a\array.$proc$results/sv2v_output.v:118$2534'.
Removing empty process `$paramod$ea9a025bc5ee84a808c2fa4f9964e04fcc1e340a\array.$proc$results/sv2v_output.v:118$2533'.
Removing empty process `$paramod$ea9a025bc5ee84a808c2fa4f9964e04fcc1e340a\array.$proc$results/sv2v_output.v:118$2532'.
Removing empty process `$paramod$ea9a025bc5ee84a808c2fa4f9964e04fcc1e340a\array.$proc$results/sv2v_output.v:118$2531'.
Removing empty process `$paramod$ea9a025bc5ee84a808c2fa4f9964e04fcc1e340a\array.$proc$results/sv2v_output.v:118$2530'.
Removing empty process `$paramod$ea9a025bc5ee84a808c2fa4f9964e04fcc1e340a\array.$proc$results/sv2v_output.v:118$2529'.
Removing empty process `$paramod$ea9a025bc5ee84a808c2fa4f9964e04fcc1e340a\array.$proc$results/sv2v_output.v:118$2528'.
Removing empty process `$paramod$ea9a025bc5ee84a808c2fa4f9964e04fcc1e340a\array.$proc$results/sv2v_output.v:118$2527'.
Removing empty process `$paramod$ea9a025bc5ee84a808c2fa4f9964e04fcc1e340a\array.$proc$results/sv2v_output.v:118$2526'.
Removing empty process `$paramod$ea9a025bc5ee84a808c2fa4f9964e04fcc1e340a\array.$proc$results/sv2v_output.v:118$2525'.
Removing empty process `$paramod$ea9a025bc5ee84a808c2fa4f9964e04fcc1e340a\array.$proc$results/sv2v_output.v:118$2524'.
Removing empty process `$paramod$ea9a025bc5ee84a808c2fa4f9964e04fcc1e340a\array.$proc$results/sv2v_output.v:118$2523'.
Removing empty process `$paramod$ea9a025bc5ee84a808c2fa4f9964e04fcc1e340a\array.$proc$results/sv2v_output.v:118$2522'.
Removing empty process `$paramod$ea9a025bc5ee84a808c2fa4f9964e04fcc1e340a\array.$proc$results/sv2v_output.v:118$2521'.
Removing empty process `$paramod$ea9a025bc5ee84a808c2fa4f9964e04fcc1e340a\array.$proc$results/sv2v_output.v:118$2520'.
Removing empty process `$paramod$ea9a025bc5ee84a808c2fa4f9964e04fcc1e340a\array.$proc$results/sv2v_output.v:118$2519'.
Removing empty process `$paramod$ea9a025bc5ee84a808c2fa4f9964e04fcc1e340a\array.$proc$results/sv2v_output.v:118$2518'.
Removing empty process `$paramod$ea9a025bc5ee84a808c2fa4f9964e04fcc1e340a\array.$proc$results/sv2v_output.v:118$2517'.
Removing empty process `$paramod$ea9a025bc5ee84a808c2fa4f9964e04fcc1e340a\array.$proc$results/sv2v_output.v:118$2516'.
Removing empty process `$paramod$ea9a025bc5ee84a808c2fa4f9964e04fcc1e340a\array.$proc$results/sv2v_output.v:118$2515'.
Removing empty process `$paramod$ea9a025bc5ee84a808c2fa4f9964e04fcc1e340a\array.$proc$results/sv2v_output.v:118$2514'.
Removing empty process `$paramod$ea9a025bc5ee84a808c2fa4f9964e04fcc1e340a\array.$proc$results/sv2v_output.v:118$2513'.
Removing empty process `$paramod$ea9a025bc5ee84a808c2fa4f9964e04fcc1e340a\array.$proc$results/sv2v_output.v:118$2512'.
Removing empty process `$paramod$ea9a025bc5ee84a808c2fa4f9964e04fcc1e340a\array.$proc$results/sv2v_output.v:118$2511'.
Removing empty process `$paramod$ea9a025bc5ee84a808c2fa4f9964e04fcc1e340a\array.$proc$results/sv2v_output.v:118$2510'.
Removing empty process `$paramod$ea9a025bc5ee84a808c2fa4f9964e04fcc1e340a\array.$proc$results/sv2v_output.v:118$2509'.
Removing empty process `$paramod$ea9a025bc5ee84a808c2fa4f9964e04fcc1e340a\array.$proc$results/sv2v_output.v:118$2508'.
Removing empty process `$paramod$ea9a025bc5ee84a808c2fa4f9964e04fcc1e340a\array.$proc$results/sv2v_output.v:118$2507'.
Removing empty process `$paramod$ea9a025bc5ee84a808c2fa4f9964e04fcc1e340a\array.$proc$results/sv2v_output.v:118$2506'.
Removing empty process `$paramod$ea9a025bc5ee84a808c2fa4f9964e04fcc1e340a\array.$proc$results/sv2v_output.v:118$2505'.
Removing empty process `$paramod$ea9a025bc5ee84a808c2fa4f9964e04fcc1e340a\array.$proc$results/sv2v_output.v:118$2504'.
Removing empty process `$paramod$ea9a025bc5ee84a808c2fa4f9964e04fcc1e340a\array.$proc$results/sv2v_output.v:118$2503'.
Removing empty process `$paramod$ea9a025bc5ee84a808c2fa4f9964e04fcc1e340a\array.$proc$results/sv2v_output.v:118$2502'.
Removing empty process `$paramod$ea9a025bc5ee84a808c2fa4f9964e04fcc1e340a\array.$proc$results/sv2v_output.v:118$2501'.
Removing empty process `$paramod$ea9a025bc5ee84a808c2fa4f9964e04fcc1e340a\array.$proc$results/sv2v_output.v:118$2500'.
Removing empty process `$paramod$ea9a025bc5ee84a808c2fa4f9964e04fcc1e340a\array.$proc$results/sv2v_output.v:118$2499'.
Removing empty process `$paramod$ea9a025bc5ee84a808c2fa4f9964e04fcc1e340a\array.$proc$results/sv2v_output.v:118$2498'.
Removing empty process `$paramod$ea9a025bc5ee84a808c2fa4f9964e04fcc1e340a\array.$proc$results/sv2v_output.v:118$2497'.
Removing empty process `$paramod$ea9a025bc5ee84a808c2fa4f9964e04fcc1e340a\array.$proc$results/sv2v_output.v:118$2496'.
Removing empty process `$paramod$ea9a025bc5ee84a808c2fa4f9964e04fcc1e340a\array.$proc$results/sv2v_output.v:118$2495'.
Removing empty process `$paramod$ea9a025bc5ee84a808c2fa4f9964e04fcc1e340a\array.$proc$results/sv2v_output.v:118$2494'.
Removing empty process `$paramod$ea9a025bc5ee84a808c2fa4f9964e04fcc1e340a\array.$proc$results/sv2v_output.v:118$2493'.
Removing empty process `$paramod$ea9a025bc5ee84a808c2fa4f9964e04fcc1e340a\array.$proc$results/sv2v_output.v:118$2492'.
Removing empty process `$paramod$ea9a025bc5ee84a808c2fa4f9964e04fcc1e340a\array.$proc$results/sv2v_output.v:118$2491'.
Removing empty process `$paramod$ea9a025bc5ee84a808c2fa4f9964e04fcc1e340a\array.$proc$results/sv2v_output.v:118$2490'.
Removing empty process `$paramod$ea9a025bc5ee84a808c2fa4f9964e04fcc1e340a\array.$proc$results/sv2v_output.v:118$2489'.
Removing empty process `$paramod$ea9a025bc5ee84a808c2fa4f9964e04fcc1e340a\array.$proc$results/sv2v_output.v:118$2488'.
Removing empty process `$paramod$ea9a025bc5ee84a808c2fa4f9964e04fcc1e340a\array.$proc$results/sv2v_output.v:118$2487'.
Removing empty process `$paramod$ea9a025bc5ee84a808c2fa4f9964e04fcc1e340a\array.$proc$results/sv2v_output.v:118$2486'.
Removing empty process `$paramod$ea9a025bc5ee84a808c2fa4f9964e04fcc1e340a\array.$proc$results/sv2v_output.v:118$2485'.
Removing empty process `$paramod$ea9a025bc5ee84a808c2fa4f9964e04fcc1e340a\array.$proc$results/sv2v_output.v:118$2484'.
Removing empty process `$paramod$ea9a025bc5ee84a808c2fa4f9964e04fcc1e340a\array.$proc$results/sv2v_output.v:118$2483'.
Removing empty process `$paramod$ea9a025bc5ee84a808c2fa4f9964e04fcc1e340a\array.$proc$results/sv2v_output.v:118$2482'.
Removing empty process `$paramod$ea9a025bc5ee84a808c2fa4f9964e04fcc1e340a\array.$proc$results/sv2v_output.v:118$2481'.
Removing empty process `$paramod$ea9a025bc5ee84a808c2fa4f9964e04fcc1e340a\array.$proc$results/sv2v_output.v:118$2480'.
Removing empty process `$paramod$ea9a025bc5ee84a808c2fa4f9964e04fcc1e340a\array.$proc$results/sv2v_output.v:118$2479'.
Removing empty process `$paramod$ea9a025bc5ee84a808c2fa4f9964e04fcc1e340a\array.$proc$results/sv2v_output.v:118$2478'.
Removing empty process `$paramod$ea9a025bc5ee84a808c2fa4f9964e04fcc1e340a\array.$proc$results/sv2v_output.v:118$2477'.
Removing empty process `$paramod$ea9a025bc5ee84a808c2fa4f9964e04fcc1e340a\array.$proc$results/sv2v_output.v:118$2476'.
Removing empty process `$paramod$ea9a025bc5ee84a808c2fa4f9964e04fcc1e340a\array.$proc$results/sv2v_output.v:118$2475'.
Removing empty process `$paramod$ea9a025bc5ee84a808c2fa4f9964e04fcc1e340a\array.$proc$results/sv2v_output.v:118$2474'.
Removing empty process `$paramod$ea9a025bc5ee84a808c2fa4f9964e04fcc1e340a\array.$proc$results/sv2v_output.v:118$2473'.
Removing empty process `$paramod$ea9a025bc5ee84a808c2fa4f9964e04fcc1e340a\array.$proc$results/sv2v_output.v:118$2472'.
Removing empty process `$paramod$ea9a025bc5ee84a808c2fa4f9964e04fcc1e340a\array.$proc$results/sv2v_output.v:118$2471'.
Removing empty process `$paramod$ea9a025bc5ee84a808c2fa4f9964e04fcc1e340a\array.$proc$results/sv2v_output.v:118$2470'.
Removing empty process `$paramod$ea9a025bc5ee84a808c2fa4f9964e04fcc1e340a\array.$proc$results/sv2v_output.v:118$2469'.
Removing empty process `$paramod$ea9a025bc5ee84a808c2fa4f9964e04fcc1e340a\array.$proc$results/sv2v_output.v:118$2468'.
Removing empty process `$paramod$ea9a025bc5ee84a808c2fa4f9964e04fcc1e340a\array.$proc$results/sv2v_output.v:118$2467'.
Removing empty process `$paramod$ea9a025bc5ee84a808c2fa4f9964e04fcc1e340a\array.$proc$results/sv2v_output.v:118$2466'.
Removing empty process `$paramod$ea9a025bc5ee84a808c2fa4f9964e04fcc1e340a\array.$proc$results/sv2v_output.v:118$2465'.
Removing empty process `$paramod$ea9a025bc5ee84a808c2fa4f9964e04fcc1e340a\array.$proc$results/sv2v_output.v:118$2464'.
Removing empty process `$paramod$ea9a025bc5ee84a808c2fa4f9964e04fcc1e340a\array.$proc$results/sv2v_output.v:118$2463'.
Removing empty process `$paramod$ea9a025bc5ee84a808c2fa4f9964e04fcc1e340a\array.$proc$results/sv2v_output.v:118$2462'.
Removing empty process `$paramod$ea9a025bc5ee84a808c2fa4f9964e04fcc1e340a\array.$proc$results/sv2v_output.v:118$2461'.
Removing empty process `$paramod$ea9a025bc5ee84a808c2fa4f9964e04fcc1e340a\array.$proc$results/sv2v_output.v:118$2460'.
Removing empty process `$paramod$ea9a025bc5ee84a808c2fa4f9964e04fcc1e340a\array.$proc$results/sv2v_output.v:118$2459'.
Removing empty process `$paramod$ea9a025bc5ee84a808c2fa4f9964e04fcc1e340a\array.$proc$results/sv2v_output.v:118$2458'.
Removing empty process `$paramod$ea9a025bc5ee84a808c2fa4f9964e04fcc1e340a\array.$proc$results/sv2v_output.v:118$2457'.
Removing empty process `$paramod$ea9a025bc5ee84a808c2fa4f9964e04fcc1e340a\array.$proc$results/sv2v_output.v:118$2456'.
Removing empty process `$paramod$ea9a025bc5ee84a808c2fa4f9964e04fcc1e340a\array.$proc$results/sv2v_output.v:118$2455'.
Removing empty process `$paramod$ea9a025bc5ee84a808c2fa4f9964e04fcc1e340a\array.$proc$results/sv2v_output.v:118$2454'.
Removing empty process `$paramod$ea9a025bc5ee84a808c2fa4f9964e04fcc1e340a\array.$proc$results/sv2v_output.v:118$2453'.
Removing empty process `$paramod$ea9a025bc5ee84a808c2fa4f9964e04fcc1e340a\array.$proc$results/sv2v_output.v:118$2452'.
Removing empty process `$paramod$ea9a025bc5ee84a808c2fa4f9964e04fcc1e340a\array.$proc$results/sv2v_output.v:118$2451'.
Removing empty process `$paramod$ea9a025bc5ee84a808c2fa4f9964e04fcc1e340a\array.$proc$results/sv2v_output.v:118$2450'.
Removing empty process `$paramod$ea9a025bc5ee84a808c2fa4f9964e04fcc1e340a\array.$proc$results/sv2v_output.v:118$2449'.
Removing empty process `$paramod$ea9a025bc5ee84a808c2fa4f9964e04fcc1e340a\array.$proc$results/sv2v_output.v:118$2448'.
Removing empty process `$paramod$ea9a025bc5ee84a808c2fa4f9964e04fcc1e340a\array.$proc$results/sv2v_output.v:118$2447'.
Removing empty process `$paramod$ea9a025bc5ee84a808c2fa4f9964e04fcc1e340a\array.$proc$results/sv2v_output.v:118$2446'.
Removing empty process `$paramod$ea9a025bc5ee84a808c2fa4f9964e04fcc1e340a\array.$proc$results/sv2v_output.v:118$2445'.
Removing empty process `$paramod$ea9a025bc5ee84a808c2fa4f9964e04fcc1e340a\array.$proc$results/sv2v_output.v:118$2444'.
Removing empty process `$paramod$ea9a025bc5ee84a808c2fa4f9964e04fcc1e340a\array.$proc$results/sv2v_output.v:118$2443'.
Removing empty process `$paramod$ea9a025bc5ee84a808c2fa4f9964e04fcc1e340a\array.$proc$results/sv2v_output.v:118$2442'.
Removing empty process `$paramod$ea9a025bc5ee84a808c2fa4f9964e04fcc1e340a\array.$proc$results/sv2v_output.v:118$2441'.
Removing empty process `$paramod$ea9a025bc5ee84a808c2fa4f9964e04fcc1e340a\array.$proc$results/sv2v_output.v:118$2440'.
Removing empty process `$paramod$ea9a025bc5ee84a808c2fa4f9964e04fcc1e340a\array.$proc$results/sv2v_output.v:118$2439'.
Removing empty process `$paramod$ea9a025bc5ee84a808c2fa4f9964e04fcc1e340a\array.$proc$results/sv2v_output.v:118$2438'.
Removing empty process `$paramod$ea9a025bc5ee84a808c2fa4f9964e04fcc1e340a\array.$proc$results/sv2v_output.v:118$2437'.
Removing empty process `$paramod$ea9a025bc5ee84a808c2fa4f9964e04fcc1e340a\array.$proc$results/sv2v_output.v:118$2436'.
Removing empty process `$paramod$ea9a025bc5ee84a808c2fa4f9964e04fcc1e340a\array.$proc$results/sv2v_output.v:118$2435'.
Removing empty process `$paramod$ea9a025bc5ee84a808c2fa4f9964e04fcc1e340a\array.$proc$results/sv2v_output.v:118$2434'.
Removing empty process `$paramod$ea9a025bc5ee84a808c2fa4f9964e04fcc1e340a\array.$proc$results/sv2v_output.v:118$2433'.
Removing empty process `$paramod$ea9a025bc5ee84a808c2fa4f9964e04fcc1e340a\array.$proc$results/sv2v_output.v:118$2432'.
Removing empty process `$paramod$ea9a025bc5ee84a808c2fa4f9964e04fcc1e340a\array.$proc$results/sv2v_output.v:118$2431'.
Removing empty process `$paramod$ea9a025bc5ee84a808c2fa4f9964e04fcc1e340a\array.$proc$results/sv2v_output.v:118$2430'.
Removing empty process `$paramod$ea9a025bc5ee84a808c2fa4f9964e04fcc1e340a\array.$proc$results/sv2v_output.v:118$2429'.
Removing empty process `$paramod$ea9a025bc5ee84a808c2fa4f9964e04fcc1e340a\array.$proc$results/sv2v_output.v:118$2428'.
Removing empty process `$paramod$ea9a025bc5ee84a808c2fa4f9964e04fcc1e340a\array.$proc$results/sv2v_output.v:118$2427'.
Removing empty process `$paramod$ea9a025bc5ee84a808c2fa4f9964e04fcc1e340a\array.$proc$results/sv2v_output.v:118$2426'.
Removing empty process `$paramod$ea9a025bc5ee84a808c2fa4f9964e04fcc1e340a\array.$proc$results/sv2v_output.v:118$2425'.
Removing empty process `$paramod$ea9a025bc5ee84a808c2fa4f9964e04fcc1e340a\array.$proc$results/sv2v_output.v:118$2424'.
Removing empty process `$paramod$ea9a025bc5ee84a808c2fa4f9964e04fcc1e340a\array.$proc$results/sv2v_output.v:118$2423'.
Removing empty process `$paramod$ea9a025bc5ee84a808c2fa4f9964e04fcc1e340a\array.$proc$results/sv2v_output.v:118$2422'.
Removing empty process `$paramod$ea9a025bc5ee84a808c2fa4f9964e04fcc1e340a\array.$proc$results/sv2v_output.v:118$2421'.
Removing empty process `$paramod$ea9a025bc5ee84a808c2fa4f9964e04fcc1e340a\array.$proc$results/sv2v_output.v:118$2420'.
Removing empty process `$paramod$ea9a025bc5ee84a808c2fa4f9964e04fcc1e340a\array.$proc$results/sv2v_output.v:118$2419'.
Removing empty process `$paramod$ea9a025bc5ee84a808c2fa4f9964e04fcc1e340a\array.$proc$results/sv2v_output.v:118$2418'.
Removing empty process `$paramod$ea9a025bc5ee84a808c2fa4f9964e04fcc1e340a\array.$proc$results/sv2v_output.v:118$2417'.
Removing empty process `$paramod$ea9a025bc5ee84a808c2fa4f9964e04fcc1e340a\array.$proc$results/sv2v_output.v:118$2416'.
Removing empty process `$paramod$ea9a025bc5ee84a808c2fa4f9964e04fcc1e340a\array.$proc$results/sv2v_output.v:118$2415'.
Removing empty process `$paramod$ea9a025bc5ee84a808c2fa4f9964e04fcc1e340a\array.$proc$results/sv2v_output.v:118$2414'.
Removing empty process `$paramod$ea9a025bc5ee84a808c2fa4f9964e04fcc1e340a\array.$proc$results/sv2v_output.v:118$2413'.
Removing empty process `$paramod$ea9a025bc5ee84a808c2fa4f9964e04fcc1e340a\array.$proc$results/sv2v_output.v:118$2412'.
Removing empty process `$paramod$ea9a025bc5ee84a808c2fa4f9964e04fcc1e340a\array.$proc$results/sv2v_output.v:118$2411'.
Removing empty process `$paramod$ea9a025bc5ee84a808c2fa4f9964e04fcc1e340a\array.$proc$results/sv2v_output.v:118$2410'.
Removing empty process `$paramod$ea9a025bc5ee84a808c2fa4f9964e04fcc1e340a\array.$proc$results/sv2v_output.v:118$2409'.
Removing empty process `$paramod$ea9a025bc5ee84a808c2fa4f9964e04fcc1e340a\array.$proc$results/sv2v_output.v:118$2408'.
Removing empty process `$paramod$ea9a025bc5ee84a808c2fa4f9964e04fcc1e340a\array.$proc$results/sv2v_output.v:118$2407'.
Removing empty process `$paramod$ea9a025bc5ee84a808c2fa4f9964e04fcc1e340a\array.$proc$results/sv2v_output.v:118$2406'.
Removing empty process `$paramod$ea9a025bc5ee84a808c2fa4f9964e04fcc1e340a\array.$proc$results/sv2v_output.v:118$2405'.
Removing empty process `$paramod$ea9a025bc5ee84a808c2fa4f9964e04fcc1e340a\array.$proc$results/sv2v_output.v:118$2404'.
Removing empty process `$paramod$ea9a025bc5ee84a808c2fa4f9964e04fcc1e340a\array.$proc$results/sv2v_output.v:118$2403'.
Removing empty process `$paramod$ea9a025bc5ee84a808c2fa4f9964e04fcc1e340a\array.$proc$results/sv2v_output.v:118$2402'.
Removing empty process `$paramod$ea9a025bc5ee84a808c2fa4f9964e04fcc1e340a\array.$proc$results/sv2v_output.v:118$2401'.
Removing empty process `$paramod$ea9a025bc5ee84a808c2fa4f9964e04fcc1e340a\array.$proc$results/sv2v_output.v:118$2400'.
Removing empty process `$paramod$ea9a025bc5ee84a808c2fa4f9964e04fcc1e340a\array.$proc$results/sv2v_output.v:118$2399'.
Removing empty process `$paramod$ea9a025bc5ee84a808c2fa4f9964e04fcc1e340a\array.$proc$results/sv2v_output.v:118$2398'.
Removing empty process `$paramod$ea9a025bc5ee84a808c2fa4f9964e04fcc1e340a\array.$proc$results/sv2v_output.v:118$2397'.
Removing empty process `$paramod$ea9a025bc5ee84a808c2fa4f9964e04fcc1e340a\array.$proc$results/sv2v_output.v:118$2396'.
Removing empty process `$paramod$ea9a025bc5ee84a808c2fa4f9964e04fcc1e340a\array.$proc$results/sv2v_output.v:118$2395'.
Removing empty process `$paramod$ea9a025bc5ee84a808c2fa4f9964e04fcc1e340a\array.$proc$results/sv2v_output.v:118$2394'.
Removing empty process `$paramod$ea9a025bc5ee84a808c2fa4f9964e04fcc1e340a\array.$proc$results/sv2v_output.v:118$2393'.
Removing empty process `$paramod$ea9a025bc5ee84a808c2fa4f9964e04fcc1e340a\array.$proc$results/sv2v_output.v:118$2392'.
Removing empty process `$paramod$ea9a025bc5ee84a808c2fa4f9964e04fcc1e340a\array.$proc$results/sv2v_output.v:118$2391'.
Removing empty process `$paramod$ea9a025bc5ee84a808c2fa4f9964e04fcc1e340a\array.$proc$results/sv2v_output.v:118$2390'.
Removing empty process `$paramod$ea9a025bc5ee84a808c2fa4f9964e04fcc1e340a\array.$proc$results/sv2v_output.v:118$2389'.
Removing empty process `$paramod$ea9a025bc5ee84a808c2fa4f9964e04fcc1e340a\array.$proc$results/sv2v_output.v:118$2388'.
Removing empty process `$paramod$ea9a025bc5ee84a808c2fa4f9964e04fcc1e340a\array.$proc$results/sv2v_output.v:118$2387'.
Removing empty process `$paramod$ea9a025bc5ee84a808c2fa4f9964e04fcc1e340a\array.$proc$results/sv2v_output.v:118$2386'.
Removing empty process `$paramod$ea9a025bc5ee84a808c2fa4f9964e04fcc1e340a\array.$proc$results/sv2v_output.v:118$2385'.
Removing empty process `$paramod$ea9a025bc5ee84a808c2fa4f9964e04fcc1e340a\array.$proc$results/sv2v_output.v:118$2384'.
Removing empty process `$paramod$ea9a025bc5ee84a808c2fa4f9964e04fcc1e340a\array.$proc$results/sv2v_output.v:118$2383'.
Removing empty process `$paramod$ea9a025bc5ee84a808c2fa4f9964e04fcc1e340a\array.$proc$results/sv2v_output.v:118$2382'.
Removing empty process `$paramod$ea9a025bc5ee84a808c2fa4f9964e04fcc1e340a\array.$proc$results/sv2v_output.v:118$2381'.
Removing empty process `$paramod$ea9a025bc5ee84a808c2fa4f9964e04fcc1e340a\array.$proc$results/sv2v_output.v:118$2380'.
Removing empty process `$paramod$ea9a025bc5ee84a808c2fa4f9964e04fcc1e340a\array.$proc$results/sv2v_output.v:118$2379'.
Removing empty process `$paramod$ea9a025bc5ee84a808c2fa4f9964e04fcc1e340a\array.$proc$results/sv2v_output.v:118$2378'.
Removing empty process `$paramod$ea9a025bc5ee84a808c2fa4f9964e04fcc1e340a\array.$proc$results/sv2v_output.v:118$2377'.
Removing empty process `$paramod$ea9a025bc5ee84a808c2fa4f9964e04fcc1e340a\array.$proc$results/sv2v_output.v:118$2376'.
Removing empty process `$paramod$ea9a025bc5ee84a808c2fa4f9964e04fcc1e340a\array.$proc$results/sv2v_output.v:118$2375'.
Removing empty process `$paramod$ea9a025bc5ee84a808c2fa4f9964e04fcc1e340a\array.$proc$results/sv2v_output.v:118$2374'.
Removing empty process `$paramod$ea9a025bc5ee84a808c2fa4f9964e04fcc1e340a\array.$proc$results/sv2v_output.v:118$2373'.
Removing empty process `$paramod$ea9a025bc5ee84a808c2fa4f9964e04fcc1e340a\array.$proc$results/sv2v_output.v:118$2372'.
Removing empty process `$paramod$ea9a025bc5ee84a808c2fa4f9964e04fcc1e340a\array.$proc$results/sv2v_output.v:118$2371'.
Removing empty process `$paramod$ea9a025bc5ee84a808c2fa4f9964e04fcc1e340a\array.$proc$results/sv2v_output.v:118$2370'.
Removing empty process `$paramod$ea9a025bc5ee84a808c2fa4f9964e04fcc1e340a\array.$proc$results/sv2v_output.v:118$2369'.
Removing empty process `$paramod$ea9a025bc5ee84a808c2fa4f9964e04fcc1e340a\array.$proc$results/sv2v_output.v:118$2368'.
Removing empty process `$paramod$ea9a025bc5ee84a808c2fa4f9964e04fcc1e340a\array.$proc$results/sv2v_output.v:118$2367'.
Removing empty process `$paramod$ea9a025bc5ee84a808c2fa4f9964e04fcc1e340a\array.$proc$results/sv2v_output.v:118$2366'.
Removing empty process `$paramod$ea9a025bc5ee84a808c2fa4f9964e04fcc1e340a\array.$proc$results/sv2v_output.v:118$2365'.
Removing empty process `$paramod$ea9a025bc5ee84a808c2fa4f9964e04fcc1e340a\array.$proc$results/sv2v_output.v:118$2364'.
Removing empty process `$paramod$ea9a025bc5ee84a808c2fa4f9964e04fcc1e340a\array.$proc$results/sv2v_output.v:118$2363'.
Removing empty process `$paramod$ea9a025bc5ee84a808c2fa4f9964e04fcc1e340a\array.$proc$results/sv2v_output.v:118$2362'.
Removing empty process `$paramod$ea9a025bc5ee84a808c2fa4f9964e04fcc1e340a\array.$proc$results/sv2v_output.v:118$2361'.
Removing empty process `$paramod$ea9a025bc5ee84a808c2fa4f9964e04fcc1e340a\array.$proc$results/sv2v_output.v:118$2360'.
Removing empty process `$paramod$ea9a025bc5ee84a808c2fa4f9964e04fcc1e340a\array.$proc$results/sv2v_output.v:118$2359'.
Removing empty process `$paramod$ea9a025bc5ee84a808c2fa4f9964e04fcc1e340a\array.$proc$results/sv2v_output.v:118$2358'.
Removing empty process `$paramod$ea9a025bc5ee84a808c2fa4f9964e04fcc1e340a\array.$proc$results/sv2v_output.v:118$2357'.
Removing empty process `$paramod$ea9a025bc5ee84a808c2fa4f9964e04fcc1e340a\array.$proc$results/sv2v_output.v:118$2356'.
Removing empty process `$paramod$ea9a025bc5ee84a808c2fa4f9964e04fcc1e340a\array.$proc$results/sv2v_output.v:118$2355'.
Removing empty process `$paramod$ea9a025bc5ee84a808c2fa4f9964e04fcc1e340a\array.$proc$results/sv2v_output.v:118$2354'.
Removing empty process `$paramod$ea9a025bc5ee84a808c2fa4f9964e04fcc1e340a\array.$proc$results/sv2v_output.v:118$2353'.
Removing empty process `$paramod$ea9a025bc5ee84a808c2fa4f9964e04fcc1e340a\array.$proc$results/sv2v_output.v:118$2352'.
Removing empty process `$paramod$ea9a025bc5ee84a808c2fa4f9964e04fcc1e340a\array.$proc$results/sv2v_output.v:118$2351'.
Removing empty process `$paramod$ea9a025bc5ee84a808c2fa4f9964e04fcc1e340a\array.$proc$results/sv2v_output.v:118$2350'.
Removing empty process `$paramod$ea9a025bc5ee84a808c2fa4f9964e04fcc1e340a\array.$proc$results/sv2v_output.v:118$2349'.
Removing empty process `$paramod$ea9a025bc5ee84a808c2fa4f9964e04fcc1e340a\array.$proc$results/sv2v_output.v:118$2348'.
Removing empty process `$paramod$ea9a025bc5ee84a808c2fa4f9964e04fcc1e340a\array.$proc$results/sv2v_output.v:118$2347'.
Removing empty process `$paramod$ea9a025bc5ee84a808c2fa4f9964e04fcc1e340a\array.$proc$results/sv2v_output.v:118$2346'.
Removing empty process `$paramod$ea9a025bc5ee84a808c2fa4f9964e04fcc1e340a\array.$proc$results/sv2v_output.v:118$2345'.
Removing empty process `$paramod$ea9a025bc5ee84a808c2fa4f9964e04fcc1e340a\array.$proc$results/sv2v_output.v:118$2344'.
Removing empty process `$paramod$ea9a025bc5ee84a808c2fa4f9964e04fcc1e340a\array.$proc$results/sv2v_output.v:118$2343'.
Removing empty process `$paramod$ea9a025bc5ee84a808c2fa4f9964e04fcc1e340a\array.$proc$results/sv2v_output.v:118$2342'.
Removing empty process `$paramod$ea9a025bc5ee84a808c2fa4f9964e04fcc1e340a\array.$proc$results/sv2v_output.v:118$2341'.
Removing empty process `$paramod$ea9a025bc5ee84a808c2fa4f9964e04fcc1e340a\array.$proc$results/sv2v_output.v:118$2340'.
Removing empty process `$paramod$ea9a025bc5ee84a808c2fa4f9964e04fcc1e340a\array.$proc$results/sv2v_output.v:118$2339'.
Removing empty process `$paramod$ea9a025bc5ee84a808c2fa4f9964e04fcc1e340a\array.$proc$results/sv2v_output.v:118$2338'.
Removing empty process `$paramod$ea9a025bc5ee84a808c2fa4f9964e04fcc1e340a\array.$proc$results/sv2v_output.v:118$2337'.
Removing empty process `$paramod$ea9a025bc5ee84a808c2fa4f9964e04fcc1e340a\array.$proc$results/sv2v_output.v:118$2336'.
Removing empty process `$paramod$ea9a025bc5ee84a808c2fa4f9964e04fcc1e340a\array.$proc$results/sv2v_output.v:118$2335'.
Removing empty process `$paramod$ea9a025bc5ee84a808c2fa4f9964e04fcc1e340a\array.$proc$results/sv2v_output.v:118$2334'.
Removing empty process `$paramod$ea9a025bc5ee84a808c2fa4f9964e04fcc1e340a\array.$proc$results/sv2v_output.v:118$2333'.
Removing empty process `$paramod$ea9a025bc5ee84a808c2fa4f9964e04fcc1e340a\array.$proc$results/sv2v_output.v:118$2332'.
Removing empty process `$paramod$ea9a025bc5ee84a808c2fa4f9964e04fcc1e340a\array.$proc$results/sv2v_output.v:118$2331'.
Removing empty process `$paramod$ea9a025bc5ee84a808c2fa4f9964e04fcc1e340a\array.$proc$results/sv2v_output.v:118$2330'.
Removing empty process `$paramod$ea9a025bc5ee84a808c2fa4f9964e04fcc1e340a\array.$proc$results/sv2v_output.v:118$2329'.
Removing empty process `$paramod$ea9a025bc5ee84a808c2fa4f9964e04fcc1e340a\array.$proc$results/sv2v_output.v:118$2328'.
Removing empty process `$paramod$ea9a025bc5ee84a808c2fa4f9964e04fcc1e340a\array.$proc$results/sv2v_output.v:118$2327'.
Removing empty process `$paramod$ea9a025bc5ee84a808c2fa4f9964e04fcc1e340a\array.$proc$results/sv2v_output.v:118$2326'.
Removing empty process `$paramod$ea9a025bc5ee84a808c2fa4f9964e04fcc1e340a\array.$proc$results/sv2v_output.v:118$2325'.
Removing empty process `$paramod$ea9a025bc5ee84a808c2fa4f9964e04fcc1e340a\array.$proc$results/sv2v_output.v:118$2324'.
Removing empty process `$paramod$ea9a025bc5ee84a808c2fa4f9964e04fcc1e340a\array.$proc$results/sv2v_output.v:118$2323'.
Removing empty process `$paramod$ea9a025bc5ee84a808c2fa4f9964e04fcc1e340a\array.$proc$results/sv2v_output.v:118$2322'.
Removing empty process `$paramod$ea9a025bc5ee84a808c2fa4f9964e04fcc1e340a\array.$proc$results/sv2v_output.v:118$2321'.
Removing empty process `$paramod$ea9a025bc5ee84a808c2fa4f9964e04fcc1e340a\array.$proc$results/sv2v_output.v:118$2320'.
Removing empty process `$paramod$ea9a025bc5ee84a808c2fa4f9964e04fcc1e340a\array.$proc$results/sv2v_output.v:118$2319'.
Removing empty process `$paramod$ea9a025bc5ee84a808c2fa4f9964e04fcc1e340a\array.$proc$results/sv2v_output.v:118$2318'.
Removing empty process `$paramod$ea9a025bc5ee84a808c2fa4f9964e04fcc1e340a\array.$proc$results/sv2v_output.v:118$2317'.
Removing empty process `$paramod$ea9a025bc5ee84a808c2fa4f9964e04fcc1e340a\array.$proc$results/sv2v_output.v:118$2316'.
Removing empty process `$paramod$ea9a025bc5ee84a808c2fa4f9964e04fcc1e340a\array.$proc$results/sv2v_output.v:118$2315'.
Removing empty process `$paramod$ea9a025bc5ee84a808c2fa4f9964e04fcc1e340a\array.$proc$results/sv2v_output.v:118$2314'.
Removing empty process `$paramod$ea9a025bc5ee84a808c2fa4f9964e04fcc1e340a\array.$proc$results/sv2v_output.v:118$2313'.
Removing empty process `$paramod$ea9a025bc5ee84a808c2fa4f9964e04fcc1e340a\array.$proc$results/sv2v_output.v:118$2312'.
Removing empty process `$paramod$ea9a025bc5ee84a808c2fa4f9964e04fcc1e340a\array.$proc$results/sv2v_output.v:118$2311'.
Removing empty process `$paramod$ea9a025bc5ee84a808c2fa4f9964e04fcc1e340a\array.$proc$results/sv2v_output.v:118$2310'.
Removing empty process `$paramod$ea9a025bc5ee84a808c2fa4f9964e04fcc1e340a\array.$proc$results/sv2v_output.v:118$2309'.
Removing empty process `$paramod$ea9a025bc5ee84a808c2fa4f9964e04fcc1e340a\array.$proc$results/sv2v_output.v:118$2308'.
Removing empty process `$paramod$ea9a025bc5ee84a808c2fa4f9964e04fcc1e340a\array.$proc$results/sv2v_output.v:118$2307'.
Removing empty process `$paramod$ea9a025bc5ee84a808c2fa4f9964e04fcc1e340a\array.$proc$results/sv2v_output.v:118$2306'.
Removing empty process `$paramod$ea9a025bc5ee84a808c2fa4f9964e04fcc1e340a\array.$proc$results/sv2v_output.v:118$2305'.
Removing empty process `$paramod$ea9a025bc5ee84a808c2fa4f9964e04fcc1e340a\array.$proc$results/sv2v_output.v:118$2304'.
Removing empty process `$paramod$ea9a025bc5ee84a808c2fa4f9964e04fcc1e340a\array.$proc$results/sv2v_output.v:118$2303'.
Removing empty process `$paramod$ea9a025bc5ee84a808c2fa4f9964e04fcc1e340a\array.$proc$results/sv2v_output.v:118$2302'.
Removing empty process `$paramod$ea9a025bc5ee84a808c2fa4f9964e04fcc1e340a\array.$proc$results/sv2v_output.v:118$2301'.
Removing empty process `$paramod$ea9a025bc5ee84a808c2fa4f9964e04fcc1e340a\array.$proc$results/sv2v_output.v:118$2300'.
Removing empty process `$paramod$ea9a025bc5ee84a808c2fa4f9964e04fcc1e340a\array.$proc$results/sv2v_output.v:118$2299'.
Removing empty process `$paramod$ea9a025bc5ee84a808c2fa4f9964e04fcc1e340a\array.$proc$results/sv2v_output.v:118$2298'.
Removing empty process `$paramod$ea9a025bc5ee84a808c2fa4f9964e04fcc1e340a\array.$proc$results/sv2v_output.v:118$2297'.
Removing empty process `$paramod$ea9a025bc5ee84a808c2fa4f9964e04fcc1e340a\array.$proc$results/sv2v_output.v:118$2296'.
Removing empty process `$paramod$ea9a025bc5ee84a808c2fa4f9964e04fcc1e340a\array.$proc$results/sv2v_output.v:118$2295'.
Removing empty process `$paramod$ea9a025bc5ee84a808c2fa4f9964e04fcc1e340a\array.$proc$results/sv2v_output.v:118$2294'.
Removing empty process `$paramod$ea9a025bc5ee84a808c2fa4f9964e04fcc1e340a\array.$proc$results/sv2v_output.v:118$2293'.
Removing empty process `$paramod$ea9a025bc5ee84a808c2fa4f9964e04fcc1e340a\array.$proc$results/sv2v_output.v:118$2292'.
Removing empty process `$paramod$ea9a025bc5ee84a808c2fa4f9964e04fcc1e340a\array.$proc$results/sv2v_output.v:118$2291'.
Removing empty process `$paramod$ea9a025bc5ee84a808c2fa4f9964e04fcc1e340a\array.$proc$results/sv2v_output.v:118$2290'.
Removing empty process `$paramod$ea9a025bc5ee84a808c2fa4f9964e04fcc1e340a\array.$proc$results/sv2v_output.v:118$2289'.
Removing empty process `$paramod$ea9a025bc5ee84a808c2fa4f9964e04fcc1e340a\array.$proc$results/sv2v_output.v:118$2288'.
Removing empty process `$paramod$ea9a025bc5ee84a808c2fa4f9964e04fcc1e340a\array.$proc$results/sv2v_output.v:118$2287'.
Removing empty process `$paramod$ea9a025bc5ee84a808c2fa4f9964e04fcc1e340a\array.$proc$results/sv2v_output.v:118$2286'.
Removing empty process `$paramod$ea9a025bc5ee84a808c2fa4f9964e04fcc1e340a\array.$proc$results/sv2v_output.v:118$2285'.
Removing empty process `$paramod$ea9a025bc5ee84a808c2fa4f9964e04fcc1e340a\array.$proc$results/sv2v_output.v:118$2284'.
Removing empty process `$paramod$ea9a025bc5ee84a808c2fa4f9964e04fcc1e340a\array.$proc$results/sv2v_output.v:118$2283'.
Removing empty process `$paramod$ea9a025bc5ee84a808c2fa4f9964e04fcc1e340a\array.$proc$results/sv2v_output.v:118$2282'.
Removing empty process `$paramod$ea9a025bc5ee84a808c2fa4f9964e04fcc1e340a\array.$proc$results/sv2v_output.v:118$2281'.
Removing empty process `$paramod$ea9a025bc5ee84a808c2fa4f9964e04fcc1e340a\array.$proc$results/sv2v_output.v:118$2280'.
Removing empty process `$paramod$ea9a025bc5ee84a808c2fa4f9964e04fcc1e340a\array.$proc$results/sv2v_output.v:118$2279'.
Removing empty process `$paramod$ea9a025bc5ee84a808c2fa4f9964e04fcc1e340a\array.$proc$results/sv2v_output.v:118$2278'.
Removing empty process `$paramod$ea9a025bc5ee84a808c2fa4f9964e04fcc1e340a\array.$proc$results/sv2v_output.v:118$2277'.
Removing empty process `$paramod$ea9a025bc5ee84a808c2fa4f9964e04fcc1e340a\array.$proc$results/sv2v_output.v:118$2276'.
Removing empty process `$paramod$ea9a025bc5ee84a808c2fa4f9964e04fcc1e340a\array.$proc$results/sv2v_output.v:118$2275'.
Removing empty process `$paramod$ea9a025bc5ee84a808c2fa4f9964e04fcc1e340a\array.$proc$results/sv2v_output.v:118$2274'.
Removing empty process `$paramod$ea9a025bc5ee84a808c2fa4f9964e04fcc1e340a\array.$proc$results/sv2v_output.v:118$2273'.
Removing empty process `$paramod$ea9a025bc5ee84a808c2fa4f9964e04fcc1e340a\array.$proc$results/sv2v_output.v:118$2272'.
Removing empty process `$paramod$ea9a025bc5ee84a808c2fa4f9964e04fcc1e340a\array.$proc$results/sv2v_output.v:118$2271'.
Removing empty process `$paramod$ea9a025bc5ee84a808c2fa4f9964e04fcc1e340a\array.$proc$results/sv2v_output.v:118$2270'.
Removing empty process `$paramod$ea9a025bc5ee84a808c2fa4f9964e04fcc1e340a\array.$proc$results/sv2v_output.v:118$2269'.
Removing empty process `$paramod$ea9a025bc5ee84a808c2fa4f9964e04fcc1e340a\array.$proc$results/sv2v_output.v:118$2268'.
Removing empty process `$paramod$ea9a025bc5ee84a808c2fa4f9964e04fcc1e340a\array.$proc$results/sv2v_output.v:118$2267'.
Removing empty process `$paramod$ea9a025bc5ee84a808c2fa4f9964e04fcc1e340a\array.$proc$results/sv2v_output.v:118$2266'.
Removing empty process `$paramod$ea9a025bc5ee84a808c2fa4f9964e04fcc1e340a\array.$proc$results/sv2v_output.v:118$2265'.
Removing empty process `$paramod$ea9a025bc5ee84a808c2fa4f9964e04fcc1e340a\array.$proc$results/sv2v_output.v:118$2264'.
Removing empty process `$paramod$ea9a025bc5ee84a808c2fa4f9964e04fcc1e340a\array.$proc$results/sv2v_output.v:118$2263'.
Removing empty process `$paramod$ea9a025bc5ee84a808c2fa4f9964e04fcc1e340a\array.$proc$results/sv2v_output.v:118$2262'.
Removing empty process `$paramod$ea9a025bc5ee84a808c2fa4f9964e04fcc1e340a\array.$proc$results/sv2v_output.v:118$2261'.
Removing empty process `$paramod$ea9a025bc5ee84a808c2fa4f9964e04fcc1e340a\array.$proc$results/sv2v_output.v:118$2260'.
Removing empty process `$paramod$ea9a025bc5ee84a808c2fa4f9964e04fcc1e340a\array.$proc$results/sv2v_output.v:118$2259'.
Removing empty process `$paramod$ea9a025bc5ee84a808c2fa4f9964e04fcc1e340a\array.$proc$results/sv2v_output.v:118$2258'.
Removing empty process `$paramod$ea9a025bc5ee84a808c2fa4f9964e04fcc1e340a\array.$proc$results/sv2v_output.v:118$2257'.
Removing empty process `$paramod$ea9a025bc5ee84a808c2fa4f9964e04fcc1e340a\array.$proc$results/sv2v_output.v:118$2256'.
Removing empty process `$paramod$ea9a025bc5ee84a808c2fa4f9964e04fcc1e340a\array.$proc$results/sv2v_output.v:118$2255'.
Removing empty process `$paramod$ea9a025bc5ee84a808c2fa4f9964e04fcc1e340a\array.$proc$results/sv2v_output.v:118$2254'.
Removing empty process `$paramod$ea9a025bc5ee84a808c2fa4f9964e04fcc1e340a\array.$proc$results/sv2v_output.v:118$2253'.
Removing empty process `$paramod$ea9a025bc5ee84a808c2fa4f9964e04fcc1e340a\array.$proc$results/sv2v_output.v:118$2252'.
Removing empty process `$paramod$ea9a025bc5ee84a808c2fa4f9964e04fcc1e340a\array.$proc$results/sv2v_output.v:118$2251'.
Removing empty process `$paramod$ea9a025bc5ee84a808c2fa4f9964e04fcc1e340a\array.$proc$results/sv2v_output.v:118$2250'.
Removing empty process `$paramod$ea9a025bc5ee84a808c2fa4f9964e04fcc1e340a\array.$proc$results/sv2v_output.v:118$2249'.
Removing empty process `$paramod$ea9a025bc5ee84a808c2fa4f9964e04fcc1e340a\array.$proc$results/sv2v_output.v:118$2248'.
Removing empty process `$paramod$ea9a025bc5ee84a808c2fa4f9964e04fcc1e340a\array.$proc$results/sv2v_output.v:118$2247'.
Removing empty process `$paramod$ea9a025bc5ee84a808c2fa4f9964e04fcc1e340a\array.$proc$results/sv2v_output.v:118$2246'.
Removing empty process `$paramod$ea9a025bc5ee84a808c2fa4f9964e04fcc1e340a\array.$proc$results/sv2v_output.v:118$2245'.
Removing empty process `$paramod$ea9a025bc5ee84a808c2fa4f9964e04fcc1e340a\array.$proc$results/sv2v_output.v:118$2244'.
Removing empty process `$paramod$ea9a025bc5ee84a808c2fa4f9964e04fcc1e340a\array.$proc$results/sv2v_output.v:118$2243'.
Removing empty process `$paramod$ea9a025bc5ee84a808c2fa4f9964e04fcc1e340a\array.$proc$results/sv2v_output.v:118$2242'.
Removing empty process `$paramod$ea9a025bc5ee84a808c2fa4f9964e04fcc1e340a\array.$proc$results/sv2v_output.v:118$2241'.
Removing empty process `$paramod$ea9a025bc5ee84a808c2fa4f9964e04fcc1e340a\array.$proc$results/sv2v_output.v:118$2240'.
Removing empty process `$paramod$ea9a025bc5ee84a808c2fa4f9964e04fcc1e340a\array.$proc$results/sv2v_output.v:118$2239'.
Removing empty process `$paramod$ea9a025bc5ee84a808c2fa4f9964e04fcc1e340a\array.$proc$results/sv2v_output.v:118$2238'.
Removing empty process `$paramod$ea9a025bc5ee84a808c2fa4f9964e04fcc1e340a\array.$proc$results/sv2v_output.v:118$2237'.
Removing empty process `$paramod$ea9a025bc5ee84a808c2fa4f9964e04fcc1e340a\array.$proc$results/sv2v_output.v:118$2236'.
Removing empty process `$paramod$ea9a025bc5ee84a808c2fa4f9964e04fcc1e340a\array.$proc$results/sv2v_output.v:118$2235'.
Removing empty process `$paramod$ea9a025bc5ee84a808c2fa4f9964e04fcc1e340a\array.$proc$results/sv2v_output.v:118$2234'.
Removing empty process `$paramod$ea9a025bc5ee84a808c2fa4f9964e04fcc1e340a\array.$proc$results/sv2v_output.v:118$2233'.
Removing empty process `$paramod$ea9a025bc5ee84a808c2fa4f9964e04fcc1e340a\array.$proc$results/sv2v_output.v:118$2232'.
Removing empty process `$paramod$ea9a025bc5ee84a808c2fa4f9964e04fcc1e340a\array.$proc$results/sv2v_output.v:118$2231'.
Removing empty process `$paramod$ea9a025bc5ee84a808c2fa4f9964e04fcc1e340a\array.$proc$results/sv2v_output.v:118$2230'.
Removing empty process `$paramod$ea9a025bc5ee84a808c2fa4f9964e04fcc1e340a\array.$proc$results/sv2v_output.v:118$2229'.
Removing empty process `$paramod$ea9a025bc5ee84a808c2fa4f9964e04fcc1e340a\array.$proc$results/sv2v_output.v:118$2228'.
Removing empty process `$paramod$ea9a025bc5ee84a808c2fa4f9964e04fcc1e340a\array.$proc$results/sv2v_output.v:118$2227'.
Removing empty process `$paramod$ea9a025bc5ee84a808c2fa4f9964e04fcc1e340a\array.$proc$results/sv2v_output.v:118$2226'.
Removing empty process `$paramod$ea9a025bc5ee84a808c2fa4f9964e04fcc1e340a\array.$proc$results/sv2v_output.v:118$2225'.
Removing empty process `$paramod$ea9a025bc5ee84a808c2fa4f9964e04fcc1e340a\array.$proc$results/sv2v_output.v:118$2224'.
Removing empty process `$paramod$ea9a025bc5ee84a808c2fa4f9964e04fcc1e340a\array.$proc$results/sv2v_output.v:118$2223'.
Removing empty process `$paramod$ea9a025bc5ee84a808c2fa4f9964e04fcc1e340a\array.$proc$results/sv2v_output.v:118$2222'.
Removing empty process `$paramod$ea9a025bc5ee84a808c2fa4f9964e04fcc1e340a\array.$proc$results/sv2v_output.v:118$2221'.
Removing empty process `$paramod$ea9a025bc5ee84a808c2fa4f9964e04fcc1e340a\array.$proc$results/sv2v_output.v:118$2220'.
Removing empty process `$paramod$ea9a025bc5ee84a808c2fa4f9964e04fcc1e340a\array.$proc$results/sv2v_output.v:118$2219'.
Removing empty process `$paramod$ea9a025bc5ee84a808c2fa4f9964e04fcc1e340a\array.$proc$results/sv2v_output.v:118$2218'.
Removing empty process `$paramod$ea9a025bc5ee84a808c2fa4f9964e04fcc1e340a\array.$proc$results/sv2v_output.v:118$2217'.
Removing empty process `$paramod$ea9a025bc5ee84a808c2fa4f9964e04fcc1e340a\array.$proc$results/sv2v_output.v:118$2216'.
Removing empty process `$paramod$ea9a025bc5ee84a808c2fa4f9964e04fcc1e340a\array.$proc$results/sv2v_output.v:118$2215'.
Removing empty process `$paramod$ea9a025bc5ee84a808c2fa4f9964e04fcc1e340a\array.$proc$results/sv2v_output.v:118$2214'.
Removing empty process `$paramod$ea9a025bc5ee84a808c2fa4f9964e04fcc1e340a\array.$proc$results/sv2v_output.v:118$2213'.
Removing empty process `$paramod$ea9a025bc5ee84a808c2fa4f9964e04fcc1e340a\array.$proc$results/sv2v_output.v:118$2212'.
Removing empty process `$paramod$ea9a025bc5ee84a808c2fa4f9964e04fcc1e340a\array.$proc$results/sv2v_output.v:118$2211'.
Removing empty process `$paramod$ea9a025bc5ee84a808c2fa4f9964e04fcc1e340a\array.$proc$results/sv2v_output.v:118$2210'.
Removing empty process `$paramod$ea9a025bc5ee84a808c2fa4f9964e04fcc1e340a\array.$proc$results/sv2v_output.v:118$2209'.
Removing empty process `$paramod$ea9a025bc5ee84a808c2fa4f9964e04fcc1e340a\array.$proc$results/sv2v_output.v:118$2208'.
Removing empty process `$paramod$ea9a025bc5ee84a808c2fa4f9964e04fcc1e340a\array.$proc$results/sv2v_output.v:118$2207'.
Removing empty process `$paramod$ea9a025bc5ee84a808c2fa4f9964e04fcc1e340a\array.$proc$results/sv2v_output.v:118$2206'.
Removing empty process `$paramod$ea9a025bc5ee84a808c2fa4f9964e04fcc1e340a\array.$proc$results/sv2v_output.v:118$2205'.
Removing empty process `$paramod$ea9a025bc5ee84a808c2fa4f9964e04fcc1e340a\array.$proc$results/sv2v_output.v:118$2204'.
Removing empty process `$paramod$ea9a025bc5ee84a808c2fa4f9964e04fcc1e340a\array.$proc$results/sv2v_output.v:118$2203'.
Removing empty process `$paramod$ea9a025bc5ee84a808c2fa4f9964e04fcc1e340a\array.$proc$results/sv2v_output.v:118$2202'.
Removing empty process `$paramod$ea9a025bc5ee84a808c2fa4f9964e04fcc1e340a\array.$proc$results/sv2v_output.v:118$2201'.
Removing empty process `$paramod$ea9a025bc5ee84a808c2fa4f9964e04fcc1e340a\array.$proc$results/sv2v_output.v:118$2200'.
Removing empty process `$paramod$ea9a025bc5ee84a808c2fa4f9964e04fcc1e340a\array.$proc$results/sv2v_output.v:118$2199'.
Removing empty process `$paramod$ea9a025bc5ee84a808c2fa4f9964e04fcc1e340a\array.$proc$results/sv2v_output.v:118$2198'.
Removing empty process `$paramod$ea9a025bc5ee84a808c2fa4f9964e04fcc1e340a\array.$proc$results/sv2v_output.v:118$2197'.
Removing empty process `$paramod$ea9a025bc5ee84a808c2fa4f9964e04fcc1e340a\array.$proc$results/sv2v_output.v:118$2196'.
Removing empty process `$paramod$ea9a025bc5ee84a808c2fa4f9964e04fcc1e340a\array.$proc$results/sv2v_output.v:118$2195'.
Removing empty process `$paramod$ea9a025bc5ee84a808c2fa4f9964e04fcc1e340a\array.$proc$results/sv2v_output.v:118$2194'.
Removing empty process `$paramod$ea9a025bc5ee84a808c2fa4f9964e04fcc1e340a\array.$proc$results/sv2v_output.v:118$2193'.
Removing empty process `$paramod$ea9a025bc5ee84a808c2fa4f9964e04fcc1e340a\array.$proc$results/sv2v_output.v:118$2192'.
Removing empty process `$paramod$ea9a025bc5ee84a808c2fa4f9964e04fcc1e340a\array.$proc$results/sv2v_output.v:118$2191'.
Removing empty process `$paramod$ea9a025bc5ee84a808c2fa4f9964e04fcc1e340a\array.$proc$results/sv2v_output.v:118$2190'.
Removing empty process `$paramod$ea9a025bc5ee84a808c2fa4f9964e04fcc1e340a\array.$proc$results/sv2v_output.v:118$2189'.
Removing empty process `$paramod$ea9a025bc5ee84a808c2fa4f9964e04fcc1e340a\array.$proc$results/sv2v_output.v:118$2188'.
Removing empty process `$paramod$ea9a025bc5ee84a808c2fa4f9964e04fcc1e340a\array.$proc$results/sv2v_output.v:118$2187'.
Removing empty process `$paramod$ea9a025bc5ee84a808c2fa4f9964e04fcc1e340a\array.$proc$results/sv2v_output.v:118$2186'.
Removing empty process `$paramod$ea9a025bc5ee84a808c2fa4f9964e04fcc1e340a\array.$proc$results/sv2v_output.v:118$2185'.
Removing empty process `$paramod$ea9a025bc5ee84a808c2fa4f9964e04fcc1e340a\array.$proc$results/sv2v_output.v:118$2184'.
Removing empty process `$paramod$ea9a025bc5ee84a808c2fa4f9964e04fcc1e340a\array.$proc$results/sv2v_output.v:118$2183'.
Removing empty process `$paramod$ea9a025bc5ee84a808c2fa4f9964e04fcc1e340a\array.$proc$results/sv2v_output.v:118$2182'.
Removing empty process `$paramod$ea9a025bc5ee84a808c2fa4f9964e04fcc1e340a\array.$proc$results/sv2v_output.v:118$2181'.
Removing empty process `$paramod$ea9a025bc5ee84a808c2fa4f9964e04fcc1e340a\array.$proc$results/sv2v_output.v:118$2180'.
Removing empty process `$paramod$ea9a025bc5ee84a808c2fa4f9964e04fcc1e340a\array.$proc$results/sv2v_output.v:118$2179'.
Removing empty process `$paramod$ea9a025bc5ee84a808c2fa4f9964e04fcc1e340a\array.$proc$results/sv2v_output.v:118$2178'.
Removing empty process `$paramod$ea9a025bc5ee84a808c2fa4f9964e04fcc1e340a\array.$proc$results/sv2v_output.v:118$2177'.
Removing empty process `$paramod$ea9a025bc5ee84a808c2fa4f9964e04fcc1e340a\array.$proc$results/sv2v_output.v:118$2176'.
Removing empty process `$paramod$ea9a025bc5ee84a808c2fa4f9964e04fcc1e340a\array.$proc$results/sv2v_output.v:118$2175'.
Removing empty process `$paramod$ea9a025bc5ee84a808c2fa4f9964e04fcc1e340a\array.$proc$results/sv2v_output.v:118$2174'.
Removing empty process `$paramod$ea9a025bc5ee84a808c2fa4f9964e04fcc1e340a\array.$proc$results/sv2v_output.v:118$2173'.
Removing empty process `$paramod$ea9a025bc5ee84a808c2fa4f9964e04fcc1e340a\array.$proc$results/sv2v_output.v:118$2172'.
Removing empty process `$paramod$ea9a025bc5ee84a808c2fa4f9964e04fcc1e340a\array.$proc$results/sv2v_output.v:118$2171'.
Removing empty process `$paramod$ea9a025bc5ee84a808c2fa4f9964e04fcc1e340a\array.$proc$results/sv2v_output.v:118$2170'.
Removing empty process `$paramod$ea9a025bc5ee84a808c2fa4f9964e04fcc1e340a\array.$proc$results/sv2v_output.v:118$2169'.
Removing empty process `$paramod$ea9a025bc5ee84a808c2fa4f9964e04fcc1e340a\array.$proc$results/sv2v_output.v:118$2168'.
Removing empty process `$paramod$ea9a025bc5ee84a808c2fa4f9964e04fcc1e340a\array.$proc$results/sv2v_output.v:118$2167'.
Removing empty process `$paramod$ea9a025bc5ee84a808c2fa4f9964e04fcc1e340a\array.$proc$results/sv2v_output.v:118$2166'.
Removing empty process `$paramod$ea9a025bc5ee84a808c2fa4f9964e04fcc1e340a\array.$proc$results/sv2v_output.v:118$2165'.
Removing empty process `$paramod$ea9a025bc5ee84a808c2fa4f9964e04fcc1e340a\array.$proc$results/sv2v_output.v:118$2164'.
Removing empty process `$paramod$ea9a025bc5ee84a808c2fa4f9964e04fcc1e340a\array.$proc$results/sv2v_output.v:118$2163'.
Removing empty process `$paramod$ea9a025bc5ee84a808c2fa4f9964e04fcc1e340a\array.$proc$results/sv2v_output.v:118$2162'.
Removing empty process `$paramod$ea9a025bc5ee84a808c2fa4f9964e04fcc1e340a\array.$proc$results/sv2v_output.v:118$2161'.
Removing empty process `$paramod$ea9a025bc5ee84a808c2fa4f9964e04fcc1e340a\array.$proc$results/sv2v_output.v:118$2160'.
Removing empty process `$paramod$ea9a025bc5ee84a808c2fa4f9964e04fcc1e340a\array.$proc$results/sv2v_output.v:118$2159'.
Removing empty process `$paramod$ea9a025bc5ee84a808c2fa4f9964e04fcc1e340a\array.$proc$results/sv2v_output.v:118$2158'.
Removing empty process `$paramod$ea9a025bc5ee84a808c2fa4f9964e04fcc1e340a\array.$proc$results/sv2v_output.v:118$2157'.
Removing empty process `$paramod$ea9a025bc5ee84a808c2fa4f9964e04fcc1e340a\array.$proc$results/sv2v_output.v:118$2156'.
Removing empty process `$paramod$ea9a025bc5ee84a808c2fa4f9964e04fcc1e340a\array.$proc$results/sv2v_output.v:118$2155'.
Removing empty process `$paramod$ea9a025bc5ee84a808c2fa4f9964e04fcc1e340a\array.$proc$results/sv2v_output.v:118$2154'.
Removing empty process `$paramod$ea9a025bc5ee84a808c2fa4f9964e04fcc1e340a\array.$proc$results/sv2v_output.v:118$2153'.
Removing empty process `$paramod$ea9a025bc5ee84a808c2fa4f9964e04fcc1e340a\array.$proc$results/sv2v_output.v:118$2152'.
Removing empty process `$paramod$ea9a025bc5ee84a808c2fa4f9964e04fcc1e340a\array.$proc$results/sv2v_output.v:118$2151'.
Removing empty process `$paramod$ea9a025bc5ee84a808c2fa4f9964e04fcc1e340a\array.$proc$results/sv2v_output.v:118$2150'.
Removing empty process `$paramod$ea9a025bc5ee84a808c2fa4f9964e04fcc1e340a\array.$proc$results/sv2v_output.v:118$2149'.
Removing empty process `$paramod$ea9a025bc5ee84a808c2fa4f9964e04fcc1e340a\array.$proc$results/sv2v_output.v:118$2148'.
Removing empty process `$paramod$ea9a025bc5ee84a808c2fa4f9964e04fcc1e340a\array.$proc$results/sv2v_output.v:118$2147'.
Removing empty process `$paramod$ea9a025bc5ee84a808c2fa4f9964e04fcc1e340a\array.$proc$results/sv2v_output.v:118$2146'.
Removing empty process `$paramod$ea9a025bc5ee84a808c2fa4f9964e04fcc1e340a\array.$proc$results/sv2v_output.v:118$2145'.
Removing empty process `$paramod$ea9a025bc5ee84a808c2fa4f9964e04fcc1e340a\array.$proc$results/sv2v_output.v:118$2144'.
Removing empty process `$paramod$ea9a025bc5ee84a808c2fa4f9964e04fcc1e340a\array.$proc$results/sv2v_output.v:118$2143'.
Removing empty process `$paramod$ea9a025bc5ee84a808c2fa4f9964e04fcc1e340a\array.$proc$results/sv2v_output.v:118$2142'.
Removing empty process `$paramod$ea9a025bc5ee84a808c2fa4f9964e04fcc1e340a\array.$proc$results/sv2v_output.v:118$2141'.
Removing empty process `$paramod$ea9a025bc5ee84a808c2fa4f9964e04fcc1e340a\array.$proc$results/sv2v_output.v:118$2140'.
Removing empty process `$paramod$ea9a025bc5ee84a808c2fa4f9964e04fcc1e340a\array.$proc$results/sv2v_output.v:118$2139'.
Removing empty process `$paramod$ea9a025bc5ee84a808c2fa4f9964e04fcc1e340a\array.$proc$results/sv2v_output.v:118$2138'.
Removing empty process `$paramod$ea9a025bc5ee84a808c2fa4f9964e04fcc1e340a\array.$proc$results/sv2v_output.v:118$2137'.
Removing empty process `$paramod$ea9a025bc5ee84a808c2fa4f9964e04fcc1e340a\array.$proc$results/sv2v_output.v:118$2136'.
Removing empty process `$paramod$ea9a025bc5ee84a808c2fa4f9964e04fcc1e340a\array.$proc$results/sv2v_output.v:118$2135'.
Removing empty process `$paramod$ea9a025bc5ee84a808c2fa4f9964e04fcc1e340a\array.$proc$results/sv2v_output.v:118$2134'.
Removing empty process `$paramod$ea9a025bc5ee84a808c2fa4f9964e04fcc1e340a\array.$proc$results/sv2v_output.v:118$2133'.
Removing empty process `$paramod$ea9a025bc5ee84a808c2fa4f9964e04fcc1e340a\array.$proc$results/sv2v_output.v:118$2132'.
Removing empty process `$paramod$ea9a025bc5ee84a808c2fa4f9964e04fcc1e340a\array.$proc$results/sv2v_output.v:118$2131'.
Removing empty process `$paramod$ea9a025bc5ee84a808c2fa4f9964e04fcc1e340a\array.$proc$results/sv2v_output.v:118$2130'.
Removing empty process `$paramod$ea9a025bc5ee84a808c2fa4f9964e04fcc1e340a\array.$proc$results/sv2v_output.v:118$2129'.
Removing empty process `$paramod$ea9a025bc5ee84a808c2fa4f9964e04fcc1e340a\array.$proc$results/sv2v_output.v:118$2128'.
Removing empty process `$paramod$ea9a025bc5ee84a808c2fa4f9964e04fcc1e340a\array.$proc$results/sv2v_output.v:118$2127'.
Removing empty process `$paramod$ea9a025bc5ee84a808c2fa4f9964e04fcc1e340a\array.$proc$results/sv2v_output.v:118$2126'.
Removing empty process `$paramod$ea9a025bc5ee84a808c2fa4f9964e04fcc1e340a\array.$proc$results/sv2v_output.v:118$2125'.
Removing empty process `$paramod$ea9a025bc5ee84a808c2fa4f9964e04fcc1e340a\array.$proc$results/sv2v_output.v:118$2124'.
Removing empty process `$paramod$ea9a025bc5ee84a808c2fa4f9964e04fcc1e340a\array.$proc$results/sv2v_output.v:118$2123'.
Removing empty process `$paramod$ea9a025bc5ee84a808c2fa4f9964e04fcc1e340a\array.$proc$results/sv2v_output.v:118$2122'.
Removing empty process `$paramod$ea9a025bc5ee84a808c2fa4f9964e04fcc1e340a\array.$proc$results/sv2v_output.v:118$2121'.
Removing empty process `$paramod$ea9a025bc5ee84a808c2fa4f9964e04fcc1e340a\array.$proc$results/sv2v_output.v:118$2120'.
Removing empty process `$paramod$ea9a025bc5ee84a808c2fa4f9964e04fcc1e340a\array.$proc$results/sv2v_output.v:118$2119'.
Removing empty process `$paramod$ea9a025bc5ee84a808c2fa4f9964e04fcc1e340a\array.$proc$results/sv2v_output.v:118$2118'.
Removing empty process `$paramod$ea9a025bc5ee84a808c2fa4f9964e04fcc1e340a\array.$proc$results/sv2v_output.v:118$2117'.
Removing empty process `$paramod$ea9a025bc5ee84a808c2fa4f9964e04fcc1e340a\array.$proc$results/sv2v_output.v:118$2116'.
Removing empty process `$paramod$ea9a025bc5ee84a808c2fa4f9964e04fcc1e340a\array.$proc$results/sv2v_output.v:118$2115'.
Removing empty process `$paramod$ea9a025bc5ee84a808c2fa4f9964e04fcc1e340a\array.$proc$results/sv2v_output.v:118$2114'.
Removing empty process `$paramod$ea9a025bc5ee84a808c2fa4f9964e04fcc1e340a\array.$proc$results/sv2v_output.v:118$2113'.
Removing empty process `$paramod$ea9a025bc5ee84a808c2fa4f9964e04fcc1e340a\array.$proc$results/sv2v_output.v:118$2112'.
Removing empty process `$paramod$ea9a025bc5ee84a808c2fa4f9964e04fcc1e340a\array.$proc$results/sv2v_output.v:118$2111'.
Removing empty process `$paramod$ea9a025bc5ee84a808c2fa4f9964e04fcc1e340a\array.$proc$results/sv2v_output.v:118$2110'.
Removing empty process `$paramod$ea9a025bc5ee84a808c2fa4f9964e04fcc1e340a\array.$proc$results/sv2v_output.v:118$2109'.
Removing empty process `$paramod$ea9a025bc5ee84a808c2fa4f9964e04fcc1e340a\array.$proc$results/sv2v_output.v:118$2108'.
Removing empty process `$paramod$ea9a025bc5ee84a808c2fa4f9964e04fcc1e340a\array.$proc$results/sv2v_output.v:118$2107'.
Removing empty process `$paramod$ea9a025bc5ee84a808c2fa4f9964e04fcc1e340a\array.$proc$results/sv2v_output.v:118$2106'.
Removing empty process `$paramod$ea9a025bc5ee84a808c2fa4f9964e04fcc1e340a\array.$proc$results/sv2v_output.v:118$2105'.
Removing empty process `$paramod$ea9a025bc5ee84a808c2fa4f9964e04fcc1e340a\array.$proc$results/sv2v_output.v:118$2104'.
Removing empty process `$paramod$ea9a025bc5ee84a808c2fa4f9964e04fcc1e340a\array.$proc$results/sv2v_output.v:118$2103'.
Removing empty process `$paramod$ea9a025bc5ee84a808c2fa4f9964e04fcc1e340a\array.$proc$results/sv2v_output.v:118$2102'.
Removing empty process `$paramod$ea9a025bc5ee84a808c2fa4f9964e04fcc1e340a\array.$proc$results/sv2v_output.v:118$2101'.
Removing empty process `$paramod$ea9a025bc5ee84a808c2fa4f9964e04fcc1e340a\array.$proc$results/sv2v_output.v:118$2100'.
Removing empty process `$paramod$ea9a025bc5ee84a808c2fa4f9964e04fcc1e340a\array.$proc$results/sv2v_output.v:118$2099'.
Removing empty process `$paramod$ea9a025bc5ee84a808c2fa4f9964e04fcc1e340a\array.$proc$results/sv2v_output.v:118$2098'.
Removing empty process `$paramod$ea9a025bc5ee84a808c2fa4f9964e04fcc1e340a\array.$proc$results/sv2v_output.v:118$2097'.
Removing empty process `$paramod$ea9a025bc5ee84a808c2fa4f9964e04fcc1e340a\array.$proc$results/sv2v_output.v:118$2096'.
Removing empty process `$paramod$ea9a025bc5ee84a808c2fa4f9964e04fcc1e340a\array.$proc$results/sv2v_output.v:118$2095'.
Removing empty process `$paramod$ea9a025bc5ee84a808c2fa4f9964e04fcc1e340a\array.$proc$results/sv2v_output.v:118$2094'.
Removing empty process `$paramod$ea9a025bc5ee84a808c2fa4f9964e04fcc1e340a\array.$proc$results/sv2v_output.v:118$2093'.
Removing empty process `$paramod$ea9a025bc5ee84a808c2fa4f9964e04fcc1e340a\array.$proc$results/sv2v_output.v:118$2092'.
Removing empty process `$paramod$ea9a025bc5ee84a808c2fa4f9964e04fcc1e340a\array.$proc$results/sv2v_output.v:118$2091'.
Removing empty process `$paramod$ea9a025bc5ee84a808c2fa4f9964e04fcc1e340a\array.$proc$results/sv2v_output.v:118$2090'.
Removing empty process `$paramod$ea9a025bc5ee84a808c2fa4f9964e04fcc1e340a\array.$proc$results/sv2v_output.v:118$2089'.
Removing empty process `$paramod$ea9a025bc5ee84a808c2fa4f9964e04fcc1e340a\array.$proc$results/sv2v_output.v:118$2088'.
Removing empty process `$paramod$ea9a025bc5ee84a808c2fa4f9964e04fcc1e340a\array.$proc$results/sv2v_output.v:118$2087'.
Removing empty process `$paramod$ea9a025bc5ee84a808c2fa4f9964e04fcc1e340a\array.$proc$results/sv2v_output.v:118$2086'.
Removing empty process `$paramod$ea9a025bc5ee84a808c2fa4f9964e04fcc1e340a\array.$proc$results/sv2v_output.v:118$2085'.
Removing empty process `$paramod$ea9a025bc5ee84a808c2fa4f9964e04fcc1e340a\array.$proc$results/sv2v_output.v:118$2084'.
Removing empty process `$paramod$ea9a025bc5ee84a808c2fa4f9964e04fcc1e340a\array.$proc$results/sv2v_output.v:118$2083'.
Removing empty process `$paramod$ea9a025bc5ee84a808c2fa4f9964e04fcc1e340a\array.$proc$results/sv2v_output.v:118$2082'.
Removing empty process `$paramod$ea9a025bc5ee84a808c2fa4f9964e04fcc1e340a\array.$proc$results/sv2v_output.v:118$2081'.
Removing empty process `$paramod$ea9a025bc5ee84a808c2fa4f9964e04fcc1e340a\array.$proc$results/sv2v_output.v:118$2080'.
Removing empty process `$paramod$ea9a025bc5ee84a808c2fa4f9964e04fcc1e340a\array.$proc$results/sv2v_output.v:118$2079'.
Removing empty process `$paramod$ea9a025bc5ee84a808c2fa4f9964e04fcc1e340a\array.$proc$results/sv2v_output.v:118$2078'.
Removing empty process `$paramod$ea9a025bc5ee84a808c2fa4f9964e04fcc1e340a\array.$proc$results/sv2v_output.v:118$2077'.
Removing empty process `$paramod$ea9a025bc5ee84a808c2fa4f9964e04fcc1e340a\array.$proc$results/sv2v_output.v:118$2076'.
Removing empty process `$paramod$ea9a025bc5ee84a808c2fa4f9964e04fcc1e340a\array.$proc$results/sv2v_output.v:118$2075'.
Removing empty process `$paramod$ea9a025bc5ee84a808c2fa4f9964e04fcc1e340a\array.$proc$results/sv2v_output.v:118$2074'.
Removing empty process `$paramod$ea9a025bc5ee84a808c2fa4f9964e04fcc1e340a\array.$proc$results/sv2v_output.v:118$2073'.
Removing empty process `$paramod$ea9a025bc5ee84a808c2fa4f9964e04fcc1e340a\array.$proc$results/sv2v_output.v:118$2072'.
Removing empty process `$paramod$ea9a025bc5ee84a808c2fa4f9964e04fcc1e340a\array.$proc$results/sv2v_output.v:118$2071'.
Removing empty process `$paramod$ea9a025bc5ee84a808c2fa4f9964e04fcc1e340a\array.$proc$results/sv2v_output.v:118$2070'.
Removing empty process `$paramod$ea9a025bc5ee84a808c2fa4f9964e04fcc1e340a\array.$proc$results/sv2v_output.v:118$2069'.
Removing empty process `$paramod$ea9a025bc5ee84a808c2fa4f9964e04fcc1e340a\array.$proc$results/sv2v_output.v:118$2068'.
Removing empty process `$paramod$ea9a025bc5ee84a808c2fa4f9964e04fcc1e340a\array.$proc$results/sv2v_output.v:118$2067'.
Removing empty process `$paramod$ea9a025bc5ee84a808c2fa4f9964e04fcc1e340a\array.$proc$results/sv2v_output.v:118$2066'.
Removing empty process `$paramod$ea9a025bc5ee84a808c2fa4f9964e04fcc1e340a\array.$proc$results/sv2v_output.v:118$2065'.
Removing empty process `$paramod$ea9a025bc5ee84a808c2fa4f9964e04fcc1e340a\array.$proc$results/sv2v_output.v:118$2064'.
Removing empty process `$paramod$ea9a025bc5ee84a808c2fa4f9964e04fcc1e340a\array.$proc$results/sv2v_output.v:118$2063'.
Removing empty process `$paramod$ea9a025bc5ee84a808c2fa4f9964e04fcc1e340a\array.$proc$results/sv2v_output.v:118$2062'.
Removing empty process `$paramod$ea9a025bc5ee84a808c2fa4f9964e04fcc1e340a\array.$proc$results/sv2v_output.v:118$2061'.
Removing empty process `$paramod$ea9a025bc5ee84a808c2fa4f9964e04fcc1e340a\array.$proc$results/sv2v_output.v:118$2060'.
Removing empty process `$paramod$ea9a025bc5ee84a808c2fa4f9964e04fcc1e340a\array.$proc$results/sv2v_output.v:118$2059'.
Removing empty process `$paramod$ea9a025bc5ee84a808c2fa4f9964e04fcc1e340a\array.$proc$results/sv2v_output.v:118$2058'.
Removing empty process `$paramod$ea9a025bc5ee84a808c2fa4f9964e04fcc1e340a\array.$proc$results/sv2v_output.v:118$2057'.
Removing empty process `$paramod$ea9a025bc5ee84a808c2fa4f9964e04fcc1e340a\array.$proc$results/sv2v_output.v:118$2056'.
Removing empty process `$paramod$ea9a025bc5ee84a808c2fa4f9964e04fcc1e340a\array.$proc$results/sv2v_output.v:118$2055'.
Removing empty process `$paramod$ea9a025bc5ee84a808c2fa4f9964e04fcc1e340a\array.$proc$results/sv2v_output.v:118$2054'.
Removing empty process `$paramod$ea9a025bc5ee84a808c2fa4f9964e04fcc1e340a\array.$proc$results/sv2v_output.v:118$2053'.
Removing empty process `$paramod$ea9a025bc5ee84a808c2fa4f9964e04fcc1e340a\array.$proc$results/sv2v_output.v:118$2052'.
Removing empty process `$paramod$ea9a025bc5ee84a808c2fa4f9964e04fcc1e340a\array.$proc$results/sv2v_output.v:118$2051'.
Removing empty process `$paramod$ea9a025bc5ee84a808c2fa4f9964e04fcc1e340a\array.$proc$results/sv2v_output.v:118$2050'.
Removing empty process `$paramod$ea9a025bc5ee84a808c2fa4f9964e04fcc1e340a\array.$proc$results/sv2v_output.v:118$2049'.
Removing empty process `$paramod$ea9a025bc5ee84a808c2fa4f9964e04fcc1e340a\array.$proc$results/sv2v_output.v:118$2048'.
Removing empty process `$paramod$ea9a025bc5ee84a808c2fa4f9964e04fcc1e340a\array.$proc$results/sv2v_output.v:118$2047'.
Removing empty process `$paramod$ea9a025bc5ee84a808c2fa4f9964e04fcc1e340a\array.$proc$results/sv2v_output.v:118$2046'.
Removing empty process `$paramod$ea9a025bc5ee84a808c2fa4f9964e04fcc1e340a\array.$proc$results/sv2v_output.v:118$2045'.
Removing empty process `$paramod$ea9a025bc5ee84a808c2fa4f9964e04fcc1e340a\array.$proc$results/sv2v_output.v:118$2044'.
Removing empty process `$paramod$ea9a025bc5ee84a808c2fa4f9964e04fcc1e340a\array.$proc$results/sv2v_output.v:118$2043'.
Removing empty process `$paramod$ea9a025bc5ee84a808c2fa4f9964e04fcc1e340a\array.$proc$results/sv2v_output.v:118$2042'.
Removing empty process `$paramod$ea9a025bc5ee84a808c2fa4f9964e04fcc1e340a\array.$proc$results/sv2v_output.v:118$2041'.
Removing empty process `$paramod$ea9a025bc5ee84a808c2fa4f9964e04fcc1e340a\array.$proc$results/sv2v_output.v:118$2040'.
Removing empty process `$paramod$ea9a025bc5ee84a808c2fa4f9964e04fcc1e340a\array.$proc$results/sv2v_output.v:118$2039'.
Removing empty process `$paramod$ea9a025bc5ee84a808c2fa4f9964e04fcc1e340a\array.$proc$results/sv2v_output.v:118$2038'.
Removing empty process `$paramod$ea9a025bc5ee84a808c2fa4f9964e04fcc1e340a\array.$proc$results/sv2v_output.v:118$2037'.
Removing empty process `$paramod$ea9a025bc5ee84a808c2fa4f9964e04fcc1e340a\array.$proc$results/sv2v_output.v:118$2036'.
Removing empty process `$paramod$ea9a025bc5ee84a808c2fa4f9964e04fcc1e340a\array.$proc$results/sv2v_output.v:118$2035'.
Removing empty process `$paramod$ea9a025bc5ee84a808c2fa4f9964e04fcc1e340a\array.$proc$results/sv2v_output.v:118$2034'.
Removing empty process `$paramod$ea9a025bc5ee84a808c2fa4f9964e04fcc1e340a\array.$proc$results/sv2v_output.v:118$2033'.
Removing empty process `$paramod$ea9a025bc5ee84a808c2fa4f9964e04fcc1e340a\array.$proc$results/sv2v_output.v:118$2032'.
Removing empty process `$paramod$ea9a025bc5ee84a808c2fa4f9964e04fcc1e340a\array.$proc$results/sv2v_output.v:118$2031'.
Removing empty process `$paramod$ea9a025bc5ee84a808c2fa4f9964e04fcc1e340a\array.$proc$results/sv2v_output.v:118$2030'.
Removing empty process `$paramod$ea9a025bc5ee84a808c2fa4f9964e04fcc1e340a\array.$proc$results/sv2v_output.v:118$2029'.
Removing empty process `$paramod$ea9a025bc5ee84a808c2fa4f9964e04fcc1e340a\array.$proc$results/sv2v_output.v:118$2028'.
Removing empty process `$paramod$ea9a025bc5ee84a808c2fa4f9964e04fcc1e340a\array.$proc$results/sv2v_output.v:118$2027'.
Removing empty process `$paramod$ea9a025bc5ee84a808c2fa4f9964e04fcc1e340a\array.$proc$results/sv2v_output.v:118$2026'.
Removing empty process `$paramod$ea9a025bc5ee84a808c2fa4f9964e04fcc1e340a\array.$proc$results/sv2v_output.v:118$2025'.
Removing empty process `$paramod$ea9a025bc5ee84a808c2fa4f9964e04fcc1e340a\array.$proc$results/sv2v_output.v:118$2024'.
Removing empty process `$paramod$ea9a025bc5ee84a808c2fa4f9964e04fcc1e340a\array.$proc$results/sv2v_output.v:118$2023'.
Removing empty process `$paramod$ea9a025bc5ee84a808c2fa4f9964e04fcc1e340a\array.$proc$results/sv2v_output.v:118$2022'.
Removing empty process `$paramod$ea9a025bc5ee84a808c2fa4f9964e04fcc1e340a\array.$proc$results/sv2v_output.v:118$2021'.
Removing empty process `$paramod$ea9a025bc5ee84a808c2fa4f9964e04fcc1e340a\array.$proc$results/sv2v_output.v:118$2020'.
Removing empty process `$paramod$ea9a025bc5ee84a808c2fa4f9964e04fcc1e340a\array.$proc$results/sv2v_output.v:118$2019'.
Removing empty process `$paramod$ea9a025bc5ee84a808c2fa4f9964e04fcc1e340a\array.$proc$results/sv2v_output.v:118$2018'.
Removing empty process `$paramod$ea9a025bc5ee84a808c2fa4f9964e04fcc1e340a\array.$proc$results/sv2v_output.v:118$2017'.
Removing empty process `$paramod$ea9a025bc5ee84a808c2fa4f9964e04fcc1e340a\array.$proc$results/sv2v_output.v:118$2016'.
Removing empty process `$paramod$ea9a025bc5ee84a808c2fa4f9964e04fcc1e340a\array.$proc$results/sv2v_output.v:118$2015'.
Removing empty process `$paramod$ea9a025bc5ee84a808c2fa4f9964e04fcc1e340a\array.$proc$results/sv2v_output.v:118$2014'.
Removing empty process `$paramod$ea9a025bc5ee84a808c2fa4f9964e04fcc1e340a\array.$proc$results/sv2v_output.v:118$2013'.
Removing empty process `$paramod$ea9a025bc5ee84a808c2fa4f9964e04fcc1e340a\array.$proc$results/sv2v_output.v:118$2012'.
Removing empty process `$paramod$ea9a025bc5ee84a808c2fa4f9964e04fcc1e340a\array.$proc$results/sv2v_output.v:118$2011'.
Removing empty process `$paramod$ea9a025bc5ee84a808c2fa4f9964e04fcc1e340a\array.$proc$results/sv2v_output.v:118$2010'.
Removing empty process `$paramod$ea9a025bc5ee84a808c2fa4f9964e04fcc1e340a\array.$proc$results/sv2v_output.v:118$2009'.
Removing empty process `$paramod$ea9a025bc5ee84a808c2fa4f9964e04fcc1e340a\array.$proc$results/sv2v_output.v:118$2008'.
Removing empty process `$paramod$ea9a025bc5ee84a808c2fa4f9964e04fcc1e340a\array.$proc$results/sv2v_output.v:118$2007'.
Removing empty process `$paramod$ea9a025bc5ee84a808c2fa4f9964e04fcc1e340a\array.$proc$results/sv2v_output.v:118$2006'.
Removing empty process `$paramod$ea9a025bc5ee84a808c2fa4f9964e04fcc1e340a\array.$proc$results/sv2v_output.v:118$2005'.
Removing empty process `$paramod$ea9a025bc5ee84a808c2fa4f9964e04fcc1e340a\array.$proc$results/sv2v_output.v:118$2004'.
Removing empty process `$paramod$ea9a025bc5ee84a808c2fa4f9964e04fcc1e340a\array.$proc$results/sv2v_output.v:118$2003'.
Removing empty process `$paramod$ea9a025bc5ee84a808c2fa4f9964e04fcc1e340a\array.$proc$results/sv2v_output.v:118$2002'.
Removing empty process `$paramod$ea9a025bc5ee84a808c2fa4f9964e04fcc1e340a\array.$proc$results/sv2v_output.v:118$2001'.
Removing empty process `$paramod$ea9a025bc5ee84a808c2fa4f9964e04fcc1e340a\array.$proc$results/sv2v_output.v:118$2000'.
Removing empty process `$paramod$ea9a025bc5ee84a808c2fa4f9964e04fcc1e340a\array.$proc$results/sv2v_output.v:118$1999'.
Removing empty process `$paramod$ea9a025bc5ee84a808c2fa4f9964e04fcc1e340a\array.$proc$results/sv2v_output.v:118$1998'.
Removing empty process `$paramod$ea9a025bc5ee84a808c2fa4f9964e04fcc1e340a\array.$proc$results/sv2v_output.v:118$1997'.
Removing empty process `$paramod$ea9a025bc5ee84a808c2fa4f9964e04fcc1e340a\array.$proc$results/sv2v_output.v:118$1996'.
Removing empty process `$paramod$ea9a025bc5ee84a808c2fa4f9964e04fcc1e340a\array.$proc$results/sv2v_output.v:118$1995'.
Removing empty process `$paramod$ea9a025bc5ee84a808c2fa4f9964e04fcc1e340a\array.$proc$results/sv2v_output.v:118$1994'.
Removing empty process `$paramod$ea9a025bc5ee84a808c2fa4f9964e04fcc1e340a\array.$proc$results/sv2v_output.v:118$1993'.
Removing empty process `$paramod$ea9a025bc5ee84a808c2fa4f9964e04fcc1e340a\array.$proc$results/sv2v_output.v:118$1992'.
Removing empty process `$paramod$ea9a025bc5ee84a808c2fa4f9964e04fcc1e340a\array.$proc$results/sv2v_output.v:118$1991'.
Removing empty process `$paramod$ea9a025bc5ee84a808c2fa4f9964e04fcc1e340a\array.$proc$results/sv2v_output.v:118$1990'.
Removing empty process `$paramod$ea9a025bc5ee84a808c2fa4f9964e04fcc1e340a\array.$proc$results/sv2v_output.v:118$1989'.
Removing empty process `$paramod$ea9a025bc5ee84a808c2fa4f9964e04fcc1e340a\array.$proc$results/sv2v_output.v:118$1988'.
Removing empty process `$paramod$ea9a025bc5ee84a808c2fa4f9964e04fcc1e340a\array.$proc$results/sv2v_output.v:118$1987'.
Removing empty process `$paramod$ea9a025bc5ee84a808c2fa4f9964e04fcc1e340a\array.$proc$results/sv2v_output.v:118$1986'.
Removing empty process `$paramod$ea9a025bc5ee84a808c2fa4f9964e04fcc1e340a\array.$proc$results/sv2v_output.v:118$1985'.
Removing empty process `$paramod$ea9a025bc5ee84a808c2fa4f9964e04fcc1e340a\array.$proc$results/sv2v_output.v:118$1984'.
Removing empty process `$paramod$ea9a025bc5ee84a808c2fa4f9964e04fcc1e340a\array.$proc$results/sv2v_output.v:118$1983'.
Removing empty process `$paramod$ea9a025bc5ee84a808c2fa4f9964e04fcc1e340a\array.$proc$results/sv2v_output.v:118$1982'.
Removing empty process `$paramod$ea9a025bc5ee84a808c2fa4f9964e04fcc1e340a\array.$proc$results/sv2v_output.v:118$1981'.
Removing empty process `$paramod$ea9a025bc5ee84a808c2fa4f9964e04fcc1e340a\array.$proc$results/sv2v_output.v:118$1980'.
Removing empty process `$paramod$ea9a025bc5ee84a808c2fa4f9964e04fcc1e340a\array.$proc$results/sv2v_output.v:118$1979'.
Removing empty process `$paramod$ea9a025bc5ee84a808c2fa4f9964e04fcc1e340a\array.$proc$results/sv2v_output.v:118$1978'.
Removing empty process `$paramod$ea9a025bc5ee84a808c2fa4f9964e04fcc1e340a\array.$proc$results/sv2v_output.v:118$1977'.
Removing empty process `$paramod$ea9a025bc5ee84a808c2fa4f9964e04fcc1e340a\array.$proc$results/sv2v_output.v:118$1976'.
Removing empty process `$paramod$ea9a025bc5ee84a808c2fa4f9964e04fcc1e340a\array.$proc$results/sv2v_output.v:118$1975'.
Removing empty process `$paramod$ea9a025bc5ee84a808c2fa4f9964e04fcc1e340a\array.$proc$results/sv2v_output.v:118$1974'.
Removing empty process `$paramod$ea9a025bc5ee84a808c2fa4f9964e04fcc1e340a\array.$proc$results/sv2v_output.v:118$1973'.
Removing empty process `$paramod$ea9a025bc5ee84a808c2fa4f9964e04fcc1e340a\array.$proc$results/sv2v_output.v:118$1972'.
Removing empty process `$paramod$ea9a025bc5ee84a808c2fa4f9964e04fcc1e340a\array.$proc$results/sv2v_output.v:118$1971'.
Removing empty process `$paramod$ea9a025bc5ee84a808c2fa4f9964e04fcc1e340a\array.$proc$results/sv2v_output.v:118$1970'.
Removing empty process `$paramod$ea9a025bc5ee84a808c2fa4f9964e04fcc1e340a\array.$proc$results/sv2v_output.v:118$1969'.
Removing empty process `$paramod$ea9a025bc5ee84a808c2fa4f9964e04fcc1e340a\array.$proc$results/sv2v_output.v:118$1968'.
Removing empty process `$paramod$ea9a025bc5ee84a808c2fa4f9964e04fcc1e340a\array.$proc$results/sv2v_output.v:118$1967'.
Removing empty process `$paramod$ea9a025bc5ee84a808c2fa4f9964e04fcc1e340a\array.$proc$results/sv2v_output.v:118$1966'.
Removing empty process `$paramod$ea9a025bc5ee84a808c2fa4f9964e04fcc1e340a\array.$proc$results/sv2v_output.v:118$1965'.
Removing empty process `$paramod$ea9a025bc5ee84a808c2fa4f9964e04fcc1e340a\array.$proc$results/sv2v_output.v:118$1964'.
Removing empty process `$paramod$ea9a025bc5ee84a808c2fa4f9964e04fcc1e340a\array.$proc$results/sv2v_output.v:118$1963'.
Removing empty process `$paramod$ea9a025bc5ee84a808c2fa4f9964e04fcc1e340a\array.$proc$results/sv2v_output.v:118$1962'.
Removing empty process `$paramod$ea9a025bc5ee84a808c2fa4f9964e04fcc1e340a\array.$proc$results/sv2v_output.v:118$1961'.
Removing empty process `$paramod$ea9a025bc5ee84a808c2fa4f9964e04fcc1e340a\array.$proc$results/sv2v_output.v:118$1960'.
Removing empty process `$paramod$ea9a025bc5ee84a808c2fa4f9964e04fcc1e340a\array.$proc$results/sv2v_output.v:118$1959'.
Removing empty process `$paramod$ea9a025bc5ee84a808c2fa4f9964e04fcc1e340a\array.$proc$results/sv2v_output.v:118$1958'.
Removing empty process `$paramod$ea9a025bc5ee84a808c2fa4f9964e04fcc1e340a\array.$proc$results/sv2v_output.v:118$1957'.
Removing empty process `$paramod$ea9a025bc5ee84a808c2fa4f9964e04fcc1e340a\array.$proc$results/sv2v_output.v:118$1956'.
Removing empty process `$paramod$ea9a025bc5ee84a808c2fa4f9964e04fcc1e340a\array.$proc$results/sv2v_output.v:118$1955'.
Removing empty process `$paramod$ea9a025bc5ee84a808c2fa4f9964e04fcc1e340a\array.$proc$results/sv2v_output.v:118$1954'.
Removing empty process `$paramod$ea9a025bc5ee84a808c2fa4f9964e04fcc1e340a\array.$proc$results/sv2v_output.v:118$1953'.
Removing empty process `$paramod$ea9a025bc5ee84a808c2fa4f9964e04fcc1e340a\array.$proc$results/sv2v_output.v:118$1952'.
Removing empty process `$paramod$ea9a025bc5ee84a808c2fa4f9964e04fcc1e340a\array.$proc$results/sv2v_output.v:118$1951'.
Removing empty process `$paramod$ea9a025bc5ee84a808c2fa4f9964e04fcc1e340a\array.$proc$results/sv2v_output.v:118$1950'.
Removing empty process `$paramod$ea9a025bc5ee84a808c2fa4f9964e04fcc1e340a\array.$proc$results/sv2v_output.v:118$1949'.
Removing empty process `$paramod$ea9a025bc5ee84a808c2fa4f9964e04fcc1e340a\array.$proc$results/sv2v_output.v:118$1948'.
Removing empty process `$paramod$ea9a025bc5ee84a808c2fa4f9964e04fcc1e340a\array.$proc$results/sv2v_output.v:118$1947'.
Removing empty process `$paramod$ea9a025bc5ee84a808c2fa4f9964e04fcc1e340a\array.$proc$results/sv2v_output.v:118$1946'.
Removing empty process `$paramod$ea9a025bc5ee84a808c2fa4f9964e04fcc1e340a\array.$proc$results/sv2v_output.v:118$1945'.
Removing empty process `$paramod$ea9a025bc5ee84a808c2fa4f9964e04fcc1e340a\array.$proc$results/sv2v_output.v:118$1944'.
Removing empty process `$paramod$ea9a025bc5ee84a808c2fa4f9964e04fcc1e340a\array.$proc$results/sv2v_output.v:118$1943'.
Removing empty process `$paramod$ea9a025bc5ee84a808c2fa4f9964e04fcc1e340a\array.$proc$results/sv2v_output.v:118$1942'.
Removing empty process `$paramod$ea9a025bc5ee84a808c2fa4f9964e04fcc1e340a\array.$proc$results/sv2v_output.v:118$1941'.
Removing empty process `$paramod$ea9a025bc5ee84a808c2fa4f9964e04fcc1e340a\array.$proc$results/sv2v_output.v:118$1940'.
Removing empty process `$paramod$ea9a025bc5ee84a808c2fa4f9964e04fcc1e340a\array.$proc$results/sv2v_output.v:118$1939'.
Removing empty process `$paramod$ea9a025bc5ee84a808c2fa4f9964e04fcc1e340a\array.$proc$results/sv2v_output.v:118$1938'.
Removing empty process `$paramod$ea9a025bc5ee84a808c2fa4f9964e04fcc1e340a\array.$proc$results/sv2v_output.v:118$1937'.
Removing empty process `$paramod$ea9a025bc5ee84a808c2fa4f9964e04fcc1e340a\array.$proc$results/sv2v_output.v:118$1936'.
Removing empty process `$paramod$ea9a025bc5ee84a808c2fa4f9964e04fcc1e340a\array.$proc$results/sv2v_output.v:118$1935'.
Removing empty process `$paramod$ea9a025bc5ee84a808c2fa4f9964e04fcc1e340a\array.$proc$results/sv2v_output.v:118$1934'.
Removing empty process `$paramod$ea9a025bc5ee84a808c2fa4f9964e04fcc1e340a\array.$proc$results/sv2v_output.v:118$1933'.
Removing empty process `$paramod$ea9a025bc5ee84a808c2fa4f9964e04fcc1e340a\array.$proc$results/sv2v_output.v:118$1932'.
Removing empty process `$paramod$ea9a025bc5ee84a808c2fa4f9964e04fcc1e340a\array.$proc$results/sv2v_output.v:118$1931'.
Removing empty process `$paramod$ea9a025bc5ee84a808c2fa4f9964e04fcc1e340a\array.$proc$results/sv2v_output.v:118$1930'.
Removing empty process `$paramod$ea9a025bc5ee84a808c2fa4f9964e04fcc1e340a\array.$proc$results/sv2v_output.v:118$1929'.
Removing empty process `$paramod$ea9a025bc5ee84a808c2fa4f9964e04fcc1e340a\array.$proc$results/sv2v_output.v:118$1928'.
Removing empty process `$paramod$ea9a025bc5ee84a808c2fa4f9964e04fcc1e340a\array.$proc$results/sv2v_output.v:118$1927'.
Removing empty process `$paramod$ea9a025bc5ee84a808c2fa4f9964e04fcc1e340a\array.$proc$results/sv2v_output.v:118$1926'.
Removing empty process `$paramod$ea9a025bc5ee84a808c2fa4f9964e04fcc1e340a\array.$proc$results/sv2v_output.v:118$1925'.
Removing empty process `$paramod$ea9a025bc5ee84a808c2fa4f9964e04fcc1e340a\array.$proc$results/sv2v_output.v:118$1924'.
Removing empty process `$paramod$ea9a025bc5ee84a808c2fa4f9964e04fcc1e340a\array.$proc$results/sv2v_output.v:118$1923'.
Removing empty process `$paramod$ea9a025bc5ee84a808c2fa4f9964e04fcc1e340a\array.$proc$results/sv2v_output.v:118$1922'.
Removing empty process `$paramod$ea9a025bc5ee84a808c2fa4f9964e04fcc1e340a\array.$proc$results/sv2v_output.v:118$1921'.
Removing empty process `$paramod$ea9a025bc5ee84a808c2fa4f9964e04fcc1e340a\array.$proc$results/sv2v_output.v:118$1920'.
Removing empty process `$paramod$ea9a025bc5ee84a808c2fa4f9964e04fcc1e340a\array.$proc$results/sv2v_output.v:118$1919'.
Removing empty process `$paramod$ea9a025bc5ee84a808c2fa4f9964e04fcc1e340a\array.$proc$results/sv2v_output.v:118$1918'.
Removing empty process `$paramod$ea9a025bc5ee84a808c2fa4f9964e04fcc1e340a\array.$proc$results/sv2v_output.v:118$1917'.
Removing empty process `$paramod$ea9a025bc5ee84a808c2fa4f9964e04fcc1e340a\array.$proc$results/sv2v_output.v:118$1916'.
Removing empty process `$paramod$ea9a025bc5ee84a808c2fa4f9964e04fcc1e340a\array.$proc$results/sv2v_output.v:118$1915'.
Removing empty process `$paramod$ea9a025bc5ee84a808c2fa4f9964e04fcc1e340a\array.$proc$results/sv2v_output.v:118$1914'.
Removing empty process `$paramod$ea9a025bc5ee84a808c2fa4f9964e04fcc1e340a\array.$proc$results/sv2v_output.v:118$1913'.
Removing empty process `$paramod$ea9a025bc5ee84a808c2fa4f9964e04fcc1e340a\array.$proc$results/sv2v_output.v:118$1912'.
Removing empty process `$paramod$ea9a025bc5ee84a808c2fa4f9964e04fcc1e340a\array.$proc$results/sv2v_output.v:118$1911'.
Removing empty process `$paramod$ea9a025bc5ee84a808c2fa4f9964e04fcc1e340a\array.$proc$results/sv2v_output.v:118$1910'.
Removing empty process `$paramod$ea9a025bc5ee84a808c2fa4f9964e04fcc1e340a\array.$proc$results/sv2v_output.v:118$1909'.
Removing empty process `$paramod$ea9a025bc5ee84a808c2fa4f9964e04fcc1e340a\array.$proc$results/sv2v_output.v:118$1908'.
Removing empty process `$paramod$ea9a025bc5ee84a808c2fa4f9964e04fcc1e340a\array.$proc$results/sv2v_output.v:118$1907'.
Removing empty process `$paramod$ea9a025bc5ee84a808c2fa4f9964e04fcc1e340a\array.$proc$results/sv2v_output.v:118$1906'.
Removing empty process `$paramod$ea9a025bc5ee84a808c2fa4f9964e04fcc1e340a\array.$proc$results/sv2v_output.v:118$1905'.
Removing empty process `$paramod$ea9a025bc5ee84a808c2fa4f9964e04fcc1e340a\array.$proc$results/sv2v_output.v:118$1904'.
Removing empty process `$paramod$ea9a025bc5ee84a808c2fa4f9964e04fcc1e340a\array.$proc$results/sv2v_output.v:118$1903'.
Removing empty process `$paramod$ea9a025bc5ee84a808c2fa4f9964e04fcc1e340a\array.$proc$results/sv2v_output.v:118$1902'.
Removing empty process `$paramod$ea9a025bc5ee84a808c2fa4f9964e04fcc1e340a\array.$proc$results/sv2v_output.v:118$1901'.
Removing empty process `$paramod$ea9a025bc5ee84a808c2fa4f9964e04fcc1e340a\array.$proc$results/sv2v_output.v:118$1900'.
Removing empty process `$paramod$ea9a025bc5ee84a808c2fa4f9964e04fcc1e340a\array.$proc$results/sv2v_output.v:118$1899'.
Removing empty process `$paramod$ea9a025bc5ee84a808c2fa4f9964e04fcc1e340a\array.$proc$results/sv2v_output.v:118$1898'.
Removing empty process `$paramod$ea9a025bc5ee84a808c2fa4f9964e04fcc1e340a\array.$proc$results/sv2v_output.v:118$1897'.
Removing empty process `$paramod$ea9a025bc5ee84a808c2fa4f9964e04fcc1e340a\array.$proc$results/sv2v_output.v:118$1896'.
Removing empty process `$paramod$ea9a025bc5ee84a808c2fa4f9964e04fcc1e340a\array.$proc$results/sv2v_output.v:118$1895'.
Removing empty process `$paramod$ea9a025bc5ee84a808c2fa4f9964e04fcc1e340a\array.$proc$results/sv2v_output.v:118$1894'.
Removing empty process `$paramod$ea9a025bc5ee84a808c2fa4f9964e04fcc1e340a\array.$proc$results/sv2v_output.v:118$1893'.
Removing empty process `$paramod$ea9a025bc5ee84a808c2fa4f9964e04fcc1e340a\array.$proc$results/sv2v_output.v:118$1892'.
Removing empty process `$paramod$ea9a025bc5ee84a808c2fa4f9964e04fcc1e340a\array.$proc$results/sv2v_output.v:118$1891'.
Removing empty process `$paramod$ea9a025bc5ee84a808c2fa4f9964e04fcc1e340a\array.$proc$results/sv2v_output.v:118$1890'.
Removing empty process `$paramod$ea9a025bc5ee84a808c2fa4f9964e04fcc1e340a\array.$proc$results/sv2v_output.v:118$1889'.
Removing empty process `$paramod$ea9a025bc5ee84a808c2fa4f9964e04fcc1e340a\array.$proc$results/sv2v_output.v:118$1888'.
Removing empty process `$paramod$ea9a025bc5ee84a808c2fa4f9964e04fcc1e340a\array.$proc$results/sv2v_output.v:118$1887'.
Removing empty process `$paramod$ea9a025bc5ee84a808c2fa4f9964e04fcc1e340a\array.$proc$results/sv2v_output.v:118$1886'.
Removing empty process `$paramod$ea9a025bc5ee84a808c2fa4f9964e04fcc1e340a\array.$proc$results/sv2v_output.v:118$1885'.
Removing empty process `$paramod$ea9a025bc5ee84a808c2fa4f9964e04fcc1e340a\array.$proc$results/sv2v_output.v:118$1884'.
Removing empty process `$paramod$ea9a025bc5ee84a808c2fa4f9964e04fcc1e340a\array.$proc$results/sv2v_output.v:118$1883'.
Removing empty process `$paramod$ea9a025bc5ee84a808c2fa4f9964e04fcc1e340a\array.$proc$results/sv2v_output.v:118$1882'.
Removing empty process `$paramod$ea9a025bc5ee84a808c2fa4f9964e04fcc1e340a\array.$proc$results/sv2v_output.v:118$1881'.
Removing empty process `$paramod$ea9a025bc5ee84a808c2fa4f9964e04fcc1e340a\array.$proc$results/sv2v_output.v:118$1880'.
Removing empty process `$paramod$ea9a025bc5ee84a808c2fa4f9964e04fcc1e340a\array.$proc$results/sv2v_output.v:118$1879'.
Removing empty process `$paramod$ea9a025bc5ee84a808c2fa4f9964e04fcc1e340a\array.$proc$results/sv2v_output.v:118$1878'.
Removing empty process `$paramod$ea9a025bc5ee84a808c2fa4f9964e04fcc1e340a\array.$proc$results/sv2v_output.v:118$1877'.
Removing empty process `$paramod$ea9a025bc5ee84a808c2fa4f9964e04fcc1e340a\array.$proc$results/sv2v_output.v:118$1876'.
Removing empty process `$paramod$ea9a025bc5ee84a808c2fa4f9964e04fcc1e340a\array.$proc$results/sv2v_output.v:118$1875'.
Removing empty process `$paramod$ea9a025bc5ee84a808c2fa4f9964e04fcc1e340a\array.$proc$results/sv2v_output.v:118$1874'.
Removing empty process `$paramod$ea9a025bc5ee84a808c2fa4f9964e04fcc1e340a\array.$proc$results/sv2v_output.v:118$1873'.
Removing empty process `$paramod$ea9a025bc5ee84a808c2fa4f9964e04fcc1e340a\array.$proc$results/sv2v_output.v:118$1872'.
Removing empty process `$paramod$ea9a025bc5ee84a808c2fa4f9964e04fcc1e340a\array.$proc$results/sv2v_output.v:118$1871'.
Removing empty process `$paramod$ea9a025bc5ee84a808c2fa4f9964e04fcc1e340a\array.$proc$results/sv2v_output.v:118$1870'.
Removing empty process `$paramod$ea9a025bc5ee84a808c2fa4f9964e04fcc1e340a\array.$proc$results/sv2v_output.v:118$1869'.
Removing empty process `$paramod$ea9a025bc5ee84a808c2fa4f9964e04fcc1e340a\array.$proc$results/sv2v_output.v:118$1868'.
Removing empty process `$paramod$ea9a025bc5ee84a808c2fa4f9964e04fcc1e340a\array.$proc$results/sv2v_output.v:118$1867'.
Removing empty process `$paramod$ea9a025bc5ee84a808c2fa4f9964e04fcc1e340a\array.$proc$results/sv2v_output.v:118$1866'.
Removing empty process `$paramod$ea9a025bc5ee84a808c2fa4f9964e04fcc1e340a\array.$proc$results/sv2v_output.v:118$1865'.
Removing empty process `$paramod$ea9a025bc5ee84a808c2fa4f9964e04fcc1e340a\array.$proc$results/sv2v_output.v:118$1864'.
Removing empty process `$paramod$ea9a025bc5ee84a808c2fa4f9964e04fcc1e340a\array.$proc$results/sv2v_output.v:118$1863'.
Removing empty process `$paramod$ea9a025bc5ee84a808c2fa4f9964e04fcc1e340a\array.$proc$results/sv2v_output.v:118$1862'.
Removing empty process `$paramod$ea9a025bc5ee84a808c2fa4f9964e04fcc1e340a\array.$proc$results/sv2v_output.v:118$1861'.
Removing empty process `$paramod$ea9a025bc5ee84a808c2fa4f9964e04fcc1e340a\array.$proc$results/sv2v_output.v:118$1860'.
Removing empty process `$paramod$ea9a025bc5ee84a808c2fa4f9964e04fcc1e340a\array.$proc$results/sv2v_output.v:118$1859'.
Removing empty process `$paramod$ea9a025bc5ee84a808c2fa4f9964e04fcc1e340a\array.$proc$results/sv2v_output.v:118$1858'.
Removing empty process `$paramod$ea9a025bc5ee84a808c2fa4f9964e04fcc1e340a\array.$proc$results/sv2v_output.v:118$1857'.
Removing empty process `$paramod$ea9a025bc5ee84a808c2fa4f9964e04fcc1e340a\array.$proc$results/sv2v_output.v:118$1856'.
Removing empty process `$paramod$ea9a025bc5ee84a808c2fa4f9964e04fcc1e340a\array.$proc$results/sv2v_output.v:118$1855'.
Removing empty process `$paramod$ea9a025bc5ee84a808c2fa4f9964e04fcc1e340a\array.$proc$results/sv2v_output.v:118$1854'.
Removing empty process `$paramod$ea9a025bc5ee84a808c2fa4f9964e04fcc1e340a\array.$proc$results/sv2v_output.v:118$1853'.
Removing empty process `$paramod$ea9a025bc5ee84a808c2fa4f9964e04fcc1e340a\array.$proc$results/sv2v_output.v:118$1852'.
Removing empty process `$paramod$ea9a025bc5ee84a808c2fa4f9964e04fcc1e340a\array.$proc$results/sv2v_output.v:118$1851'.
Removing empty process `$paramod$ea9a025bc5ee84a808c2fa4f9964e04fcc1e340a\array.$proc$results/sv2v_output.v:118$1850'.
Removing empty process `$paramod$ea9a025bc5ee84a808c2fa4f9964e04fcc1e340a\array.$proc$results/sv2v_output.v:118$1849'.
Removing empty process `$paramod$ea9a025bc5ee84a808c2fa4f9964e04fcc1e340a\array.$proc$results/sv2v_output.v:118$1848'.
Removing empty process `$paramod$ea9a025bc5ee84a808c2fa4f9964e04fcc1e340a\array.$proc$results/sv2v_output.v:118$1847'.
Removing empty process `$paramod$ea9a025bc5ee84a808c2fa4f9964e04fcc1e340a\array.$proc$results/sv2v_output.v:118$1846'.
Removing empty process `$paramod$ea9a025bc5ee84a808c2fa4f9964e04fcc1e340a\array.$proc$results/sv2v_output.v:118$1845'.
Removing empty process `$paramod$ea9a025bc5ee84a808c2fa4f9964e04fcc1e340a\array.$proc$results/sv2v_output.v:118$1844'.
Removing empty process `$paramod$ea9a025bc5ee84a808c2fa4f9964e04fcc1e340a\array.$proc$results/sv2v_output.v:118$1843'.
Removing empty process `$paramod$ea9a025bc5ee84a808c2fa4f9964e04fcc1e340a\array.$proc$results/sv2v_output.v:118$1842'.
Removing empty process `$paramod$ea9a025bc5ee84a808c2fa4f9964e04fcc1e340a\array.$proc$results/sv2v_output.v:118$1841'.
Removing empty process `$paramod$ea9a025bc5ee84a808c2fa4f9964e04fcc1e340a\array.$proc$results/sv2v_output.v:118$1840'.
Removing empty process `$paramod$ea9a025bc5ee84a808c2fa4f9964e04fcc1e340a\array.$proc$results/sv2v_output.v:118$1839'.
Removing empty process `$paramod$ea9a025bc5ee84a808c2fa4f9964e04fcc1e340a\array.$proc$results/sv2v_output.v:118$1838'.
Removing empty process `$paramod$ea9a025bc5ee84a808c2fa4f9964e04fcc1e340a\array.$proc$results/sv2v_output.v:118$1837'.
Removing empty process `$paramod$ea9a025bc5ee84a808c2fa4f9964e04fcc1e340a\array.$proc$results/sv2v_output.v:118$1836'.
Removing empty process `$paramod$ea9a025bc5ee84a808c2fa4f9964e04fcc1e340a\array.$proc$results/sv2v_output.v:118$1835'.
Removing empty process `$paramod$ea9a025bc5ee84a808c2fa4f9964e04fcc1e340a\array.$proc$results/sv2v_output.v:118$1834'.
Removing empty process `$paramod$ea9a025bc5ee84a808c2fa4f9964e04fcc1e340a\array.$proc$results/sv2v_output.v:118$1833'.
Removing empty process `$paramod$ea9a025bc5ee84a808c2fa4f9964e04fcc1e340a\array.$proc$results/sv2v_output.v:118$1832'.
Removing empty process `$paramod$ea9a025bc5ee84a808c2fa4f9964e04fcc1e340a\array.$proc$results/sv2v_output.v:118$1831'.
Removing empty process `$paramod$ea9a025bc5ee84a808c2fa4f9964e04fcc1e340a\array.$proc$results/sv2v_output.v:118$1830'.
Removing empty process `$paramod$ea9a025bc5ee84a808c2fa4f9964e04fcc1e340a\array.$proc$results/sv2v_output.v:118$1829'.
Removing empty process `$paramod$ea9a025bc5ee84a808c2fa4f9964e04fcc1e340a\array.$proc$results/sv2v_output.v:118$1828'.
Removing empty process `$paramod$ea9a025bc5ee84a808c2fa4f9964e04fcc1e340a\array.$proc$results/sv2v_output.v:118$1827'.
Removing empty process `$paramod$ea9a025bc5ee84a808c2fa4f9964e04fcc1e340a\array.$proc$results/sv2v_output.v:118$1826'.
Removing empty process `$paramod$ea9a025bc5ee84a808c2fa4f9964e04fcc1e340a\array.$proc$results/sv2v_output.v:118$1825'.
Removing empty process `$paramod$ea9a025bc5ee84a808c2fa4f9964e04fcc1e340a\array.$proc$results/sv2v_output.v:118$1824'.
Removing empty process `$paramod$ea9a025bc5ee84a808c2fa4f9964e04fcc1e340a\array.$proc$results/sv2v_output.v:118$1823'.
Removing empty process `$paramod$ea9a025bc5ee84a808c2fa4f9964e04fcc1e340a\array.$proc$results/sv2v_output.v:118$1822'.
Removing empty process `$paramod$ea9a025bc5ee84a808c2fa4f9964e04fcc1e340a\array.$proc$results/sv2v_output.v:118$1821'.
Removing empty process `$paramod$ea9a025bc5ee84a808c2fa4f9964e04fcc1e340a\array.$proc$results/sv2v_output.v:118$1820'.
Removing empty process `$paramod$ea9a025bc5ee84a808c2fa4f9964e04fcc1e340a\array.$proc$results/sv2v_output.v:118$1819'.
Removing empty process `$paramod$ea9a025bc5ee84a808c2fa4f9964e04fcc1e340a\array.$proc$results/sv2v_output.v:118$1818'.
Removing empty process `$paramod$ea9a025bc5ee84a808c2fa4f9964e04fcc1e340a\array.$proc$results/sv2v_output.v:118$1817'.
Removing empty process `$paramod$ea9a025bc5ee84a808c2fa4f9964e04fcc1e340a\array.$proc$results/sv2v_output.v:118$1816'.
Removing empty process `$paramod$ea9a025bc5ee84a808c2fa4f9964e04fcc1e340a\array.$proc$results/sv2v_output.v:118$1815'.
Removing empty process `$paramod$ea9a025bc5ee84a808c2fa4f9964e04fcc1e340a\array.$proc$results/sv2v_output.v:118$1814'.
Removing empty process `$paramod$ea9a025bc5ee84a808c2fa4f9964e04fcc1e340a\array.$proc$results/sv2v_output.v:118$1813'.
Removing empty process `$paramod$ea9a025bc5ee84a808c2fa4f9964e04fcc1e340a\array.$proc$results/sv2v_output.v:118$1812'.
Removing empty process `$paramod$ea9a025bc5ee84a808c2fa4f9964e04fcc1e340a\array.$proc$results/sv2v_output.v:118$1811'.
Removing empty process `$paramod$ea9a025bc5ee84a808c2fa4f9964e04fcc1e340a\array.$proc$results/sv2v_output.v:118$1810'.
Removing empty process `$paramod$ea9a025bc5ee84a808c2fa4f9964e04fcc1e340a\array.$proc$results/sv2v_output.v:118$1809'.
Removing empty process `$paramod$ea9a025bc5ee84a808c2fa4f9964e04fcc1e340a\array.$proc$results/sv2v_output.v:118$1808'.
Removing empty process `$paramod$ea9a025bc5ee84a808c2fa4f9964e04fcc1e340a\array.$proc$results/sv2v_output.v:118$1807'.
Removing empty process `$paramod$ea9a025bc5ee84a808c2fa4f9964e04fcc1e340a\array.$proc$results/sv2v_output.v:118$1806'.
Removing empty process `$paramod$ea9a025bc5ee84a808c2fa4f9964e04fcc1e340a\array.$proc$results/sv2v_output.v:118$1805'.
Removing empty process `$paramod$ea9a025bc5ee84a808c2fa4f9964e04fcc1e340a\array.$proc$results/sv2v_output.v:118$1804'.
Removing empty process `$paramod$ea9a025bc5ee84a808c2fa4f9964e04fcc1e340a\array.$proc$results/sv2v_output.v:118$1803'.
Removing empty process `$paramod$ea9a025bc5ee84a808c2fa4f9964e04fcc1e340a\array.$proc$results/sv2v_output.v:118$1802'.
Removing empty process `$paramod$ea9a025bc5ee84a808c2fa4f9964e04fcc1e340a\array.$proc$results/sv2v_output.v:118$1801'.
Removing empty process `$paramod$ea9a025bc5ee84a808c2fa4f9964e04fcc1e340a\array.$proc$results/sv2v_output.v:118$1800'.
Removing empty process `$paramod$ea9a025bc5ee84a808c2fa4f9964e04fcc1e340a\array.$proc$results/sv2v_output.v:118$1799'.
Removing empty process `$paramod$ea9a025bc5ee84a808c2fa4f9964e04fcc1e340a\array.$proc$results/sv2v_output.v:118$1798'.
Removing empty process `$paramod$ea9a025bc5ee84a808c2fa4f9964e04fcc1e340a\array.$proc$results/sv2v_output.v:118$1797'.
Removing empty process `$paramod$ea9a025bc5ee84a808c2fa4f9964e04fcc1e340a\array.$proc$results/sv2v_output.v:118$1796'.
Removing empty process `$paramod$ea9a025bc5ee84a808c2fa4f9964e04fcc1e340a\array.$proc$results/sv2v_output.v:118$1795'.
Removing empty process `$paramod$ea9a025bc5ee84a808c2fa4f9964e04fcc1e340a\array.$proc$results/sv2v_output.v:118$1794'.
Removing empty process `$paramod$ea9a025bc5ee84a808c2fa4f9964e04fcc1e340a\array.$proc$results/sv2v_output.v:118$1793'.
Removing empty process `$paramod$ea9a025bc5ee84a808c2fa4f9964e04fcc1e340a\array.$proc$results/sv2v_output.v:118$1792'.
Removing empty process `$paramod$ea9a025bc5ee84a808c2fa4f9964e04fcc1e340a\array.$proc$results/sv2v_output.v:118$1791'.
Removing empty process `$paramod$ea9a025bc5ee84a808c2fa4f9964e04fcc1e340a\array.$proc$results/sv2v_output.v:118$1790'.
Removing empty process `$paramod$ea9a025bc5ee84a808c2fa4f9964e04fcc1e340a\array.$proc$results/sv2v_output.v:118$1789'.
Removing empty process `$paramod$ea9a025bc5ee84a808c2fa4f9964e04fcc1e340a\array.$proc$results/sv2v_output.v:118$1788'.
Removing empty process `$paramod$ea9a025bc5ee84a808c2fa4f9964e04fcc1e340a\array.$proc$results/sv2v_output.v:118$1787'.
Removing empty process `$paramod$ea9a025bc5ee84a808c2fa4f9964e04fcc1e340a\array.$proc$results/sv2v_output.v:118$1786'.
Removing empty process `$paramod$ea9a025bc5ee84a808c2fa4f9964e04fcc1e340a\array.$proc$results/sv2v_output.v:118$1785'.
Removing empty process `$paramod$ea9a025bc5ee84a808c2fa4f9964e04fcc1e340a\array.$proc$results/sv2v_output.v:118$1784'.
Removing empty process `$paramod$ea9a025bc5ee84a808c2fa4f9964e04fcc1e340a\array.$proc$results/sv2v_output.v:118$1783'.
Removing empty process `$paramod$ea9a025bc5ee84a808c2fa4f9964e04fcc1e340a\array.$proc$results/sv2v_output.v:118$1782'.
Removing empty process `$paramod$ea9a025bc5ee84a808c2fa4f9964e04fcc1e340a\array.$proc$results/sv2v_output.v:118$1781'.
Removing empty process `$paramod$ea9a025bc5ee84a808c2fa4f9964e04fcc1e340a\array.$proc$results/sv2v_output.v:118$1780'.
Removing empty process `$paramod$ea9a025bc5ee84a808c2fa4f9964e04fcc1e340a\array.$proc$results/sv2v_output.v:118$1779'.
Removing empty process `$paramod$ea9a025bc5ee84a808c2fa4f9964e04fcc1e340a\array.$proc$results/sv2v_output.v:118$1778'.
Removing empty process `$paramod$ea9a025bc5ee84a808c2fa4f9964e04fcc1e340a\array.$proc$results/sv2v_output.v:118$1777'.
Removing empty process `$paramod$ea9a025bc5ee84a808c2fa4f9964e04fcc1e340a\array.$proc$results/sv2v_output.v:118$1776'.
Removing empty process `$paramod$ea9a025bc5ee84a808c2fa4f9964e04fcc1e340a\array.$proc$results/sv2v_output.v:118$1775'.
Removing empty process `$paramod$ea9a025bc5ee84a808c2fa4f9964e04fcc1e340a\array.$proc$results/sv2v_output.v:118$1774'.
Removing empty process `$paramod$ea9a025bc5ee84a808c2fa4f9964e04fcc1e340a\array.$proc$results/sv2v_output.v:118$1773'.
Removing empty process `$paramod$ea9a025bc5ee84a808c2fa4f9964e04fcc1e340a\array.$proc$results/sv2v_output.v:118$1772'.
Removing empty process `$paramod$ea9a025bc5ee84a808c2fa4f9964e04fcc1e340a\array.$proc$results/sv2v_output.v:118$1771'.
Removing empty process `$paramod$ea9a025bc5ee84a808c2fa4f9964e04fcc1e340a\array.$proc$results/sv2v_output.v:118$1770'.
Removing empty process `$paramod$ea9a025bc5ee84a808c2fa4f9964e04fcc1e340a\array.$proc$results/sv2v_output.v:118$1769'.
Removing empty process `$paramod$ea9a025bc5ee84a808c2fa4f9964e04fcc1e340a\array.$proc$results/sv2v_output.v:118$1768'.
Removing empty process `$paramod$ea9a025bc5ee84a808c2fa4f9964e04fcc1e340a\array.$proc$results/sv2v_output.v:118$1767'.
Removing empty process `$paramod$ea9a025bc5ee84a808c2fa4f9964e04fcc1e340a\array.$proc$results/sv2v_output.v:118$1766'.
Removing empty process `$paramod$ea9a025bc5ee84a808c2fa4f9964e04fcc1e340a\array.$proc$results/sv2v_output.v:118$1765'.
Removing empty process `$paramod$ea9a025bc5ee84a808c2fa4f9964e04fcc1e340a\array.$proc$results/sv2v_output.v:118$1764'.
Removing empty process `$paramod$ea9a025bc5ee84a808c2fa4f9964e04fcc1e340a\array.$proc$results/sv2v_output.v:118$1763'.
Removing empty process `$paramod$ea9a025bc5ee84a808c2fa4f9964e04fcc1e340a\array.$proc$results/sv2v_output.v:118$1762'.
Removing empty process `$paramod$ea9a025bc5ee84a808c2fa4f9964e04fcc1e340a\array.$proc$results/sv2v_output.v:118$1761'.
Removing empty process `$paramod$ea9a025bc5ee84a808c2fa4f9964e04fcc1e340a\array.$proc$results/sv2v_output.v:118$1760'.
Removing empty process `$paramod$ea9a025bc5ee84a808c2fa4f9964e04fcc1e340a\array.$proc$results/sv2v_output.v:118$1759'.
Removing empty process `$paramod$ea9a025bc5ee84a808c2fa4f9964e04fcc1e340a\array.$proc$results/sv2v_output.v:118$1758'.
Removing empty process `$paramod$ea9a025bc5ee84a808c2fa4f9964e04fcc1e340a\array.$proc$results/sv2v_output.v:118$1757'.
Removing empty process `$paramod$ea9a025bc5ee84a808c2fa4f9964e04fcc1e340a\array.$proc$results/sv2v_output.v:118$1756'.
Removing empty process `$paramod$ea9a025bc5ee84a808c2fa4f9964e04fcc1e340a\array.$proc$results/sv2v_output.v:118$1755'.
Removing empty process `$paramod$ea9a025bc5ee84a808c2fa4f9964e04fcc1e340a\array.$proc$results/sv2v_output.v:118$1754'.
Removing empty process `$paramod$ea9a025bc5ee84a808c2fa4f9964e04fcc1e340a\array.$proc$results/sv2v_output.v:118$1753'.
Removing empty process `$paramod$ea9a025bc5ee84a808c2fa4f9964e04fcc1e340a\array.$proc$results/sv2v_output.v:118$1752'.
Removing empty process `$paramod$ea9a025bc5ee84a808c2fa4f9964e04fcc1e340a\array.$proc$results/sv2v_output.v:118$1751'.
Removing empty process `$paramod$ea9a025bc5ee84a808c2fa4f9964e04fcc1e340a\array.$proc$results/sv2v_output.v:118$1750'.
Removing empty process `$paramod$ea9a025bc5ee84a808c2fa4f9964e04fcc1e340a\array.$proc$results/sv2v_output.v:118$1749'.
Removing empty process `$paramod$ea9a025bc5ee84a808c2fa4f9964e04fcc1e340a\array.$proc$results/sv2v_output.v:118$1748'.
Removing empty process `$paramod$ea9a025bc5ee84a808c2fa4f9964e04fcc1e340a\array.$proc$results/sv2v_output.v:118$1747'.
Removing empty process `$paramod$ea9a025bc5ee84a808c2fa4f9964e04fcc1e340a\array.$proc$results/sv2v_output.v:118$1746'.
Removing empty process `$paramod$ea9a025bc5ee84a808c2fa4f9964e04fcc1e340a\array.$proc$results/sv2v_output.v:118$1745'.
Removing empty process `$paramod$ea9a025bc5ee84a808c2fa4f9964e04fcc1e340a\array.$proc$results/sv2v_output.v:118$1744'.
Removing empty process `$paramod$ea9a025bc5ee84a808c2fa4f9964e04fcc1e340a\array.$proc$results/sv2v_output.v:118$1743'.
Removing empty process `$paramod$ea9a025bc5ee84a808c2fa4f9964e04fcc1e340a\array.$proc$results/sv2v_output.v:118$1742'.
Removing empty process `$paramod$ea9a025bc5ee84a808c2fa4f9964e04fcc1e340a\array.$proc$results/sv2v_output.v:118$1741'.
Removing empty process `$paramod$ea9a025bc5ee84a808c2fa4f9964e04fcc1e340a\array.$proc$results/sv2v_output.v:118$1740'.
Removing empty process `$paramod$ea9a025bc5ee84a808c2fa4f9964e04fcc1e340a\array.$proc$results/sv2v_output.v:118$1739'.
Removing empty process `$paramod$ea9a025bc5ee84a808c2fa4f9964e04fcc1e340a\array.$proc$results/sv2v_output.v:118$1738'.
Removing empty process `$paramod$ea9a025bc5ee84a808c2fa4f9964e04fcc1e340a\array.$proc$results/sv2v_output.v:118$1737'.
Removing empty process `$paramod$ea9a025bc5ee84a808c2fa4f9964e04fcc1e340a\array.$proc$results/sv2v_output.v:118$1736'.
Removing empty process `$paramod$ea9a025bc5ee84a808c2fa4f9964e04fcc1e340a\array.$proc$results/sv2v_output.v:118$1735'.
Removing empty process `$paramod$ea9a025bc5ee84a808c2fa4f9964e04fcc1e340a\array.$proc$results/sv2v_output.v:118$1734'.
Removing empty process `$paramod$ea9a025bc5ee84a808c2fa4f9964e04fcc1e340a\array.$proc$results/sv2v_output.v:118$1733'.
Removing empty process `$paramod$ea9a025bc5ee84a808c2fa4f9964e04fcc1e340a\array.$proc$results/sv2v_output.v:118$1732'.
Removing empty process `$paramod$ea9a025bc5ee84a808c2fa4f9964e04fcc1e340a\array.$proc$results/sv2v_output.v:118$1731'.
Removing empty process `$paramod$ea9a025bc5ee84a808c2fa4f9964e04fcc1e340a\array.$proc$results/sv2v_output.v:118$1730'.
Removing empty process `$paramod$ea9a025bc5ee84a808c2fa4f9964e04fcc1e340a\array.$proc$results/sv2v_output.v:118$1729'.
Removing empty process `$paramod$ea9a025bc5ee84a808c2fa4f9964e04fcc1e340a\array.$proc$results/sv2v_output.v:118$1728'.
Removing empty process `$paramod$ea9a025bc5ee84a808c2fa4f9964e04fcc1e340a\array.$proc$results/sv2v_output.v:118$1727'.
Removing empty process `$paramod$ea9a025bc5ee84a808c2fa4f9964e04fcc1e340a\array.$proc$results/sv2v_output.v:118$1726'.
Removing empty process `$paramod$ea9a025bc5ee84a808c2fa4f9964e04fcc1e340a\array.$proc$results/sv2v_output.v:118$1725'.
Removing empty process `$paramod$ea9a025bc5ee84a808c2fa4f9964e04fcc1e340a\array.$proc$results/sv2v_output.v:118$1724'.
Removing empty process `$paramod$ea9a025bc5ee84a808c2fa4f9964e04fcc1e340a\array.$proc$results/sv2v_output.v:118$1723'.
Removing empty process `$paramod$ea9a025bc5ee84a808c2fa4f9964e04fcc1e340a\array.$proc$results/sv2v_output.v:118$1722'.
Removing empty process `$paramod$ea9a025bc5ee84a808c2fa4f9964e04fcc1e340a\array.$proc$results/sv2v_output.v:118$1721'.
Removing empty process `$paramod$ea9a025bc5ee84a808c2fa4f9964e04fcc1e340a\array.$proc$results/sv2v_output.v:118$1720'.
Removing empty process `$paramod$ea9a025bc5ee84a808c2fa4f9964e04fcc1e340a\array.$proc$results/sv2v_output.v:118$1719'.
Removing empty process `$paramod$ea9a025bc5ee84a808c2fa4f9964e04fcc1e340a\array.$proc$results/sv2v_output.v:118$1718'.
Removing empty process `$paramod$ea9a025bc5ee84a808c2fa4f9964e04fcc1e340a\array.$proc$results/sv2v_output.v:118$1717'.
Removing empty process `$paramod$ea9a025bc5ee84a808c2fa4f9964e04fcc1e340a\array.$proc$results/sv2v_output.v:118$1716'.
Removing empty process `$paramod$ea9a025bc5ee84a808c2fa4f9964e04fcc1e340a\array.$proc$results/sv2v_output.v:118$1715'.
Removing empty process `$paramod$ea9a025bc5ee84a808c2fa4f9964e04fcc1e340a\array.$proc$results/sv2v_output.v:118$1714'.
Removing empty process `$paramod$ea9a025bc5ee84a808c2fa4f9964e04fcc1e340a\array.$proc$results/sv2v_output.v:118$1713'.
Removing empty process `$paramod$ea9a025bc5ee84a808c2fa4f9964e04fcc1e340a\array.$proc$results/sv2v_output.v:118$1712'.
Removing empty process `$paramod$ea9a025bc5ee84a808c2fa4f9964e04fcc1e340a\array.$proc$results/sv2v_output.v:118$1711'.
Removing empty process `$paramod$ea9a025bc5ee84a808c2fa4f9964e04fcc1e340a\array.$proc$results/sv2v_output.v:118$1710'.
Removing empty process `$paramod$ea9a025bc5ee84a808c2fa4f9964e04fcc1e340a\array.$proc$results/sv2v_output.v:118$1709'.
Removing empty process `$paramod$ea9a025bc5ee84a808c2fa4f9964e04fcc1e340a\array.$proc$results/sv2v_output.v:118$1708'.
Removing empty process `$paramod$ea9a025bc5ee84a808c2fa4f9964e04fcc1e340a\array.$proc$results/sv2v_output.v:118$1707'.
Removing empty process `$paramod$ea9a025bc5ee84a808c2fa4f9964e04fcc1e340a\array.$proc$results/sv2v_output.v:118$1706'.
Removing empty process `$paramod$ea9a025bc5ee84a808c2fa4f9964e04fcc1e340a\array.$proc$results/sv2v_output.v:118$1705'.
Removing empty process `$paramod$ea9a025bc5ee84a808c2fa4f9964e04fcc1e340a\array.$proc$results/sv2v_output.v:118$1704'.
Removing empty process `$paramod$ea9a025bc5ee84a808c2fa4f9964e04fcc1e340a\array.$proc$results/sv2v_output.v:118$1703'.
Removing empty process `$paramod$ea9a025bc5ee84a808c2fa4f9964e04fcc1e340a\array.$proc$results/sv2v_output.v:118$1702'.
Removing empty process `$paramod$ea9a025bc5ee84a808c2fa4f9964e04fcc1e340a\array.$proc$results/sv2v_output.v:118$1701'.
Removing empty process `$paramod$ea9a025bc5ee84a808c2fa4f9964e04fcc1e340a\array.$proc$results/sv2v_output.v:118$1700'.
Removing empty process `$paramod$ea9a025bc5ee84a808c2fa4f9964e04fcc1e340a\array.$proc$results/sv2v_output.v:118$1699'.
Removing empty process `$paramod$ea9a025bc5ee84a808c2fa4f9964e04fcc1e340a\array.$proc$results/sv2v_output.v:118$1698'.
Removing empty process `$paramod$ea9a025bc5ee84a808c2fa4f9964e04fcc1e340a\array.$proc$results/sv2v_output.v:118$1697'.
Removing empty process `$paramod$ea9a025bc5ee84a808c2fa4f9964e04fcc1e340a\array.$proc$results/sv2v_output.v:118$1696'.
Removing empty process `$paramod$ea9a025bc5ee84a808c2fa4f9964e04fcc1e340a\array.$proc$results/sv2v_output.v:118$1695'.
Removing empty process `$paramod$ea9a025bc5ee84a808c2fa4f9964e04fcc1e340a\array.$proc$results/sv2v_output.v:118$1694'.
Removing empty process `$paramod$ea9a025bc5ee84a808c2fa4f9964e04fcc1e340a\array.$proc$results/sv2v_output.v:118$1693'.
Removing empty process `$paramod$ea9a025bc5ee84a808c2fa4f9964e04fcc1e340a\array.$proc$results/sv2v_output.v:118$1692'.
Removing empty process `$paramod$ea9a025bc5ee84a808c2fa4f9964e04fcc1e340a\array.$proc$results/sv2v_output.v:118$1691'.
Removing empty process `$paramod$ea9a025bc5ee84a808c2fa4f9964e04fcc1e340a\array.$proc$results/sv2v_output.v:118$1690'.
Removing empty process `$paramod$ea9a025bc5ee84a808c2fa4f9964e04fcc1e340a\array.$proc$results/sv2v_output.v:118$1689'.
Removing empty process `$paramod$ea9a025bc5ee84a808c2fa4f9964e04fcc1e340a\array.$proc$results/sv2v_output.v:118$1688'.
Removing empty process `$paramod$ea9a025bc5ee84a808c2fa4f9964e04fcc1e340a\array.$proc$results/sv2v_output.v:118$1687'.
Removing empty process `$paramod$ea9a025bc5ee84a808c2fa4f9964e04fcc1e340a\array.$proc$results/sv2v_output.v:118$1686'.
Removing empty process `$paramod$ea9a025bc5ee84a808c2fa4f9964e04fcc1e340a\array.$proc$results/sv2v_output.v:118$1685'.
Removing empty process `$paramod$ea9a025bc5ee84a808c2fa4f9964e04fcc1e340a\array.$proc$results/sv2v_output.v:118$1684'.
Removing empty process `$paramod$ea9a025bc5ee84a808c2fa4f9964e04fcc1e340a\array.$proc$results/sv2v_output.v:118$1683'.
Removing empty process `$paramod$ea9a025bc5ee84a808c2fa4f9964e04fcc1e340a\array.$proc$results/sv2v_output.v:118$1682'.
Removing empty process `$paramod$ea9a025bc5ee84a808c2fa4f9964e04fcc1e340a\array.$proc$results/sv2v_output.v:118$1681'.
Removing empty process `$paramod$ea9a025bc5ee84a808c2fa4f9964e04fcc1e340a\array.$proc$results/sv2v_output.v:118$1680'.
Removing empty process `$paramod$ea9a025bc5ee84a808c2fa4f9964e04fcc1e340a\array.$proc$results/sv2v_output.v:118$1679'.
Removing empty process `$paramod$ea9a025bc5ee84a808c2fa4f9964e04fcc1e340a\array.$proc$results/sv2v_output.v:118$1678'.
Removing empty process `$paramod$ea9a025bc5ee84a808c2fa4f9964e04fcc1e340a\array.$proc$results/sv2v_output.v:118$1677'.
Removing empty process `$paramod$ea9a025bc5ee84a808c2fa4f9964e04fcc1e340a\array.$proc$results/sv2v_output.v:118$1676'.
Removing empty process `$paramod$ea9a025bc5ee84a808c2fa4f9964e04fcc1e340a\array.$proc$results/sv2v_output.v:118$1675'.
Removing empty process `$paramod$ea9a025bc5ee84a808c2fa4f9964e04fcc1e340a\array.$proc$results/sv2v_output.v:118$1674'.
Removing empty process `$paramod$ea9a025bc5ee84a808c2fa4f9964e04fcc1e340a\array.$proc$results/sv2v_output.v:118$1673'.
Removing empty process `$paramod$ea9a025bc5ee84a808c2fa4f9964e04fcc1e340a\array.$proc$results/sv2v_output.v:118$1672'.
Removing empty process `$paramod$ea9a025bc5ee84a808c2fa4f9964e04fcc1e340a\array.$proc$results/sv2v_output.v:118$1671'.
Removing empty process `$paramod$ea9a025bc5ee84a808c2fa4f9964e04fcc1e340a\array.$proc$results/sv2v_output.v:118$1670'.
Removing empty process `$paramod$ea9a025bc5ee84a808c2fa4f9964e04fcc1e340a\array.$proc$results/sv2v_output.v:118$1669'.
Removing empty process `$paramod$ea9a025bc5ee84a808c2fa4f9964e04fcc1e340a\array.$proc$results/sv2v_output.v:118$1668'.
Removing empty process `$paramod$ea9a025bc5ee84a808c2fa4f9964e04fcc1e340a\array.$proc$results/sv2v_output.v:118$1667'.
Removing empty process `$paramod$ea9a025bc5ee84a808c2fa4f9964e04fcc1e340a\array.$proc$results/sv2v_output.v:118$1666'.
Removing empty process `$paramod$ea9a025bc5ee84a808c2fa4f9964e04fcc1e340a\array.$proc$results/sv2v_output.v:118$1665'.
Removing empty process `$paramod$ea9a025bc5ee84a808c2fa4f9964e04fcc1e340a\array.$proc$results/sv2v_output.v:118$1664'.
Removing empty process `$paramod$ea9a025bc5ee84a808c2fa4f9964e04fcc1e340a\array.$proc$results/sv2v_output.v:118$1663'.
Removing empty process `$paramod$ea9a025bc5ee84a808c2fa4f9964e04fcc1e340a\array.$proc$results/sv2v_output.v:118$1662'.
Removing empty process `$paramod$ea9a025bc5ee84a808c2fa4f9964e04fcc1e340a\array.$proc$results/sv2v_output.v:118$1661'.
Removing empty process `$paramod$ea9a025bc5ee84a808c2fa4f9964e04fcc1e340a\array.$proc$results/sv2v_output.v:118$1660'.
Removing empty process `$paramod$ea9a025bc5ee84a808c2fa4f9964e04fcc1e340a\array.$proc$results/sv2v_output.v:118$1659'.
Removing empty process `$paramod$ea9a025bc5ee84a808c2fa4f9964e04fcc1e340a\array.$proc$results/sv2v_output.v:118$1658'.
Removing empty process `$paramod$ea9a025bc5ee84a808c2fa4f9964e04fcc1e340a\array.$proc$results/sv2v_output.v:118$1657'.
Removing empty process `$paramod$ea9a025bc5ee84a808c2fa4f9964e04fcc1e340a\array.$proc$results/sv2v_output.v:118$1656'.
Removing empty process `$paramod$ea9a025bc5ee84a808c2fa4f9964e04fcc1e340a\array.$proc$results/sv2v_output.v:118$1655'.
Removing empty process `$paramod$ea9a025bc5ee84a808c2fa4f9964e04fcc1e340a\array.$proc$results/sv2v_output.v:118$1654'.
Removing empty process `$paramod$ea9a025bc5ee84a808c2fa4f9964e04fcc1e340a\array.$proc$results/sv2v_output.v:118$1653'.
Removing empty process `$paramod$ea9a025bc5ee84a808c2fa4f9964e04fcc1e340a\array.$proc$results/sv2v_output.v:118$1652'.
Removing empty process `$paramod$ea9a025bc5ee84a808c2fa4f9964e04fcc1e340a\array.$proc$results/sv2v_output.v:118$1651'.
Removing empty process `$paramod$ea9a025bc5ee84a808c2fa4f9964e04fcc1e340a\array.$proc$results/sv2v_output.v:118$1650'.
Removing empty process `$paramod$ea9a025bc5ee84a808c2fa4f9964e04fcc1e340a\array.$proc$results/sv2v_output.v:118$1649'.
Removing empty process `$paramod$ea9a025bc5ee84a808c2fa4f9964e04fcc1e340a\array.$proc$results/sv2v_output.v:118$1648'.
Removing empty process `$paramod$ea9a025bc5ee84a808c2fa4f9964e04fcc1e340a\array.$proc$results/sv2v_output.v:118$1647'.
Removing empty process `$paramod$ea9a025bc5ee84a808c2fa4f9964e04fcc1e340a\array.$proc$results/sv2v_output.v:118$1646'.
Removing empty process `$paramod$ea9a025bc5ee84a808c2fa4f9964e04fcc1e340a\array.$proc$results/sv2v_output.v:118$1645'.
Removing empty process `$paramod$ea9a025bc5ee84a808c2fa4f9964e04fcc1e340a\array.$proc$results/sv2v_output.v:118$1644'.
Removing empty process `$paramod$ea9a025bc5ee84a808c2fa4f9964e04fcc1e340a\array.$proc$results/sv2v_output.v:118$1643'.
Removing empty process `$paramod$ea9a025bc5ee84a808c2fa4f9964e04fcc1e340a\array.$proc$results/sv2v_output.v:118$1642'.
Removing empty process `$paramod$ea9a025bc5ee84a808c2fa4f9964e04fcc1e340a\array.$proc$results/sv2v_output.v:118$1641'.
Removing empty process `$paramod$ea9a025bc5ee84a808c2fa4f9964e04fcc1e340a\array.$proc$results/sv2v_output.v:118$1640'.
Removing empty process `$paramod$ea9a025bc5ee84a808c2fa4f9964e04fcc1e340a\array.$proc$results/sv2v_output.v:118$1639'.
Removing empty process `$paramod$ea9a025bc5ee84a808c2fa4f9964e04fcc1e340a\array.$proc$results/sv2v_output.v:118$1638'.
Removing empty process `$paramod$ea9a025bc5ee84a808c2fa4f9964e04fcc1e340a\array.$proc$results/sv2v_output.v:118$1637'.
Removing empty process `$paramod$ea9a025bc5ee84a808c2fa4f9964e04fcc1e340a\array.$proc$results/sv2v_output.v:118$1636'.
Removing empty process `$paramod$ea9a025bc5ee84a808c2fa4f9964e04fcc1e340a\array.$proc$results/sv2v_output.v:118$1635'.
Removing empty process `$paramod$ea9a025bc5ee84a808c2fa4f9964e04fcc1e340a\array.$proc$results/sv2v_output.v:118$1634'.
Removing empty process `$paramod$ea9a025bc5ee84a808c2fa4f9964e04fcc1e340a\array.$proc$results/sv2v_output.v:118$1633'.
Removing empty process `$paramod$ea9a025bc5ee84a808c2fa4f9964e04fcc1e340a\array.$proc$results/sv2v_output.v:118$1632'.
Removing empty process `$paramod$ea9a025bc5ee84a808c2fa4f9964e04fcc1e340a\array.$proc$results/sv2v_output.v:118$1631'.
Removing empty process `$paramod$ea9a025bc5ee84a808c2fa4f9964e04fcc1e340a\array.$proc$results/sv2v_output.v:118$1630'.
Removing empty process `$paramod$ea9a025bc5ee84a808c2fa4f9964e04fcc1e340a\array.$proc$results/sv2v_output.v:118$1629'.
Removing empty process `$paramod$ea9a025bc5ee84a808c2fa4f9964e04fcc1e340a\array.$proc$results/sv2v_output.v:118$1628'.
Removing empty process `$paramod$ea9a025bc5ee84a808c2fa4f9964e04fcc1e340a\array.$proc$results/sv2v_output.v:118$1627'.
Removing empty process `$paramod$ea9a025bc5ee84a808c2fa4f9964e04fcc1e340a\array.$proc$results/sv2v_output.v:118$1626'.
Removing empty process `$paramod$ea9a025bc5ee84a808c2fa4f9964e04fcc1e340a\array.$proc$results/sv2v_output.v:118$1625'.
Removing empty process `$paramod$ea9a025bc5ee84a808c2fa4f9964e04fcc1e340a\array.$proc$results/sv2v_output.v:118$1624'.
Removing empty process `$paramod$ea9a025bc5ee84a808c2fa4f9964e04fcc1e340a\array.$proc$results/sv2v_output.v:118$1623'.
Removing empty process `$paramod$ea9a025bc5ee84a808c2fa4f9964e04fcc1e340a\array.$proc$results/sv2v_output.v:118$1622'.
Removing empty process `$paramod$ea9a025bc5ee84a808c2fa4f9964e04fcc1e340a\array.$proc$results/sv2v_output.v:118$1621'.
Removing empty process `$paramod$ea9a025bc5ee84a808c2fa4f9964e04fcc1e340a\array.$proc$results/sv2v_output.v:118$1620'.
Removing empty process `$paramod$ea9a025bc5ee84a808c2fa4f9964e04fcc1e340a\array.$proc$results/sv2v_output.v:118$1619'.
Removing empty process `$paramod$ea9a025bc5ee84a808c2fa4f9964e04fcc1e340a\array.$proc$results/sv2v_output.v:118$1618'.
Removing empty process `$paramod$ea9a025bc5ee84a808c2fa4f9964e04fcc1e340a\array.$proc$results/sv2v_output.v:118$1617'.
Removing empty process `$paramod$ea9a025bc5ee84a808c2fa4f9964e04fcc1e340a\array.$proc$results/sv2v_output.v:118$1616'.
Removing empty process `$paramod$ea9a025bc5ee84a808c2fa4f9964e04fcc1e340a\array.$proc$results/sv2v_output.v:118$1615'.
Removing empty process `$paramod$ea9a025bc5ee84a808c2fa4f9964e04fcc1e340a\array.$proc$results/sv2v_output.v:118$1614'.
Removing empty process `$paramod$ea9a025bc5ee84a808c2fa4f9964e04fcc1e340a\array.$proc$results/sv2v_output.v:118$1613'.
Removing empty process `$paramod$ea9a025bc5ee84a808c2fa4f9964e04fcc1e340a\array.$proc$results/sv2v_output.v:118$1612'.
Removing empty process `$paramod$ea9a025bc5ee84a808c2fa4f9964e04fcc1e340a\array.$proc$results/sv2v_output.v:118$1611'.
Removing empty process `$paramod$ea9a025bc5ee84a808c2fa4f9964e04fcc1e340a\array.$proc$results/sv2v_output.v:118$1610'.
Removing empty process `$paramod$ea9a025bc5ee84a808c2fa4f9964e04fcc1e340a\array.$proc$results/sv2v_output.v:118$1609'.
Removing empty process `$paramod$ea9a025bc5ee84a808c2fa4f9964e04fcc1e340a\array.$proc$results/sv2v_output.v:118$1608'.
Removing empty process `$paramod$ea9a025bc5ee84a808c2fa4f9964e04fcc1e340a\array.$proc$results/sv2v_output.v:118$1607'.
Removing empty process `$paramod$ea9a025bc5ee84a808c2fa4f9964e04fcc1e340a\array.$proc$results/sv2v_output.v:118$1606'.
Removing empty process `$paramod$ea9a025bc5ee84a808c2fa4f9964e04fcc1e340a\array.$proc$results/sv2v_output.v:118$1605'.
Removing empty process `$paramod$ea9a025bc5ee84a808c2fa4f9964e04fcc1e340a\array.$proc$results/sv2v_output.v:118$1604'.
Removing empty process `$paramod$ea9a025bc5ee84a808c2fa4f9964e04fcc1e340a\array.$proc$results/sv2v_output.v:118$1603'.
Removing empty process `$paramod$ea9a025bc5ee84a808c2fa4f9964e04fcc1e340a\array.$proc$results/sv2v_output.v:118$1602'.
Removing empty process `$paramod$ea9a025bc5ee84a808c2fa4f9964e04fcc1e340a\array.$proc$results/sv2v_output.v:118$1601'.
Removing empty process `$paramod$ea9a025bc5ee84a808c2fa4f9964e04fcc1e340a\array.$proc$results/sv2v_output.v:118$1600'.
Removing empty process `$paramod$ea9a025bc5ee84a808c2fa4f9964e04fcc1e340a\array.$proc$results/sv2v_output.v:118$1599'.
Removing empty process `$paramod$ea9a025bc5ee84a808c2fa4f9964e04fcc1e340a\array.$proc$results/sv2v_output.v:118$1598'.
Removing empty process `$paramod$ea9a025bc5ee84a808c2fa4f9964e04fcc1e340a\array.$proc$results/sv2v_output.v:118$1597'.
Removing empty process `$paramod$ea9a025bc5ee84a808c2fa4f9964e04fcc1e340a\array.$proc$results/sv2v_output.v:118$1596'.
Removing empty process `$paramod$ea9a025bc5ee84a808c2fa4f9964e04fcc1e340a\array.$proc$results/sv2v_output.v:118$1595'.
Removing empty process `$paramod$ea9a025bc5ee84a808c2fa4f9964e04fcc1e340a\array.$proc$results/sv2v_output.v:118$1594'.
Removing empty process `$paramod$ea9a025bc5ee84a808c2fa4f9964e04fcc1e340a\array.$proc$results/sv2v_output.v:118$1593'.
Removing empty process `$paramod$ea9a025bc5ee84a808c2fa4f9964e04fcc1e340a\array.$proc$results/sv2v_output.v:118$1592'.
Removing empty process `$paramod$ea9a025bc5ee84a808c2fa4f9964e04fcc1e340a\array.$proc$results/sv2v_output.v:118$1591'.
Removing empty process `$paramod$ea9a025bc5ee84a808c2fa4f9964e04fcc1e340a\array.$proc$results/sv2v_output.v:118$1590'.
Removing empty process `$paramod$ea9a025bc5ee84a808c2fa4f9964e04fcc1e340a\array.$proc$results/sv2v_output.v:118$1589'.
Removing empty process `$paramod$ea9a025bc5ee84a808c2fa4f9964e04fcc1e340a\array.$proc$results/sv2v_output.v:118$1588'.
Removing empty process `$paramod$ea9a025bc5ee84a808c2fa4f9964e04fcc1e340a\array.$proc$results/sv2v_output.v:118$1587'.
Removing empty process `$paramod$ea9a025bc5ee84a808c2fa4f9964e04fcc1e340a\array.$proc$results/sv2v_output.v:118$1586'.
Removing empty process `$paramod$ea9a025bc5ee84a808c2fa4f9964e04fcc1e340a\array.$proc$results/sv2v_output.v:118$1585'.
Removing empty process `$paramod$ea9a025bc5ee84a808c2fa4f9964e04fcc1e340a\array.$proc$results/sv2v_output.v:118$1584'.
Removing empty process `$paramod$ea9a025bc5ee84a808c2fa4f9964e04fcc1e340a\array.$proc$results/sv2v_output.v:118$1583'.
Removing empty process `$paramod$ea9a025bc5ee84a808c2fa4f9964e04fcc1e340a\array.$proc$results/sv2v_output.v:118$1582'.
Removing empty process `$paramod$ea9a025bc5ee84a808c2fa4f9964e04fcc1e340a\array.$proc$results/sv2v_output.v:118$1581'.
Removing empty process `$paramod$ea9a025bc5ee84a808c2fa4f9964e04fcc1e340a\array.$proc$results/sv2v_output.v:118$1580'.
Removing empty process `$paramod$ea9a025bc5ee84a808c2fa4f9964e04fcc1e340a\array.$proc$results/sv2v_output.v:118$1579'.
Removing empty process `$paramod$ea9a025bc5ee84a808c2fa4f9964e04fcc1e340a\array.$proc$results/sv2v_output.v:118$1578'.
Removing empty process `$paramod$ea9a025bc5ee84a808c2fa4f9964e04fcc1e340a\array.$proc$results/sv2v_output.v:118$1577'.
Removing empty process `$paramod$ea9a025bc5ee84a808c2fa4f9964e04fcc1e340a\array.$proc$results/sv2v_output.v:118$1576'.
Removing empty process `$paramod$ea9a025bc5ee84a808c2fa4f9964e04fcc1e340a\array.$proc$results/sv2v_output.v:118$1575'.
Removing empty process `$paramod$ea9a025bc5ee84a808c2fa4f9964e04fcc1e340a\array.$proc$results/sv2v_output.v:118$1574'.
Removing empty process `$paramod$ea9a025bc5ee84a808c2fa4f9964e04fcc1e340a\array.$proc$results/sv2v_output.v:118$1573'.
Removing empty process `$paramod$ea9a025bc5ee84a808c2fa4f9964e04fcc1e340a\array.$proc$results/sv2v_output.v:118$1572'.
Removing empty process `$paramod$ea9a025bc5ee84a808c2fa4f9964e04fcc1e340a\array.$proc$results/sv2v_output.v:118$1571'.
Removing empty process `$paramod$ea9a025bc5ee84a808c2fa4f9964e04fcc1e340a\array.$proc$results/sv2v_output.v:118$1570'.
Removing empty process `$paramod$ea9a025bc5ee84a808c2fa4f9964e04fcc1e340a\array.$proc$results/sv2v_output.v:118$1569'.
Removing empty process `$paramod$ea9a025bc5ee84a808c2fa4f9964e04fcc1e340a\array.$proc$results/sv2v_output.v:118$1568'.
Removing empty process `$paramod$ea9a025bc5ee84a808c2fa4f9964e04fcc1e340a\array.$proc$results/sv2v_output.v:118$1567'.
Removing empty process `$paramod$ea9a025bc5ee84a808c2fa4f9964e04fcc1e340a\array.$proc$results/sv2v_output.v:118$1566'.
Removing empty process `$paramod$ea9a025bc5ee84a808c2fa4f9964e04fcc1e340a\array.$proc$results/sv2v_output.v:118$1565'.
Removing empty process `$paramod$ea9a025bc5ee84a808c2fa4f9964e04fcc1e340a\array.$proc$results/sv2v_output.v:118$1564'.
Removing empty process `$paramod$ea9a025bc5ee84a808c2fa4f9964e04fcc1e340a\array.$proc$results/sv2v_output.v:118$1563'.
Removing empty process `$paramod$ea9a025bc5ee84a808c2fa4f9964e04fcc1e340a\array.$proc$results/sv2v_output.v:118$1562'.
Removing empty process `$paramod$ea9a025bc5ee84a808c2fa4f9964e04fcc1e340a\array.$proc$results/sv2v_output.v:118$1561'.
Removing empty process `$paramod$ea9a025bc5ee84a808c2fa4f9964e04fcc1e340a\array.$proc$results/sv2v_output.v:118$1560'.
Removing empty process `$paramod$ea9a025bc5ee84a808c2fa4f9964e04fcc1e340a\array.$proc$results/sv2v_output.v:118$1559'.
Removing empty process `$paramod$ea9a025bc5ee84a808c2fa4f9964e04fcc1e340a\array.$proc$results/sv2v_output.v:118$1558'.
Removing empty process `$paramod$ea9a025bc5ee84a808c2fa4f9964e04fcc1e340a\array.$proc$results/sv2v_output.v:118$1557'.
Removing empty process `$paramod$ea9a025bc5ee84a808c2fa4f9964e04fcc1e340a\array.$proc$results/sv2v_output.v:118$1556'.
Removing empty process `$paramod$ea9a025bc5ee84a808c2fa4f9964e04fcc1e340a\array.$proc$results/sv2v_output.v:118$1555'.
Removing empty process `$paramod$ea9a025bc5ee84a808c2fa4f9964e04fcc1e340a\array.$proc$results/sv2v_output.v:118$1554'.
Removing empty process `$paramod$ea9a025bc5ee84a808c2fa4f9964e04fcc1e340a\array.$proc$results/sv2v_output.v:118$1553'.
Removing empty process `$paramod$ea9a025bc5ee84a808c2fa4f9964e04fcc1e340a\array.$proc$results/sv2v_output.v:118$1552'.
Removing empty process `$paramod$ea9a025bc5ee84a808c2fa4f9964e04fcc1e340a\array.$proc$results/sv2v_output.v:118$1551'.
Removing empty process `$paramod$ea9a025bc5ee84a808c2fa4f9964e04fcc1e340a\array.$proc$results/sv2v_output.v:118$1550'.
Removing empty process `$paramod$ea9a025bc5ee84a808c2fa4f9964e04fcc1e340a\array.$proc$results/sv2v_output.v:118$1549'.
Removing empty process `$paramod$ea9a025bc5ee84a808c2fa4f9964e04fcc1e340a\array.$proc$results/sv2v_output.v:118$1548'.
Removing empty process `$paramod$ea9a025bc5ee84a808c2fa4f9964e04fcc1e340a\array.$proc$results/sv2v_output.v:104$1547'.
Removing empty process `$paramod$ea9a025bc5ee84a808c2fa4f9964e04fcc1e340a\array.$proc$results/sv2v_output.v:104$1546'.
Removing empty process `$paramod$ea9a025bc5ee84a808c2fa4f9964e04fcc1e340a\array.$proc$results/sv2v_output.v:104$1545'.
Removing empty process `$paramod$ea9a025bc5ee84a808c2fa4f9964e04fcc1e340a\array.$proc$results/sv2v_output.v:104$1544'.
Removing empty process `$paramod$ea9a025bc5ee84a808c2fa4f9964e04fcc1e340a\array.$proc$results/sv2v_output.v:104$1543'.
Removing empty process `$paramod$ea9a025bc5ee84a808c2fa4f9964e04fcc1e340a\array.$proc$results/sv2v_output.v:104$1542'.
Removing empty process `$paramod$ea9a025bc5ee84a808c2fa4f9964e04fcc1e340a\array.$proc$results/sv2v_output.v:104$1541'.
Removing empty process `$paramod$ea9a025bc5ee84a808c2fa4f9964e04fcc1e340a\array.$proc$results/sv2v_output.v:104$1540'.
Removing empty process `$paramod$ea9a025bc5ee84a808c2fa4f9964e04fcc1e340a\array.$proc$results/sv2v_output.v:104$1539'.
Removing empty process `$paramod$ea9a025bc5ee84a808c2fa4f9964e04fcc1e340a\array.$proc$results/sv2v_output.v:104$1538'.
Removing empty process `$paramod$ea9a025bc5ee84a808c2fa4f9964e04fcc1e340a\array.$proc$results/sv2v_output.v:104$1537'.
Removing empty process `$paramod$ea9a025bc5ee84a808c2fa4f9964e04fcc1e340a\array.$proc$results/sv2v_output.v:104$1536'.
Removing empty process `$paramod$ea9a025bc5ee84a808c2fa4f9964e04fcc1e340a\array.$proc$results/sv2v_output.v:104$1535'.
Removing empty process `$paramod$ea9a025bc5ee84a808c2fa4f9964e04fcc1e340a\array.$proc$results/sv2v_output.v:104$1534'.
Removing empty process `$paramod$ea9a025bc5ee84a808c2fa4f9964e04fcc1e340a\array.$proc$results/sv2v_output.v:104$1533'.
Removing empty process `$paramod$ea9a025bc5ee84a808c2fa4f9964e04fcc1e340a\array.$proc$results/sv2v_output.v:104$1532'.
Removing empty process `$paramod$ea9a025bc5ee84a808c2fa4f9964e04fcc1e340a\array.$proc$results/sv2v_output.v:104$1531'.
Removing empty process `$paramod$ea9a025bc5ee84a808c2fa4f9964e04fcc1e340a\array.$proc$results/sv2v_output.v:104$1530'.
Removing empty process `$paramod$ea9a025bc5ee84a808c2fa4f9964e04fcc1e340a\array.$proc$results/sv2v_output.v:104$1529'.
Removing empty process `$paramod$ea9a025bc5ee84a808c2fa4f9964e04fcc1e340a\array.$proc$results/sv2v_output.v:104$1528'.
Removing empty process `$paramod$ea9a025bc5ee84a808c2fa4f9964e04fcc1e340a\array.$proc$results/sv2v_output.v:104$1527'.
Removing empty process `$paramod$ea9a025bc5ee84a808c2fa4f9964e04fcc1e340a\array.$proc$results/sv2v_output.v:104$1526'.
Removing empty process `$paramod$ea9a025bc5ee84a808c2fa4f9964e04fcc1e340a\array.$proc$results/sv2v_output.v:104$1525'.
Removing empty process `$paramod$ea9a025bc5ee84a808c2fa4f9964e04fcc1e340a\array.$proc$results/sv2v_output.v:104$1524'.
Removing empty process `$paramod$ea9a025bc5ee84a808c2fa4f9964e04fcc1e340a\array.$proc$results/sv2v_output.v:104$1523'.
Removing empty process `$paramod$ea9a025bc5ee84a808c2fa4f9964e04fcc1e340a\array.$proc$results/sv2v_output.v:104$1522'.
Removing empty process `$paramod$ea9a025bc5ee84a808c2fa4f9964e04fcc1e340a\array.$proc$results/sv2v_output.v:104$1521'.
Removing empty process `$paramod$ea9a025bc5ee84a808c2fa4f9964e04fcc1e340a\array.$proc$results/sv2v_output.v:104$1520'.
Removing empty process `$paramod$ea9a025bc5ee84a808c2fa4f9964e04fcc1e340a\array.$proc$results/sv2v_output.v:104$1519'.
Removing empty process `$paramod$ea9a025bc5ee84a808c2fa4f9964e04fcc1e340a\array.$proc$results/sv2v_output.v:104$1518'.
Removing empty process `$paramod$ea9a025bc5ee84a808c2fa4f9964e04fcc1e340a\array.$proc$results/sv2v_output.v:104$1517'.
Removing empty process `$paramod$ea9a025bc5ee84a808c2fa4f9964e04fcc1e340a\array.$proc$results/sv2v_output.v:104$1516'.
Cleaned up 1 empty switch.

3.2.12. Executing OPT_EXPR pass (perform const folding).
Optimizing module $paramod$c90708c2091c5deb0a68d048d1310494f86784d2\pe.
<suppressed ~6 debug messages>
Optimizing module $paramod$bdf4e2444f8bc80364662ca048a044a95767dd4e\pe_col.
Optimizing module $paramod$ea9a025bc5ee84a808c2fa4f9964e04fcc1e340a\array.

3.3. Executing OPT_EXPR pass (perform const folding).
Optimizing module $paramod$c90708c2091c5deb0a68d048d1310494f86784d2\pe.
Optimizing module $paramod$bdf4e2444f8bc80364662ca048a044a95767dd4e\pe_col.
Optimizing module $paramod$ea9a025bc5ee84a808c2fa4f9964e04fcc1e340a\array.

3.4. Executing OPT_CLEAN pass (remove unused cells and wires).
Finding unused cells or wires in module $paramod$c90708c2091c5deb0a68d048d1310494f86784d2\pe..
Finding unused cells or wires in module $paramod$bdf4e2444f8bc80364662ca048a044a95767dd4e\pe_col..
Finding unused cells or wires in module $paramod$ea9a025bc5ee84a808c2fa4f9964e04fcc1e340a\array..
Removed 4 unused cells and 1327 unused wires.
<suppressed ~7 debug messages>

3.5. Executing CHECK pass (checking for obvious problems).
Checking module $paramod$c90708c2091c5deb0a68d048d1310494f86784d2\pe...
Checking module $paramod$bdf4e2444f8bc80364662ca048a044a95767dd4e\pe_col...
Checking module $paramod$ea9a025bc5ee84a808c2fa4f9964e04fcc1e340a\array...
Found and reported 0 problems.

3.6. Executing OPT pass (performing simple optimizations).

3.6.1. Executing OPT_EXPR pass (perform const folding).
Optimizing module $paramod$c90708c2091c5deb0a68d048d1310494f86784d2\pe.
Optimizing module $paramod$bdf4e2444f8bc80364662ca048a044a95767dd4e\pe_col.
Optimizing module $paramod$ea9a025bc5ee84a808c2fa4f9964e04fcc1e340a\array.

3.6.2. Executing OPT_MERGE pass (detect identical cells).
Finding identical cells in module `$paramod$c90708c2091c5deb0a68d048d1310494f86784d2\pe'.
Computing hashes of 8 cells of `$paramod$c90708c2091c5deb0a68d048d1310494f86784d2\pe'.
Finding duplicate cells in `$paramod$c90708c2091c5deb0a68d048d1310494f86784d2\pe'.
Finding identical cells in module `$paramod$bdf4e2444f8bc80364662ca048a044a95767dd4e\pe_col'.
Computing hashes of 32 cells of `$paramod$bdf4e2444f8bc80364662ca048a044a95767dd4e\pe_col'.
Finding duplicate cells in `$paramod$bdf4e2444f8bc80364662ca048a044a95767dd4e\pe_col'.
Finding identical cells in module `$paramod$ea9a025bc5ee84a808c2fa4f9964e04fcc1e340a\array'.
Computing hashes of 32 cells of `$paramod$ea9a025bc5ee84a808c2fa4f9964e04fcc1e340a\array'.
Finding duplicate cells in `$paramod$ea9a025bc5ee84a808c2fa4f9964e04fcc1e340a\array'.
Removed a total of 0 cells.

3.6.3. Executing OPT_MUXTREE pass (detect dead branches in mux trees).
Running muxtree optimizer on module $paramod$c90708c2091c5deb0a68d048d1310494f86784d2\pe..
  Creating internal representation of mux trees.
  Evaluating internal representation of mux trees.
  Analyzing evaluation results.
Running muxtree optimizer on module $paramod$bdf4e2444f8bc80364662ca048a044a95767dd4e\pe_col..
  Creating internal representation of mux trees.
  No muxes found in this module.
Running muxtree optimizer on module $paramod$ea9a025bc5ee84a808c2fa4f9964e04fcc1e340a\array..
  Creating internal representation of mux trees.
  No muxes found in this module.
Removed 0 multiplexer ports.
<suppressed ~6 debug messages>

3.6.4. Executing OPT_REDUCE pass (consolidate $*mux and $reduce_* inputs).
  Optimizing cells in module $paramod$c90708c2091c5deb0a68d048d1310494f86784d2\pe.
  Optimizing cells in module $paramod$bdf4e2444f8bc80364662ca048a044a95767dd4e\pe_col.
  Optimizing cells in module $paramod$ea9a025bc5ee84a808c2fa4f9964e04fcc1e340a\array.
Performed a total of 0 changes.

3.6.5. Executing OPT_MERGE pass (detect identical cells).
Finding identical cells in module `$paramod$c90708c2091c5deb0a68d048d1310494f86784d2\pe'.
Computing hashes of 8 cells of `$paramod$c90708c2091c5deb0a68d048d1310494f86784d2\pe'.
Finding duplicate cells in `$paramod$c90708c2091c5deb0a68d048d1310494f86784d2\pe'.
Finding identical cells in module `$paramod$bdf4e2444f8bc80364662ca048a044a95767dd4e\pe_col'.
Computing hashes of 32 cells of `$paramod$bdf4e2444f8bc80364662ca048a044a95767dd4e\pe_col'.
Finding duplicate cells in `$paramod$bdf4e2444f8bc80364662ca048a044a95767dd4e\pe_col'.
Finding identical cells in module `$paramod$ea9a025bc5ee84a808c2fa4f9964e04fcc1e340a\array'.
Computing hashes of 32 cells of `$paramod$ea9a025bc5ee84a808c2fa4f9964e04fcc1e340a\array'.
Finding duplicate cells in `$paramod$ea9a025bc5ee84a808c2fa4f9964e04fcc1e340a\array'.
Removed a total of 0 cells.

3.6.6. Executing OPT_DFF pass (perform DFF optimizations).

3.6.7. Executing OPT_CLEAN pass (remove unused cells and wires).
Finding unused cells or wires in module $paramod$c90708c2091c5deb0a68d048d1310494f86784d2\pe..
Finding unused cells or wires in module $paramod$bdf4e2444f8bc80364662ca048a044a95767dd4e\pe_col..
Finding unused cells or wires in module $paramod$ea9a025bc5ee84a808c2fa4f9964e04fcc1e340a\array..

3.6.8. Executing OPT_EXPR pass (perform const folding).
Optimizing module $paramod$c90708c2091c5deb0a68d048d1310494f86784d2\pe.
Optimizing module $paramod$bdf4e2444f8bc80364662ca048a044a95767dd4e\pe_col.
Optimizing module $paramod$ea9a025bc5ee84a808c2fa4f9964e04fcc1e340a\array.

3.6.9. Finished fast OPT passes. (There is nothing left to do.)

3.7. Executing FSM pass (extract and optimize FSM).

3.7.1. Executing FSM_DETECT pass (finding FSMs in design).

3.7.2. Executing FSM_EXTRACT pass (extracting FSM from design).

3.7.3. Executing FSM_OPT pass (simple optimizations of FSMs).

3.7.4. Executing OPT_CLEAN pass (remove unused cells and wires).
Finding unused cells or wires in module $paramod$c90708c2091c5deb0a68d048d1310494f86784d2\pe..
Finding unused cells or wires in module $paramod$bdf4e2444f8bc80364662ca048a044a95767dd4e\pe_col..
Finding unused cells or wires in module $paramod$ea9a025bc5ee84a808c2fa4f9964e04fcc1e340a\array..

3.7.5. Executing FSM_OPT pass (simple optimizations of FSMs).

3.7.6. Executing FSM_RECODE pass (re-assigning FSM state encoding).

3.7.7. Executing FSM_INFO pass (dumping all available information on FSM cells).

3.7.8. Executing FSM_MAP pass (mapping FSMs to basic logic).

3.8. Executing OPT pass (performing simple optimizations).

3.8.1. Executing OPT_EXPR pass (perform const folding).
Optimizing module $paramod$c90708c2091c5deb0a68d048d1310494f86784d2\pe.
Optimizing module $paramod$bdf4e2444f8bc80364662ca048a044a95767dd4e\pe_col.
Optimizing module $paramod$ea9a025bc5ee84a808c2fa4f9964e04fcc1e340a\array.

3.8.2. Executing OPT_MERGE pass (detect identical cells).
Finding identical cells in module `$paramod$c90708c2091c5deb0a68d048d1310494f86784d2\pe'.
Computing hashes of 8 cells of `$paramod$c90708c2091c5deb0a68d048d1310494f86784d2\pe'.
Finding duplicate cells in `$paramod$c90708c2091c5deb0a68d048d1310494f86784d2\pe'.
Finding identical cells in module `$paramod$bdf4e2444f8bc80364662ca048a044a95767dd4e\pe_col'.
Computing hashes of 32 cells of `$paramod$bdf4e2444f8bc80364662ca048a044a95767dd4e\pe_col'.
Finding duplicate cells in `$paramod$bdf4e2444f8bc80364662ca048a044a95767dd4e\pe_col'.
Finding identical cells in module `$paramod$ea9a025bc5ee84a808c2fa4f9964e04fcc1e340a\array'.
Computing hashes of 32 cells of `$paramod$ea9a025bc5ee84a808c2fa4f9964e04fcc1e340a\array'.
Finding duplicate cells in `$paramod$ea9a025bc5ee84a808c2fa4f9964e04fcc1e340a\array'.
Removed a total of 0 cells.

3.8.3. Executing OPT_MUXTREE pass (detect dead branches in mux trees).
Running muxtree optimizer on module $paramod$c90708c2091c5deb0a68d048d1310494f86784d2\pe..
  Creating internal representation of mux trees.
  Evaluating internal representation of mux trees.
  Analyzing evaluation results.
Running muxtree optimizer on module $paramod$bdf4e2444f8bc80364662ca048a044a95767dd4e\pe_col..
  Creating internal representation of mux trees.
  No muxes found in this module.
Running muxtree optimizer on module $paramod$ea9a025bc5ee84a808c2fa4f9964e04fcc1e340a\array..
  Creating internal representation of mux trees.
  No muxes found in this module.
Removed 0 multiplexer ports.
<suppressed ~6 debug messages>

3.8.4. Executing OPT_REDUCE pass (consolidate $*mux and $reduce_* inputs).
  Optimizing cells in module $paramod$c90708c2091c5deb0a68d048d1310494f86784d2\pe.
  Optimizing cells in module $paramod$bdf4e2444f8bc80364662ca048a044a95767dd4e\pe_col.
  Optimizing cells in module $paramod$ea9a025bc5ee84a808c2fa4f9964e04fcc1e340a\array.
Performed a total of 0 changes.

3.8.5. Executing OPT_MERGE pass (detect identical cells).
Finding identical cells in module `$paramod$c90708c2091c5deb0a68d048d1310494f86784d2\pe'.
Computing hashes of 8 cells of `$paramod$c90708c2091c5deb0a68d048d1310494f86784d2\pe'.
Finding duplicate cells in `$paramod$c90708c2091c5deb0a68d048d1310494f86784d2\pe'.
Finding identical cells in module `$paramod$bdf4e2444f8bc80364662ca048a044a95767dd4e\pe_col'.
Computing hashes of 32 cells of `$paramod$bdf4e2444f8bc80364662ca048a044a95767dd4e\pe_col'.
Finding duplicate cells in `$paramod$bdf4e2444f8bc80364662ca048a044a95767dd4e\pe_col'.
Finding identical cells in module `$paramod$ea9a025bc5ee84a808c2fa4f9964e04fcc1e340a\array'.
Computing hashes of 32 cells of `$paramod$ea9a025bc5ee84a808c2fa4f9964e04fcc1e340a\array'.
Finding duplicate cells in `$paramod$ea9a025bc5ee84a808c2fa4f9964e04fcc1e340a\array'.
Removed a total of 0 cells.

3.8.6. Executing OPT_DFF pass (perform DFF optimizations).
Adding EN signal on $procdff$2760 ($adff) from module $paramod$c90708c2091c5deb0a68d048d1310494f86784d2\pe (D = \acc_in [15:0], Q = \weight_r).

3.8.7. Executing OPT_CLEAN pass (remove unused cells and wires).
Finding unused cells or wires in module $paramod$c90708c2091c5deb0a68d048d1310494f86784d2\pe..
Finding unused cells or wires in module $paramod$bdf4e2444f8bc80364662ca048a044a95767dd4e\pe_col..
Finding unused cells or wires in module $paramod$ea9a025bc5ee84a808c2fa4f9964e04fcc1e340a\array..
Removed 1 unused cells and 1 unused wires.
<suppressed ~2 debug messages>

3.8.8. Executing OPT_EXPR pass (perform const folding).
Optimizing module $paramod$c90708c2091c5deb0a68d048d1310494f86784d2\pe.
Optimizing module $paramod$bdf4e2444f8bc80364662ca048a044a95767dd4e\pe_col.
Optimizing module $paramod$ea9a025bc5ee84a808c2fa4f9964e04fcc1e340a\array.

3.8.9. Rerunning OPT passes. (Maybe there is more to do..)

3.8.10. Executing OPT_MUXTREE pass (detect dead branches in mux trees).
Running muxtree optimizer on module $paramod$c90708c2091c5deb0a68d048d1310494f86784d2\pe..
  Creating internal representation of mux trees.
  Evaluating internal representation of mux trees.
  Analyzing evaluation results.
Running muxtree optimizer on module $paramod$bdf4e2444f8bc80364662ca048a044a95767dd4e\pe_col..
  Creating internal representation of mux trees.
  No muxes found in this module.
Running muxtree optimizer on module $paramod$ea9a025bc5ee84a808c2fa4f9964e04fcc1e340a\array..
  Creating internal representation of mux trees.
  No muxes found in this module.
Removed 0 multiplexer ports.
<suppressed ~4 debug messages>

3.8.11. Executing OPT_REDUCE pass (consolidate $*mux and $reduce_* inputs).
  Optimizing cells in module $paramod$c90708c2091c5deb0a68d048d1310494f86784d2\pe.
  Optimizing cells in module $paramod$bdf4e2444f8bc80364662ca048a044a95767dd4e\pe_col.
  Optimizing cells in module $paramod$ea9a025bc5ee84a808c2fa4f9964e04fcc1e340a\array.
Performed a total of 0 changes.

3.8.12. Executing OPT_MERGE pass (detect identical cells).
Finding identical cells in module `$paramod$c90708c2091c5deb0a68d048d1310494f86784d2\pe'.
Computing hashes of 7 cells of `$paramod$c90708c2091c5deb0a68d048d1310494f86784d2\pe'.
Finding duplicate cells in `$paramod$c90708c2091c5deb0a68d048d1310494f86784d2\pe'.
Finding identical cells in module `$paramod$bdf4e2444f8bc80364662ca048a044a95767dd4e\pe_col'.
Computing hashes of 32 cells of `$paramod$bdf4e2444f8bc80364662ca048a044a95767dd4e\pe_col'.
Finding duplicate cells in `$paramod$bdf4e2444f8bc80364662ca048a044a95767dd4e\pe_col'.
Finding identical cells in module `$paramod$ea9a025bc5ee84a808c2fa4f9964e04fcc1e340a\array'.
Computing hashes of 32 cells of `$paramod$ea9a025bc5ee84a808c2fa4f9964e04fcc1e340a\array'.
Finding duplicate cells in `$paramod$ea9a025bc5ee84a808c2fa4f9964e04fcc1e340a\array'.
Removed a total of 0 cells.

3.8.13. Executing OPT_DFF pass (perform DFF optimizations).

3.8.14. Executing OPT_CLEAN pass (remove unused cells and wires).
Finding unused cells or wires in module $paramod$c90708c2091c5deb0a68d048d1310494f86784d2\pe..
Finding unused cells or wires in module $paramod$bdf4e2444f8bc80364662ca048a044a95767dd4e\pe_col..
Finding unused cells or wires in module $paramod$ea9a025bc5ee84a808c2fa4f9964e04fcc1e340a\array..

3.8.15. Executing OPT_EXPR pass (perform const folding).
Optimizing module $paramod$c90708c2091c5deb0a68d048d1310494f86784d2\pe.
Optimizing module $paramod$bdf4e2444f8bc80364662ca048a044a95767dd4e\pe_col.
Optimizing module $paramod$ea9a025bc5ee84a808c2fa4f9964e04fcc1e340a\array.

3.8.16. Finished fast OPT passes. (There is nothing left to do.)

3.9. Executing WREDUCE pass (reducing word size of cells).

3.10. Executing PEEPOPT pass (run peephole optimizers).

3.11. Executing OPT_CLEAN pass (remove unused cells and wires).
Finding unused cells or wires in module $paramod$c90708c2091c5deb0a68d048d1310494f86784d2\pe..
Finding unused cells or wires in module $paramod$bdf4e2444f8bc80364662ca048a044a95767dd4e\pe_col..
Finding unused cells or wires in module $paramod$ea9a025bc5ee84a808c2fa4f9964e04fcc1e340a\array..

3.12. Executing ALUMACC pass (create $alu and $macc cells).
Extracting $alu and $macc cells in module $paramod$c90708c2091c5deb0a68d048d1310494f86784d2\pe:
  creating $macc model for $add$results/sv2v_output.v:35$2575 ($add).
  creating $macc model for $mul$results/sv2v_output.v:21$2572 ($mul).
  merging $macc model for $mul$results/sv2v_output.v:21$2572 into $add$results/sv2v_output.v:35$2575.
  creating $macc cell for $add$results/sv2v_output.v:35$2575: $auto$alumacc.cc:382:replace_macc$2762
  created 0 $alu and 1 $macc cells.
Extracting $alu and $macc cells in module $paramod$bdf4e2444f8bc80364662ca048a044a95767dd4e\pe_col:
  created 0 $alu and 0 $macc cells.
Extracting $alu and $macc cells in module $paramod$ea9a025bc5ee84a808c2fa4f9964e04fcc1e340a\array:
  created 0 $alu and 0 $macc cells.

3.13. Executing SHARE pass (SAT-based resource sharing).

3.14. Executing OPT pass (performing simple optimizations).

3.14.1. Executing OPT_EXPR pass (perform const folding).
Optimizing module $paramod$c90708c2091c5deb0a68d048d1310494f86784d2\pe.
Optimizing module $paramod$bdf4e2444f8bc80364662ca048a044a95767dd4e\pe_col.
Optimizing module $paramod$ea9a025bc5ee84a808c2fa4f9964e04fcc1e340a\array.

3.14.2. Executing OPT_MERGE pass (detect identical cells).
Finding identical cells in module `$paramod$c90708c2091c5deb0a68d048d1310494f86784d2\pe'.
Computing hashes of 7 cells of `$paramod$c90708c2091c5deb0a68d048d1310494f86784d2\pe'.
Finding duplicate cells in `$paramod$c90708c2091c5deb0a68d048d1310494f86784d2\pe'.
Finding identical cells in module `$paramod$bdf4e2444f8bc80364662ca048a044a95767dd4e\pe_col'.
Computing hashes of 32 cells of `$paramod$bdf4e2444f8bc80364662ca048a044a95767dd4e\pe_col'.
Finding duplicate cells in `$paramod$bdf4e2444f8bc80364662ca048a044a95767dd4e\pe_col'.
Finding identical cells in module `$paramod$ea9a025bc5ee84a808c2fa4f9964e04fcc1e340a\array'.
Computing hashes of 32 cells of `$paramod$ea9a025bc5ee84a808c2fa4f9964e04fcc1e340a\array'.
Finding duplicate cells in `$paramod$ea9a025bc5ee84a808c2fa4f9964e04fcc1e340a\array'.
Removed a total of 0 cells.

3.14.3. Executing OPT_MUXTREE pass (detect dead branches in mux trees).
Running muxtree optimizer on module $paramod$c90708c2091c5deb0a68d048d1310494f86784d2\pe..
  Creating internal representation of mux trees.
  Evaluating internal representation of mux trees.
  Analyzing evaluation results.
Running muxtree optimizer on module $paramod$bdf4e2444f8bc80364662ca048a044a95767dd4e\pe_col..
  Creating internal representation of mux trees.
  No muxes found in this module.
Running muxtree optimizer on module $paramod$ea9a025bc5ee84a808c2fa4f9964e04fcc1e340a\array..
  Creating internal representation of mux trees.
  No muxes found in this module.
Removed 0 multiplexer ports.
<suppressed ~4 debug messages>

3.14.4. Executing OPT_REDUCE pass (consolidate $*mux and $reduce_* inputs).
  Optimizing cells in module $paramod$c90708c2091c5deb0a68d048d1310494f86784d2\pe.
  Optimizing cells in module $paramod$bdf4e2444f8bc80364662ca048a044a95767dd4e\pe_col.
  Optimizing cells in module $paramod$ea9a025bc5ee84a808c2fa4f9964e04fcc1e340a\array.
Performed a total of 0 changes.

3.14.5. Executing OPT_MERGE pass (detect identical cells).
Finding identical cells in module `$paramod$c90708c2091c5deb0a68d048d1310494f86784d2\pe'.
Computing hashes of 7 cells of `$paramod$c90708c2091c5deb0a68d048d1310494f86784d2\pe'.
Finding duplicate cells in `$paramod$c90708c2091c5deb0a68d048d1310494f86784d2\pe'.
Finding identical cells in module `$paramod$bdf4e2444f8bc80364662ca048a044a95767dd4e\pe_col'.
Computing hashes of 32 cells of `$paramod$bdf4e2444f8bc80364662ca048a044a95767dd4e\pe_col'.
Finding duplicate cells in `$paramod$bdf4e2444f8bc80364662ca048a044a95767dd4e\pe_col'.
Finding identical cells in module `$paramod$ea9a025bc5ee84a808c2fa4f9964e04fcc1e340a\array'.
Computing hashes of 32 cells of `$paramod$ea9a025bc5ee84a808c2fa4f9964e04fcc1e340a\array'.
Finding duplicate cells in `$paramod$ea9a025bc5ee84a808c2fa4f9964e04fcc1e340a\array'.
Removed a total of 0 cells.

3.14.6. Executing OPT_DFF pass (perform DFF optimizations).

3.14.7. Executing OPT_CLEAN pass (remove unused cells and wires).
Finding unused cells or wires in module $paramod$c90708c2091c5deb0a68d048d1310494f86784d2\pe..
Finding unused cells or wires in module $paramod$bdf4e2444f8bc80364662ca048a044a95767dd4e\pe_col..
Finding unused cells or wires in module $paramod$ea9a025bc5ee84a808c2fa4f9964e04fcc1e340a\array..
Removed 1 unused cells and 1 unused wires.
<suppressed ~2 debug messages>

3.14.8. Executing OPT_EXPR pass (perform const folding).
Optimizing module $paramod$c90708c2091c5deb0a68d048d1310494f86784d2\pe.
Optimizing module $paramod$bdf4e2444f8bc80364662ca048a044a95767dd4e\pe_col.
Optimizing module $paramod$ea9a025bc5ee84a808c2fa4f9964e04fcc1e340a\array.

3.14.9. Rerunning OPT passes. (Maybe there is more to do..)

3.14.10. Executing OPT_MUXTREE pass (detect dead branches in mux trees).
Running muxtree optimizer on module $paramod$c90708c2091c5deb0a68d048d1310494f86784d2\pe..
  Creating internal representation of mux trees.
  Evaluating internal representation of mux trees.
  Analyzing evaluation results.
Running muxtree optimizer on module $paramod$bdf4e2444f8bc80364662ca048a044a95767dd4e\pe_col..
  Creating internal representation of mux trees.
  No muxes found in this module.
Running muxtree optimizer on module $paramod$ea9a025bc5ee84a808c2fa4f9964e04fcc1e340a\array..
  Creating internal representation of mux trees.
  No muxes found in this module.
Removed 0 multiplexer ports.
<suppressed ~4 debug messages>

3.14.11. Executing OPT_REDUCE pass (consolidate $*mux and $reduce_* inputs).
  Optimizing cells in module $paramod$c90708c2091c5deb0a68d048d1310494f86784d2\pe.
  Optimizing cells in module $paramod$bdf4e2444f8bc80364662ca048a044a95767dd4e\pe_col.
  Optimizing cells in module $paramod$ea9a025bc5ee84a808c2fa4f9964e04fcc1e340a\array.
Performed a total of 0 changes.

3.14.12. Executing OPT_MERGE pass (detect identical cells).
Finding identical cells in module `$paramod$c90708c2091c5deb0a68d048d1310494f86784d2\pe'.
Computing hashes of 6 cells of `$paramod$c90708c2091c5deb0a68d048d1310494f86784d2\pe'.
Finding duplicate cells in `$paramod$c90708c2091c5deb0a68d048d1310494f86784d2\pe'.
Finding identical cells in module `$paramod$bdf4e2444f8bc80364662ca048a044a95767dd4e\pe_col'.
Computing hashes of 32 cells of `$paramod$bdf4e2444f8bc80364662ca048a044a95767dd4e\pe_col'.
Finding duplicate cells in `$paramod$bdf4e2444f8bc80364662ca048a044a95767dd4e\pe_col'.
Finding identical cells in module `$paramod$ea9a025bc5ee84a808c2fa4f9964e04fcc1e340a\array'.
Computing hashes of 32 cells of `$paramod$ea9a025bc5ee84a808c2fa4f9964e04fcc1e340a\array'.
Finding duplicate cells in `$paramod$ea9a025bc5ee84a808c2fa4f9964e04fcc1e340a\array'.
Removed a total of 0 cells.

3.14.13. Executing OPT_DFF pass (perform DFF optimizations).

3.14.14. Executing OPT_CLEAN pass (remove unused cells and wires).
Finding unused cells or wires in module $paramod$c90708c2091c5deb0a68d048d1310494f86784d2\pe..
Finding unused cells or wires in module $paramod$bdf4e2444f8bc80364662ca048a044a95767dd4e\pe_col..
Finding unused cells or wires in module $paramod$ea9a025bc5ee84a808c2fa4f9964e04fcc1e340a\array..

3.14.15. Executing OPT_EXPR pass (perform const folding).
Optimizing module $paramod$c90708c2091c5deb0a68d048d1310494f86784d2\pe.
Optimizing module $paramod$bdf4e2444f8bc80364662ca048a044a95767dd4e\pe_col.
Optimizing module $paramod$ea9a025bc5ee84a808c2fa4f9964e04fcc1e340a\array.

3.14.16. Finished fast OPT passes. (There is nothing left to do.)

3.15. Executing MEMORY pass.

3.15.1. Executing OPT_MEM pass (optimize memories).
Performed a total of 0 transformations.

3.15.2. Executing OPT_MEM_PRIORITY pass (removing unnecessary memory write priority relations).
Performed a total of 0 transformations.

3.15.3. Executing OPT_MEM_FEEDBACK pass (finding memory read-to-write feedback paths).

3.15.4. Executing MEMORY_BMUX2ROM pass (converting muxes to ROMs).

3.15.5. Executing MEMORY_DFF pass (merging $dff cells to $memrd).

3.15.6. Executing OPT_CLEAN pass (remove unused cells and wires).
Finding unused cells or wires in module $paramod$c90708c2091c5deb0a68d048d1310494f86784d2\pe..
Finding unused cells or wires in module $paramod$bdf4e2444f8bc80364662ca048a044a95767dd4e\pe_col..
Finding unused cells or wires in module $paramod$ea9a025bc5ee84a808c2fa4f9964e04fcc1e340a\array..

3.15.7. Executing MEMORY_SHARE pass (consolidating $memrd/$memwr cells).

3.15.8. Executing OPT_MEM_WIDEN pass (optimize memories where all ports are wide).
Performed a total of 0 transformations.

3.15.9. Executing OPT_CLEAN pass (remove unused cells and wires).
Finding unused cells or wires in module $paramod$c90708c2091c5deb0a68d048d1310494f86784d2\pe..
Finding unused cells or wires in module $paramod$bdf4e2444f8bc80364662ca048a044a95767dd4e\pe_col..
Finding unused cells or wires in module $paramod$ea9a025bc5ee84a808c2fa4f9964e04fcc1e340a\array..

3.15.10. Executing MEMORY_COLLECT pass (generating $mem cells).

3.16. Executing OPT_CLEAN pass (remove unused cells and wires).
Finding unused cells or wires in module $paramod$c90708c2091c5deb0a68d048d1310494f86784d2\pe..
Finding unused cells or wires in module $paramod$bdf4e2444f8bc80364662ca048a044a95767dd4e\pe_col..
Finding unused cells or wires in module $paramod$ea9a025bc5ee84a808c2fa4f9964e04fcc1e340a\array..

3.17. Executing OPT pass (performing simple optimizations).

3.17.1. Executing OPT_EXPR pass (perform const folding).
Optimizing module $paramod$c90708c2091c5deb0a68d048d1310494f86784d2\pe.
Optimizing module $paramod$bdf4e2444f8bc80364662ca048a044a95767dd4e\pe_col.
Optimizing module $paramod$ea9a025bc5ee84a808c2fa4f9964e04fcc1e340a\array.

3.17.2. Executing OPT_MERGE pass (detect identical cells).
Finding identical cells in module `$paramod$c90708c2091c5deb0a68d048d1310494f86784d2\pe'.
Computing hashes of 6 cells of `$paramod$c90708c2091c5deb0a68d048d1310494f86784d2\pe'.
Finding duplicate cells in `$paramod$c90708c2091c5deb0a68d048d1310494f86784d2\pe'.
Finding identical cells in module `$paramod$bdf4e2444f8bc80364662ca048a044a95767dd4e\pe_col'.
Computing hashes of 32 cells of `$paramod$bdf4e2444f8bc80364662ca048a044a95767dd4e\pe_col'.
Finding duplicate cells in `$paramod$bdf4e2444f8bc80364662ca048a044a95767dd4e\pe_col'.
Finding identical cells in module `$paramod$ea9a025bc5ee84a808c2fa4f9964e04fcc1e340a\array'.
Computing hashes of 32 cells of `$paramod$ea9a025bc5ee84a808c2fa4f9964e04fcc1e340a\array'.
Finding duplicate cells in `$paramod$ea9a025bc5ee84a808c2fa4f9964e04fcc1e340a\array'.
Removed a total of 0 cells.

3.17.3. Executing OPT_DFF pass (perform DFF optimizations).

3.17.4. Executing OPT_CLEAN pass (remove unused cells and wires).
Finding unused cells or wires in module $paramod$c90708c2091c5deb0a68d048d1310494f86784d2\pe..
Finding unused cells or wires in module $paramod$bdf4e2444f8bc80364662ca048a044a95767dd4e\pe_col..
Finding unused cells or wires in module $paramod$ea9a025bc5ee84a808c2fa4f9964e04fcc1e340a\array..

3.17.5. Finished fast OPT passes.

3.18. Executing MEMORY_MAP pass (converting memories to logic and flip-flops).

3.19. Executing OPT pass (performing simple optimizations).

3.19.1. Executing OPT_EXPR pass (perform const folding).
Optimizing module $paramod$c90708c2091c5deb0a68d048d1310494f86784d2\pe.
Optimizing module $paramod$bdf4e2444f8bc80364662ca048a044a95767dd4e\pe_col.
Optimizing module $paramod$ea9a025bc5ee84a808c2fa4f9964e04fcc1e340a\array.

3.19.2. Executing OPT_MERGE pass (detect identical cells).
Finding identical cells in module `$paramod$c90708c2091c5deb0a68d048d1310494f86784d2\pe'.
Computing hashes of 6 cells of `$paramod$c90708c2091c5deb0a68d048d1310494f86784d2\pe'.
Finding duplicate cells in `$paramod$c90708c2091c5deb0a68d048d1310494f86784d2\pe'.
Finding identical cells in module `$paramod$bdf4e2444f8bc80364662ca048a044a95767dd4e\pe_col'.
Computing hashes of 32 cells of `$paramod$bdf4e2444f8bc80364662ca048a044a95767dd4e\pe_col'.
Finding duplicate cells in `$paramod$bdf4e2444f8bc80364662ca048a044a95767dd4e\pe_col'.
Finding identical cells in module `$paramod$ea9a025bc5ee84a808c2fa4f9964e04fcc1e340a\array'.
Computing hashes of 32 cells of `$paramod$ea9a025bc5ee84a808c2fa4f9964e04fcc1e340a\array'.
Finding duplicate cells in `$paramod$ea9a025bc5ee84a808c2fa4f9964e04fcc1e340a\array'.
Removed a total of 0 cells.

3.19.3. Executing OPT_MUXTREE pass (detect dead branches in mux trees).
Running muxtree optimizer on module $paramod$c90708c2091c5deb0a68d048d1310494f86784d2\pe..
  Creating internal representation of mux trees.
  Evaluating internal representation of mux trees.
  Analyzing evaluation results.
Running muxtree optimizer on module $paramod$bdf4e2444f8bc80364662ca048a044a95767dd4e\pe_col..
  Creating internal representation of mux trees.
  No muxes found in this module.
Running muxtree optimizer on module $paramod$ea9a025bc5ee84a808c2fa4f9964e04fcc1e340a\array..
  Creating internal representation of mux trees.
  No muxes found in this module.
Removed 0 multiplexer ports.
<suppressed ~4 debug messages>

3.19.4. Executing OPT_REDUCE pass (consolidate $*mux and $reduce_* inputs).
  Optimizing cells in module $paramod$c90708c2091c5deb0a68d048d1310494f86784d2\pe.
  Optimizing cells in module $paramod$bdf4e2444f8bc80364662ca048a044a95767dd4e\pe_col.
  Optimizing cells in module $paramod$ea9a025bc5ee84a808c2fa4f9964e04fcc1e340a\array.
Performed a total of 0 changes.

3.19.5. Executing OPT_MERGE pass (detect identical cells).
Finding identical cells in module `$paramod$c90708c2091c5deb0a68d048d1310494f86784d2\pe'.
Computing hashes of 6 cells of `$paramod$c90708c2091c5deb0a68d048d1310494f86784d2\pe'.
Finding duplicate cells in `$paramod$c90708c2091c5deb0a68d048d1310494f86784d2\pe'.
Finding identical cells in module `$paramod$bdf4e2444f8bc80364662ca048a044a95767dd4e\pe_col'.
Computing hashes of 32 cells of `$paramod$bdf4e2444f8bc80364662ca048a044a95767dd4e\pe_col'.
Finding duplicate cells in `$paramod$bdf4e2444f8bc80364662ca048a044a95767dd4e\pe_col'.
Finding identical cells in module `$paramod$ea9a025bc5ee84a808c2fa4f9964e04fcc1e340a\array'.
Computing hashes of 32 cells of `$paramod$ea9a025bc5ee84a808c2fa4f9964e04fcc1e340a\array'.
Finding duplicate cells in `$paramod$ea9a025bc5ee84a808c2fa4f9964e04fcc1e340a\array'.
Removed a total of 0 cells.

3.19.6. Executing OPT_SHARE pass.

3.19.7. Executing OPT_DFF pass (perform DFF optimizations).

3.19.8. Executing OPT_CLEAN pass (remove unused cells and wires).
Finding unused cells or wires in module $paramod$c90708c2091c5deb0a68d048d1310494f86784d2\pe..
Finding unused cells or wires in module $paramod$bdf4e2444f8bc80364662ca048a044a95767dd4e\pe_col..
Finding unused cells or wires in module $paramod$ea9a025bc5ee84a808c2fa4f9964e04fcc1e340a\array..

3.19.9. Executing OPT_EXPR pass (perform const folding).
Optimizing module $paramod$c90708c2091c5deb0a68d048d1310494f86784d2\pe.
Optimizing module $paramod$bdf4e2444f8bc80364662ca048a044a95767dd4e\pe_col.
Optimizing module $paramod$ea9a025bc5ee84a808c2fa4f9964e04fcc1e340a\array.

3.19.10. Finished fast OPT passes. (There is nothing left to do.)

3.20. Executing TECHMAP pass (map to technology primitives).

3.20.1. Executing Verilog-2005 frontend: /usr/local/bin/../share/yosys/techmap.v
Parsing Verilog input from `/usr/local/bin/../share/yosys/techmap.v' to AST representation.
Generating RTLIL representation for module `\_90_simplemap_bool_ops'.
Generating RTLIL representation for module `\_90_simplemap_reduce_ops'.
Generating RTLIL representation for module `\_90_simplemap_logic_ops'.
Generating RTLIL representation for module `\_90_simplemap_compare_ops'.
Generating RTLIL representation for module `\_90_simplemap_various'.
Generating RTLIL representation for module `\_90_simplemap_registers'.
Generating RTLIL representation for module `\_90_shift_ops_shr_shl_sshl_sshr'.
Generating RTLIL representation for module `\_90_shift_shiftx'.
Generating RTLIL representation for module `\_90_fa'.
Generating RTLIL representation for module `\_90_lcu_brent_kung'.
Generating RTLIL representation for module `\_90_alu'.
Generating RTLIL representation for module `\_90_macc'.
Generating RTLIL representation for module `\_90_alumacc'.
Generating RTLIL representation for module `$__div_mod_u'.
Generating RTLIL representation for module `$__div_mod_trunc'.
Generating RTLIL representation for module `\_90_div'.
Generating RTLIL representation for module `\_90_mod'.
Generating RTLIL representation for module `$__div_mod_floor'.
Generating RTLIL representation for module `\_90_divfloor'.
Generating RTLIL representation for module `\_90_modfloor'.
Generating RTLIL representation for module `\_90_pow'.
Generating RTLIL representation for module `\_90_demux'.
Generating RTLIL representation for module `\_90_lut'.
Generating RTLIL representation for module `$connect'.
Generating RTLIL representation for module `$input_port'.
Successfully finished Verilog frontend.

3.20.2. Continuing TECHMAP pass.
Using extmapper maccmap for cells of type $macc_v2.
  add \weight_r * \data_in (16x16 bits, signed)
  add \acc_in (32 bits, signed)
Using extmapper simplemap for cells of type $adffe.
Using extmapper simplemap for cells of type $mux.
Using extmapper simplemap for cells of type $adff.
Using template $paramod\_90_fa\WIDTH=32'00000000000000000000000000100000 for cells of type $fa.
Using template $paramod$fbc7873bff55778c0b3173955b7e4bce1d9d6834\_90_alu for cells of type $alu.
Using extmapper simplemap for cells of type $and.
Using extmapper simplemap for cells of type $not.
Using extmapper simplemap for cells of type $pos.
Using template $paramod\_90_lcu_brent_kung\WIDTH=32'00000000000000000000000000100000 for cells of type $lcu.
Using extmapper simplemap for cells of type $xor.
Using extmapper simplemap for cells of type $or.
No more expansions possible.
<suppressed ~520 debug messages>

3.21. Executing OPT pass (performing simple optimizations).

3.21.1. Executing OPT_EXPR pass (perform const folding).
Optimizing module $paramod$c90708c2091c5deb0a68d048d1310494f86784d2\pe.
<suppressed ~952 debug messages>
Optimizing module $paramod$bdf4e2444f8bc80364662ca048a044a95767dd4e\pe_col.
Optimizing module $paramod$ea9a025bc5ee84a808c2fa4f9964e04fcc1e340a\array.

3.21.2. Executing OPT_MERGE pass (detect identical cells).
Finding identical cells in module `$paramod$c90708c2091c5deb0a68d048d1310494f86784d2\pe'.
Computing hashes of 2648 cells of `$paramod$c90708c2091c5deb0a68d048d1310494f86784d2\pe'.
Finding duplicate cells in `$paramod$c90708c2091c5deb0a68d048d1310494f86784d2\pe'.
Computing hashes of 2512 cells of `$paramod$c90708c2091c5deb0a68d048d1310494f86784d2\pe'.
Finding duplicate cells in `$paramod$c90708c2091c5deb0a68d048d1310494f86784d2\pe'.
Computing hashes of 2443 cells of `$paramod$c90708c2091c5deb0a68d048d1310494f86784d2\pe'.
Finding duplicate cells in `$paramod$c90708c2091c5deb0a68d048d1310494f86784d2\pe'.
Computing hashes of 2373 cells of `$paramod$c90708c2091c5deb0a68d048d1310494f86784d2\pe'.
Finding duplicate cells in `$paramod$c90708c2091c5deb0a68d048d1310494f86784d2\pe'.
Computing hashes of 2337 cells of `$paramod$c90708c2091c5deb0a68d048d1310494f86784d2\pe'.
Finding duplicate cells in `$paramod$c90708c2091c5deb0a68d048d1310494f86784d2\pe'.
Computing hashes of 2312 cells of `$paramod$c90708c2091c5deb0a68d048d1310494f86784d2\pe'.
Finding duplicate cells in `$paramod$c90708c2091c5deb0a68d048d1310494f86784d2\pe'.
Computing hashes of 2288 cells of `$paramod$c90708c2091c5deb0a68d048d1310494f86784d2\pe'.
Finding duplicate cells in `$paramod$c90708c2091c5deb0a68d048d1310494f86784d2\pe'.
Computing hashes of 2276 cells of `$paramod$c90708c2091c5deb0a68d048d1310494f86784d2\pe'.
Finding duplicate cells in `$paramod$c90708c2091c5deb0a68d048d1310494f86784d2\pe'.
Computing hashes of 2272 cells of `$paramod$c90708c2091c5deb0a68d048d1310494f86784d2\pe'.
Finding duplicate cells in `$paramod$c90708c2091c5deb0a68d048d1310494f86784d2\pe'.
Computing hashes of 2268 cells of `$paramod$c90708c2091c5deb0a68d048d1310494f86784d2\pe'.
Finding duplicate cells in `$paramod$c90708c2091c5deb0a68d048d1310494f86784d2\pe'.
Computing hashes of 2266 cells of `$paramod$c90708c2091c5deb0a68d048d1310494f86784d2\pe'.
Finding duplicate cells in `$paramod$c90708c2091c5deb0a68d048d1310494f86784d2\pe'.
<suppressed ~1146 debug messages>
Finding identical cells in module `$paramod$bdf4e2444f8bc80364662ca048a044a95767dd4e\pe_col'.
Computing hashes of 32 cells of `$paramod$bdf4e2444f8bc80364662ca048a044a95767dd4e\pe_col'.
Finding duplicate cells in `$paramod$bdf4e2444f8bc80364662ca048a044a95767dd4e\pe_col'.
Finding identical cells in module `$paramod$ea9a025bc5ee84a808c2fa4f9964e04fcc1e340a\array'.
Computing hashes of 32 cells of `$paramod$ea9a025bc5ee84a808c2fa4f9964e04fcc1e340a\array'.
Finding duplicate cells in `$paramod$ea9a025bc5ee84a808c2fa4f9964e04fcc1e340a\array'.
Removed a total of 382 cells.

3.21.3. Executing OPT_DFF pass (perform DFF optimizations).

3.21.4. Executing OPT_CLEAN pass (remove unused cells and wires).
Finding unused cells or wires in module $paramod$c90708c2091c5deb0a68d048d1310494f86784d2\pe..
Finding unused cells or wires in module $paramod$bdf4e2444f8bc80364662ca048a044a95767dd4e\pe_col..
Finding unused cells or wires in module $paramod$ea9a025bc5ee84a808c2fa4f9964e04fcc1e340a\array..
Removed 67 unused cells and 219 unused wires.
<suppressed ~68 debug messages>

3.21.5. Finished fast OPT passes.

3.22. Executing ABC pass (technology mapping using ABC).

3.22.1. Extracting gate netlist of module `$paramod$c90708c2091c5deb0a68d048d1310494f86784d2\pe' to `<abc-temp-dir>/input.blif'..

3.22.1.1. Executed ABC.
Extracted 2135 gates and 2201 wires to a netlist network with 65 inputs and 48 outputs.
Running ABC script: <abc-temp-dir>/abc.script
ABC: UC Berkeley, ABC 1.01 (compiled May 29 2026 19:41:28)
ABC: abc 01> empty
ABC: abc 01> source <abc-temp-dir>/abc.script
ABC: + read_blif <abc-temp-dir>/input.blif 
ABC: + read_library <abc-temp-dir>/stdcells.genlib 
ABC: + strash 
ABC: + &get -n 
ABC: + &fraig -x 
ABC: + &put 
ABC: + scorr 
ABC: Warning: The network is combinational (run "fraig" or "fraig_sweep").
ABC: + dc2 
ABC: + dretime 
ABC: + strash 
ABC: + &get -n 
ABC: + &dch -f 
ABC: + &nf 
ABC: + &put 
ABC: + write_blif <abc-temp-dir>/output.blif 
ABC: 
ABC: YOSYS_ABC_DONE 

3.22.1.2. Re-integrating ABC results.
ABC RESULTS:               AND cells:      320
ABC RESULTS:            ANDNOT cells:       39
ABC RESULTS:               MUX cells:       39
ABC RESULTS:              NAND cells:      900
ABC RESULTS:               NOT cells:        3
ABC RESULTS:                OR cells:       36
ABC RESULTS:             ORNOT cells:        8
ABC RESULTS:              XNOR cells:       78
ABC RESULTS:               XOR cells:      630
ABC RESULTS:        internal signals:     2088
ABC RESULTS:           input signals:       65
ABC RESULTS:          output signals:       48
Removing temp directory.

3.22.2. Extracting gate netlist of module `$paramod$bdf4e2444f8bc80364662ca048a044a95767dd4e\pe_col' to `<abc-temp-dir>/input.blif'..

3.22.2.1. Executed ABC.
Extracted 0 gates and 0 wires to a netlist network with 0 inputs and 0 outputs.
Don't call ABC as there is nothing to map.
Removing temp directory.

3.22.3. Extracting gate netlist of module `$paramod$ea9a025bc5ee84a808c2fa4f9964e04fcc1e340a\array' to `<abc-temp-dir>/input.blif'..

3.22.3.1. Executed ABC.
Extracted 0 gates and 0 wires to a netlist network with 0 inputs and 0 outputs.
Don't call ABC as there is nothing to map.
Removing temp directory.
Removing global temp directory.

3.23. Executing OPT pass (performing simple optimizations).

3.23.1. Executing OPT_EXPR pass (perform const folding).
Optimizing module $paramod$c90708c2091c5deb0a68d048d1310494f86784d2\pe.
Optimizing module $paramod$bdf4e2444f8bc80364662ca048a044a95767dd4e\pe_col.
Optimizing module $paramod$ea9a025bc5ee84a808c2fa4f9964e04fcc1e340a\array.

3.23.2. Executing OPT_MERGE pass (detect identical cells).
Finding identical cells in module `$paramod$c90708c2091c5deb0a68d048d1310494f86784d2\pe'.
Computing hashes of 2117 cells of `$paramod$c90708c2091c5deb0a68d048d1310494f86784d2\pe'.
Finding duplicate cells in `$paramod$c90708c2091c5deb0a68d048d1310494f86784d2\pe'.
Finding identical cells in module `$paramod$bdf4e2444f8bc80364662ca048a044a95767dd4e\pe_col'.
Computing hashes of 32 cells of `$paramod$bdf4e2444f8bc80364662ca048a044a95767dd4e\pe_col'.
Finding duplicate cells in `$paramod$bdf4e2444f8bc80364662ca048a044a95767dd4e\pe_col'.
Finding identical cells in module `$paramod$ea9a025bc5ee84a808c2fa4f9964e04fcc1e340a\array'.
Computing hashes of 32 cells of `$paramod$ea9a025bc5ee84a808c2fa4f9964e04fcc1e340a\array'.
Finding duplicate cells in `$paramod$ea9a025bc5ee84a808c2fa4f9964e04fcc1e340a\array'.
Removed a total of 0 cells.

3.23.3. Executing OPT_DFF pass (perform DFF optimizations).

3.23.4. Executing OPT_CLEAN pass (remove unused cells and wires).
Finding unused cells or wires in module $paramod$c90708c2091c5deb0a68d048d1310494f86784d2\pe..
Finding unused cells or wires in module $paramod$bdf4e2444f8bc80364662ca048a044a95767dd4e\pe_col..
Finding unused cells or wires in module $paramod$ea9a025bc5ee84a808c2fa4f9964e04fcc1e340a\array..
Removed 0 unused cells and 304 unused wires.
<suppressed ~1 debug messages>

3.23.5. Finished fast OPT passes.

3.24. Executing HIERARCHY pass (managing design hierarchy).
Attribute `top' found on module `$paramod$ea9a025bc5ee84a808c2fa4f9964e04fcc1e340a\array'. Setting top module to $paramod$ea9a025bc5ee84a808c2fa4f9964e04fcc1e340a\array.

3.24.1. Analyzing design hierarchy..
Top module:  $paramod$ea9a025bc5ee84a808c2fa4f9964e04fcc1e340a\array
Used module:     $paramod$bdf4e2444f8bc80364662ca048a044a95767dd4e\pe_col
Used module:         $paramod$c90708c2091c5deb0a68d048d1310494f86784d2\pe

3.24.2. Analyzing design hierarchy..
Top module:  $paramod$ea9a025bc5ee84a808c2fa4f9964e04fcc1e340a\array
Used module:     $paramod$bdf4e2444f8bc80364662ca048a044a95767dd4e\pe_col
Used module:         $paramod$c90708c2091c5deb0a68d048d1310494f86784d2\pe
Removed 0 unused modules.

3.25. Printing statistics.

=== $paramod$c90708c2091c5deb0a68d048d1310494f86784d2\pe ===

        +----------Local Count, excluding submodules.
        | 
     2015 wires
     2168 wire bits
        8 public wires
      115 public wire bits
        7 ports
       99 port bits
     2117 cells
       39   $_ANDNOT_
      320   $_AND_
       16   $_DFFE_PN0P_
       48   $_DFF_PN0_
       39   $_MUX_
      900   $_NAND_
        3   $_NOT_
        8   $_ORNOT_
       36   $_OR_
       78   $_XNOR_
      630   $_XOR_

=== $paramod$bdf4e2444f8bc80364662ca048a044a95767dd4e\pe_col ===

        +----------Local Count, excluding submodules.
        | 
       40 wires
     2147 wire bits
       40 public wires
     2147 public wire bits
        7 ports
     1091 port bits
       32 submodules
       32   $paramod$c90708c2091c5deb0a68d048d1310494f86784d2\pe

=== $paramod$ea9a025bc5ee84a808c2fa4f9964e04fcc1e340a\array ===

        +----------Local Count, excluding submodules.
        | 
     1127 wires
    52770 wire bits
     1127 public wires
    52770 public wire bits
        7 ports
     3106 port bits
       32 submodules
       32   $paramod$bdf4e2444f8bc80364662ca048a044a95767dd4e\pe_col

=== design hierarchy ===

        +----------Count including submodules.
        | 
  2167808 $paramod$ea9a025bc5ee84a808c2fa4f9964e04fcc1e340a\array
     2117   $paramod$c90708c2091c5deb0a68d048d1310494f86784d2\pe

        +----------Count including submodules.
        | 
  2065767 wires
  2341506 wire bits
    10599 public wires
   239234 public wire bits
     7399 ports
   139394 port bits
        - memories
        - memory bits
        - processes
  2167808 cells
    39936   $_ANDNOT_
   327680   $_AND_
    16384   $_DFFE_PN0P_
    49152   $_DFF_PN0_
    39936   $_MUX_
   921600   $_NAND_
     3072   $_NOT_
     8192   $_ORNOT_
    36864   $_OR_
    79872   $_XNOR_
   645120   $_XOR_
       32 submodules
       32   $paramod$bdf4e2444f8bc80364662ca048a044a95767dd4e\pe_col

3.26. Executing CHECK pass (checking for obvious problems).
Checking module $paramod$c90708c2091c5deb0a68d048d1310494f86784d2\pe...
Checking module $paramod$bdf4e2444f8bc80364662ca048a044a95767dd4e\pe_col...
Checking module $paramod$ea9a025bc5ee84a808c2fa4f9964e04fcc1e340a\array...
Found and reported 0 problems.

4. Executing DFFLIBMAP pass (mapping DFF cells to sequential cells from liberty file).
  cell sky130_fd_sc_hd__dfxtp_1 (noninv, pins=3, area=20.02) is a direct match for cell type $_DFF_P_.
  cell sky130_fd_sc_hd__dfrtn_1 (noninv, pins=4, area=25.02) is a direct match for cell type $_DFF_NN0_.
  cell sky130_fd_sc_hd__dfrtp_1 (noninv, pins=4, area=25.02) is a direct match for cell type $_DFF_PN0_.
  cell sky130_fd_sc_hd__dfstp_2 (noninv, pins=4, area=26.28) is a direct match for cell type $_DFF_PN1_.
  cell sky130_fd_sc_hd__edfxtp_1 (noninv, pins=4, area=30.03) is a direct match for cell type $_DFFE_PP_.
  cell sky130_fd_sc_hd__dfbbn_1 (noninv, pins=6, area=32.53) is a direct match for cell type $_DFFSR_NNN_.
  cell sky130_fd_sc_hd__dfbbp_1 (noninv, pins=6, area=32.53) is a direct match for cell type $_DFFSR_PNN_.
  final dff cell mappings:
    unmapped dff cell: $_DFF_N_
    \sky130_fd_sc_hd__dfxtp_1 _DFF_P_ (.CLK( C), .D( D), .Q( Q));
    \sky130_fd_sc_hd__dfrtn_1 _DFF_NN0_ (.CLK_N( C), .D( D), .Q( Q), .RESET_B( R));
    unmapped dff cell: $_DFF_NN1_
    unmapped dff cell: $_DFF_NP0_
    unmapped dff cell: $_DFF_NP1_
    \sky130_fd_sc_hd__dfrtp_1 _DFF_PN0_ (.CLK( C), .D( D), .Q( Q), .RESET_B( R));
    \sky130_fd_sc_hd__dfstp_2 _DFF_PN1_ (.CLK( C), .D( D), .Q( Q), .SET_B( R));
    unmapped dff cell: $_DFF_PP0_
    unmapped dff cell: $_DFF_PP1_
    unmapped dff cell: $_DFFE_NN_
    unmapped dff cell: $_DFFE_NP_
    unmapped dff cell: $_DFFE_PN_
    \sky130_fd_sc_hd__edfxtp_1 _DFFE_PP_ (.CLK( C), .D( D), .DE( E), .Q( Q));
    \sky130_fd_sc_hd__dfbbn_1 _DFFSR_NNN_ (.CLK_N( C), .D( D), .Q( Q), .Q_N(~Q), .RESET_B( R), .SET_B( S));
    unmapped dff cell: $_DFFSR_NNP_
    unmapped dff cell: $_DFFSR_NPN_
    unmapped dff cell: $_DFFSR_NPP_
    \sky130_fd_sc_hd__dfbbp_1 _DFFSR_PNN_ (.CLK( C), .D( D), .Q( Q), .Q_N(~Q), .RESET_B( R), .SET_B( S));
    unmapped dff cell: $_DFFSR_PNP_
    unmapped dff cell: $_DFFSR_PPN_
    unmapped dff cell: $_DFFSR_PPP_

4.1. Executing DFFLEGALIZE pass (convert FFs to types supported by the target).
<suppressed ~24 debug messages>
Mapping DFF cells in module `$paramod$c90708c2091c5deb0a68d048d1310494f86784d2\pe':
  mapped 64 $_DFF_PN0_ cells to \sky130_fd_sc_hd__dfrtp_1 cells.
Mapping DFF cells in module `$paramod$bdf4e2444f8bc80364662ca048a044a95767dd4e\pe_col':
Mapping DFF cells in module `$paramod$ea9a025bc5ee84a808c2fa4f9964e04fcc1e340a\array':

5. Executing ABC pass (technology mapping using ABC).

5.1. Extracting gate netlist of module `$paramod$c90708c2091c5deb0a68d048d1310494f86784d2\pe' to `<abc-temp-dir>/input.blif'..
ABC: using cached merged SCL: /tmp/yosys-liberty-scl-cache/yosys_merged_e9e26d0c.scl (1 files)

5.1.1. Executed ABC.
Extracted 2069 gates and 2134 wires to a netlist network with 65 inputs and 64 outputs.
Running ABC script: <abc-temp-dir>/abc.script
ABC: UC Berkeley, ABC 1.01 (compiled May 29 2026 19:41:28)
ABC: abc 01> empty
ABC: abc 01> source <abc-temp-dir>/abc.script
ABC: + read_blif <abc-temp-dir>/input.blif 
ABC: + read_scl /tmp/yosys-liberty-scl-cache/yosys_merged_e9e26d0c.scl 
ABC: Warning: Detected 9 multi-output cells (for example, "sky130_fd_sc_hd__fa_1").
ABC: + strash 
ABC: + &get -n 
ABC: + &fraig -x 
ABC: + &put 
ABC: + scorr 
ABC: Warning: The network is combinational (run "fraig" or "fraig_sweep").
ABC: + dc2 
ABC: + dretime 
ABC: + strash 
ABC: + &get -n 
ABC: + &dch -f 
ABC: + &nf 
ABC: + &put 
ABC: + write_blif <abc-temp-dir>/output.blif 
ABC: 
ABC: YOSYS_ABC_DONE 

5.1.2. Re-integrating ABC results.
ABC RESULTS:   sky130_fd_sc_hd__a21o_1 cells:       23
ABC RESULTS:   sky130_fd_sc_hd__a21oi_1 cells:       67
ABC RESULTS:   sky130_fd_sc_hd__a22o_1 cells:        8
ABC RESULTS:   sky130_fd_sc_hd__a22oi_1 cells:       19
ABC RESULTS:   sky130_fd_sc_hd__a31o_1 cells:        1
ABC RESULTS:   sky130_fd_sc_hd__a31oi_1 cells:        6
ABC RESULTS:   sky130_fd_sc_hd__a32o_1 cells:        1
ABC RESULTS:   sky130_fd_sc_hd__a32oi_1 cells:        1
ABC RESULTS:   sky130_fd_sc_hd__and2_0 cells:       18
ABC RESULTS:   sky130_fd_sc_hd__and3_1 cells:       32
ABC RESULTS:   sky130_fd_sc_hd__and4_1 cells:        5
ABC RESULTS:   sky130_fd_sc_hd__clkinv_1 cells:       48
ABC RESULTS:   sky130_fd_sc_hd__lpflow_inputiso1p_1 cells:        7
ABC RESULTS:   sky130_fd_sc_hd__lpflow_isobufsrc_1 cells:       69
ABC RESULTS:   sky130_fd_sc_hd__maj3_1 cells:      142
ABC RESULTS:   sky130_fd_sc_hd__mux2i_1 cells:        1
ABC RESULTS:   sky130_fd_sc_hd__nand2_1 cells:      284
ABC RESULTS:   sky130_fd_sc_hd__nand2b_1 cells:       31
ABC RESULTS:   sky130_fd_sc_hd__nand3_1 cells:       41
ABC RESULTS:   sky130_fd_sc_hd__nand3b_1 cells:        2
ABC RESULTS:   sky130_fd_sc_hd__nand4_1 cells:       14
ABC RESULTS:   sky130_fd_sc_hd__nor2_1 cells:      121
ABC RESULTS:   sky130_fd_sc_hd__nor2b_1 cells:       12
ABC RESULTS:   sky130_fd_sc_hd__nor3_1 cells:       33
ABC RESULTS:   sky130_fd_sc_hd__nor3b_1 cells:        2
ABC RESULTS:   sky130_fd_sc_hd__o21a_1 cells:       25
ABC RESULTS:   sky130_fd_sc_hd__o21ai_0 cells:       97
ABC RESULTS:   sky130_fd_sc_hd__o21ba_1 cells:        4
ABC RESULTS:   sky130_fd_sc_hd__o21bai_1 cells:        5
ABC RESULTS:   sky130_fd_sc_hd__o22a_1 cells:       10
ABC RESULTS:   sky130_fd_sc_hd__o22ai_1 cells:        1
ABC RESULTS:   sky130_fd_sc_hd__o311ai_0 cells:        1
ABC RESULTS:   sky130_fd_sc_hd__o31a_1 cells:        1
ABC RESULTS:   sky130_fd_sc_hd__o31ai_1 cells:       19
ABC RESULTS:   sky130_fd_sc_hd__o41ai_1 cells:        2
ABC RESULTS:   sky130_fd_sc_hd__or3_1 cells:        9
ABC RESULTS:   sky130_fd_sc_hd__or4_1 cells:        1
ABC RESULTS:   sky130_fd_sc_hd__xnor2_1 cells:      338
ABC RESULTS:   sky130_fd_sc_hd__xnor3_1 cells:       18
ABC RESULTS:   sky130_fd_sc_hd__xor2_1 cells:      169
ABC RESULTS:   sky130_fd_sc_hd__xor3_1 cells:        8
ABC RESULTS:        internal signals:     2005
ABC RESULTS:           input signals:       65
ABC RESULTS:          output signals:       64
Removing temp directory.

5.2. Extracting gate netlist of module `$paramod$bdf4e2444f8bc80364662ca048a044a95767dd4e\pe_col' to `<abc-temp-dir>/input.blif'..
ABC: using cached merged SCL: /tmp/yosys-liberty-scl-cache/yosys_merged_e9e26d0c.scl (1 files)

5.2.1. Executed ABC.
Extracted 0 gates and 0 wires to a netlist network with 0 inputs and 0 outputs.
Don't call ABC as there is nothing to map.
Removing temp directory.

5.3. Extracting gate netlist of module `$paramod$ea9a025bc5ee84a808c2fa4f9964e04fcc1e340a\array' to `<abc-temp-dir>/input.blif'..
ABC: using cached merged SCL: /tmp/yosys-liberty-scl-cache/yosys_merged_e9e26d0c.scl (1 files)

5.3.1. Executed ABC.
Extracted 0 gates and 0 wires to a netlist network with 0 inputs and 0 outputs.
Don't call ABC as there is nothing to map.
Removing temp directory.
Removing global temp directory.

6. Printing statistics.

=== $paramod$c90708c2091c5deb0a68d048d1310494f86784d2\pe ===

        +----------Local Count, excluding submodules.
        |        +-Local Area, excluding submodules.
        |        | 
     3792        - wires
     3945        - wire bits
        8        - public wires
      115        - public wire bits
        7        - ports
       99        - port bits
     1760 1.32E+04 cells
       23  172.666   sky130_fd_sc_hd__a21o_1
       67  335.322   sky130_fd_sc_hd__a21oi_1
        8   70.067   sky130_fd_sc_hd__a22o_1
       19  142.637   sky130_fd_sc_hd__a22oi_1
        1    8.758   sky130_fd_sc_hd__a31o_1
        6   37.536   sky130_fd_sc_hd__a31oi_1
        1    10.01   sky130_fd_sc_hd__a32o_1
        1    8.758   sky130_fd_sc_hd__a32oi_1
       18  112.608   sky130_fd_sc_hd__and2_0
       32  200.192   sky130_fd_sc_hd__and3_1
        5   43.792   sky130_fd_sc_hd__and4_1
       48  180.173   sky130_fd_sc_hd__clkinv_1
       64  1.6E+03   sky130_fd_sc_hd__dfrtp_1
        7   43.792   sky130_fd_sc_hd__lpflow_inputiso1p_1
       69  431.664   sky130_fd_sc_hd__lpflow_isobufsrc_1
      142 1.42E+03   sky130_fd_sc_hd__maj3_1
        1    10.01   sky130_fd_sc_hd__mux2i_1
      284 1.07E+03   sky130_fd_sc_hd__nand2_1
       31  193.936   sky130_fd_sc_hd__nand2b_1
       41  205.197   sky130_fd_sc_hd__nand3_1
        2   15.014   sky130_fd_sc_hd__nand3b_1
       14   87.584   sky130_fd_sc_hd__nand4_1
      121  454.186   sky130_fd_sc_hd__nor2_1
       12   75.072   sky130_fd_sc_hd__nor2b_1
       33  165.158   sky130_fd_sc_hd__nor3_1
        2   15.014   sky130_fd_sc_hd__nor3b_1
       25   187.68   sky130_fd_sc_hd__o21a_1
       97  485.466   sky130_fd_sc_hd__o21ai_0
        4   40.038   sky130_fd_sc_hd__o21ba_1
        5   37.536   sky130_fd_sc_hd__o21bai_1
       10   87.584   sky130_fd_sc_hd__o22a_1
        1    6.256   sky130_fd_sc_hd__o22ai_1
        1    8.758   sky130_fd_sc_hd__o311ai_0
        1    8.758   sky130_fd_sc_hd__o31a_1
       19  142.637   sky130_fd_sc_hd__o31ai_1
        2   17.517   sky130_fd_sc_hd__o41ai_1
        9   56.304   sky130_fd_sc_hd__or3_1
        1    7.507   sky130_fd_sc_hd__or4_1
      338 2.96E+03   sky130_fd_sc_hd__xnor2_1
       18  405.389   sky130_fd_sc_hd__xnor3_1
      169  1480.17   sky130_fd_sc_hd__xor2_1
        8  190.182   sky130_fd_sc_hd__xor3_1

   Chip area for module '$paramod$c90708c2091c5deb0a68d048d1310494f86784d2\pe': 13230.188800
     of which used for sequential elements: 1601.536000 (12.11%)

=== $paramod$bdf4e2444f8bc80364662ca048a044a95767dd4e\pe_col ===

        +----------Local Count, excluding submodules.
        |        +-Local Area, excluding submodules.
        |        | 
       40        - wires
     2147        - wire bits
       40        - public wires
     2147        - public wire bits
        7        - ports
     1091        - port bits
       32        - submodules
       32        -   $paramod$c90708c2091c5deb0a68d048d1310494f86784d2\pe

   Chip area for module '$paramod$bdf4e2444f8bc80364662ca048a044a95767dd4e\pe_col': 0.000000
     of which used for sequential elements: 0.000000 (-nan%)

=== $paramod$ea9a025bc5ee84a808c2fa4f9964e04fcc1e340a\array ===

        +----------Local Count, excluding submodules.
        |        +-Local Area, excluding submodules.
        |        | 
     1127        - wires
    52770        - wire bits
     1127        - public wires
    52770        - public wire bits
        7        - ports
     3106        - port bits
       32        - submodules
       32        -   $paramod$bdf4e2444f8bc80364662ca048a044a95767dd4e\pe_col

   Chip area for module '$paramod$ea9a025bc5ee84a808c2fa4f9964e04fcc1e340a\array': 0.000000
     of which used for sequential elements: 0.000000 (-nan%)

=== design hierarchy ===

        +----------Count including submodules.
        |        +-Area including submodules.
        |        | 
  1802240 1.35E+07 $paramod$ea9a025bc5ee84a808c2fa4f9964e04fcc1e340a\array
     1760 1.32E+04   $paramod$c90708c2091c5deb0a68d048d1310494f86784d2\pe

        +----------Count including submodules.
        |        +-Area including submodules.
        |        | 
  3885415        - wires
  4161154        - wire bits
    10599        - public wires
   239234        - public wire bits
     7399        - ports
   139394        - port bits
        -        - memories
        -        - memory bits
        -        - processes
  1802240 1.35E+07 cells
    23552 1.77E+05   sky130_fd_sc_hd__a21o_1
    68608 3.43E+05   sky130_fd_sc_hd__a21oi_1
     8192 7.17E+04   sky130_fd_sc_hd__a22o_1
    19456 1.46E+05   sky130_fd_sc_hd__a22oi_1
     1024 8.97E+03   sky130_fd_sc_hd__a31o_1
     6144 3.84E+04   sky130_fd_sc_hd__a31oi_1
     1024 1.02E+04   sky130_fd_sc_hd__a32o_1
     1024 8.97E+03   sky130_fd_sc_hd__a32oi_1
    18432 1.15E+05   sky130_fd_sc_hd__and2_0
    32768 2.05E+05   sky130_fd_sc_hd__and3_1
     5120 4.48E+04   sky130_fd_sc_hd__and4_1
    49152 1.84E+05   sky130_fd_sc_hd__clkinv_1
    65536 1.64E+06   sky130_fd_sc_hd__dfrtp_1
     7168 4.48E+04   sky130_fd_sc_hd__lpflow_inputiso1p_1
    70656 4.42E+05   sky130_fd_sc_hd__lpflow_isobufsrc_1
   145408 1.46E+06   sky130_fd_sc_hd__maj3_1
     1024 1.02E+04   sky130_fd_sc_hd__mux2i_1
   290816 1.09E+06   sky130_fd_sc_hd__nand2_1
    31744 1.99E+05   sky130_fd_sc_hd__nand2b_1
    41984  2.1E+05   sky130_fd_sc_hd__nand3_1
     2048 1.54E+04   sky130_fd_sc_hd__nand3b_1
    14336 8.97E+04   sky130_fd_sc_hd__nand4_1
   123904 4.65E+05   sky130_fd_sc_hd__nor2_1
    12288 7.69E+04   sky130_fd_sc_hd__nor2b_1
    33792 1.69E+05   sky130_fd_sc_hd__nor3_1
     2048 1.54E+04   sky130_fd_sc_hd__nor3b_1
    25600 1.92E+05   sky130_fd_sc_hd__o21a_1
    99328 4.97E+05   sky130_fd_sc_hd__o21ai_0
     4096  4.1E+04   sky130_fd_sc_hd__o21ba_1
     5120 3.84E+04   sky130_fd_sc_hd__o21bai_1
    10240 8.97E+04   sky130_fd_sc_hd__o22a_1
     1024 6.41E+03   sky130_fd_sc_hd__o22ai_1
     1024 8.97E+03   sky130_fd_sc_hd__o311ai_0
     1024 8.97E+03   sky130_fd_sc_hd__o31a_1
    19456 1.46E+05   sky130_fd_sc_hd__o31ai_1
     2048 1.79E+04   sky130_fd_sc_hd__o41ai_1
     9216 5.77E+04   sky130_fd_sc_hd__or3_1
     1024 7.69E+03   sky130_fd_sc_hd__or4_1
   346112 3.03E+06   sky130_fd_sc_hd__xnor2_1
    18432 4.15E+05   sky130_fd_sc_hd__xnor3_1
   173056 1.52E+06   sky130_fd_sc_hd__xor2_1
     8192 1.95E+05   sky130_fd_sc_hd__xor3_1
       32 1.35E+07 submodules
       32 1.35E+07   $paramod$bdf4e2444f8bc80364662ca048a044a95767dd4e\pe_col

   Chip area for top module '$paramod$ea9a025bc5ee84a808c2fa4f9964e04fcc1e340a\array': 13547713.331200
     of which used for sequential elements: 1639972.864000 (12.11%)

Renaming module $paramod$ea9a025bc5ee84a808c2fa4f9964e04fcc1e340a\array to array.

7. Executing Verilog backend.

7.1. Executing BMUXMAP pass.

7.2. Executing DEMUXMAP pass.
Dumping module `$paramod$bdf4e2444f8bc80364662ca048a044a95767dd4e\pe_col'.
Dumping module `$paramod$c90708c2091c5deb0a68d048d1310494f86784d2\pe'.
Dumping module `\array'.

End of script. Logfile hash: 53e6bf8ef2, time: 5.34s, user: 4.71s, system: 0.19s, MEM: 66.47 MB peak
Yosys 0.65+71 (git sha1 e56c6a954, g++ 11.4.0-1ubuntu1~22.04.3 -fPIC -O3)
Time spent: 38% 2x stat (2 sec), 10% 16x opt_clean (0 sec), ...
