
 /----------------------------------------------------------------------------\
 |  yosys -- Yosys Open SYnthesis Suite                                       |
 |  Copyright (C) 2012 - 2026  Claire Xenia Wolf <claire@yosyshq.com>         |
 |  Distributed under an ISC-like license, type "license" to see terms        |
 \----------------------------------------------------------------------------/
 Yosys 0.65+71 (git sha1 e56c6a954, g++ 11.4.0-1ubuntu1~22.04.3 -fPIC -O3)

-- Running command `
    read_verilog results/sv2v_output.v;
    chparam -set ROWS 8             -set COLS 8             -set DATA_WIDTH 8             -set ACC_WIDTH 128             array
    synth -top array;
    dfflibmap -liberty /home/bharathw/.ciel/ciel/sky130/versions/0fe599b2afb6708d281543108caf8310912f54af/sky130A/libs.ref/sky130_fd_sc_hd/lib/sky130_fd_sc_hd__tt_025C_1v80.lib;
    abc -liberty /home/bharathw/.ciel/ciel/sky130/versions/0fe599b2afb6708d281543108caf8310912f54af/sky130A/libs.ref/sky130_fd_sc_hd/lib/sky130_fd_sc_hd__tt_025C_1v80.lib;
    stat -liberty /home/bharathw/.ciel/ciel/sky130/versions/0fe599b2afb6708d281543108caf8310912f54af/sky130A/libs.ref/sky130_fd_sc_hd/lib/sky130_fd_sc_hd__tt_025C_1v80.lib;
    rename -top array
    write_verilog gate_level.v
' --

1. Executing Verilog-2005 frontend: results/sv2v_output.v
Parsing Verilog input from `results/sv2v_output.v' to AST representation.
Generating RTLIL representation for module `\pe'.
Generating RTLIL representation for module `\pe_col'.
Generating RTLIL representation for module `\array'.
Successfully finished Verilog frontend.
Parameter \ROWS = 8
Parameter \COLS = 8
Parameter \DATA_WIDTH = 8
Parameter \ACC_WIDTH = 128

2. Executing AST frontend in derive mode using pre-parsed AST for module `\array'.
Parameter \ROWS = 8
Parameter \COLS = 8
Parameter \DATA_WIDTH = 8
Parameter \ACC_WIDTH = 128
Generating RTLIL representation for module `$paramod$df920be3f327facd96292ed7e3ec0a124528d32f\array'.

3. Executing SYNTH pass.

3.1. Executing HIERARCHY pass (managing design hierarchy).

3.1.1. Analyzing design hierarchy..
Top module:  \array
Used module:     \pe_col
Used module:         \pe
Parameter \DATA_WIDTH = 8
Parameter \ACC_WIDTH = 32

3.1.2. Executing AST frontend in derive mode using pre-parsed AST for module `\pe'.
Parameter \DATA_WIDTH = 8
Parameter \ACC_WIDTH = 32
Generating RTLIL representation for module `$paramod$8392c0aee371eac30cfcd917af9a6c37ac869d3e\pe'.
Parameter \DATA_WIDTH = 8
Parameter \ACC_WIDTH = 32
Found cached RTLIL representation for module `$paramod$8392c0aee371eac30cfcd917af9a6c37ac869d3e\pe'.
Parameter \DATA_WIDTH = 8
Parameter \ACC_WIDTH = 32
Found cached RTLIL representation for module `$paramod$8392c0aee371eac30cfcd917af9a6c37ac869d3e\pe'.
Parameter \DATA_WIDTH = 8
Parameter \ACC_WIDTH = 32
Found cached RTLIL representation for module `$paramod$8392c0aee371eac30cfcd917af9a6c37ac869d3e\pe'.
Parameter \DATA_WIDTH = 8
Parameter \ACC_WIDTH = 32
Found cached RTLIL representation for module `$paramod$8392c0aee371eac30cfcd917af9a6c37ac869d3e\pe'.
Parameter \DATA_WIDTH = 8
Parameter \ACC_WIDTH = 32
Found cached RTLIL representation for module `$paramod$8392c0aee371eac30cfcd917af9a6c37ac869d3e\pe'.
Parameter \DATA_WIDTH = 8
Parameter \ACC_WIDTH = 32
Found cached RTLIL representation for module `$paramod$8392c0aee371eac30cfcd917af9a6c37ac869d3e\pe'.
Parameter \DATA_WIDTH = 8
Parameter \ACC_WIDTH = 32
Found cached RTLIL representation for module `$paramod$8392c0aee371eac30cfcd917af9a6c37ac869d3e\pe'.
Parameter \DATA_WIDTH = 8
Parameter \ACC_WIDTH = 32
Found cached RTLIL representation for module `$paramod$8392c0aee371eac30cfcd917af9a6c37ac869d3e\pe'.
Parameter \DATA_WIDTH = 8
Parameter \ACC_WIDTH = 32
Found cached RTLIL representation for module `$paramod$8392c0aee371eac30cfcd917af9a6c37ac869d3e\pe'.
Parameter \DATA_WIDTH = 8
Parameter \ACC_WIDTH = 32
Found cached RTLIL representation for module `$paramod$8392c0aee371eac30cfcd917af9a6c37ac869d3e\pe'.
Parameter \DATA_WIDTH = 8
Parameter \ACC_WIDTH = 32
Found cached RTLIL representation for module `$paramod$8392c0aee371eac30cfcd917af9a6c37ac869d3e\pe'.
Parameter \DATA_WIDTH = 8
Parameter \ACC_WIDTH = 32
Found cached RTLIL representation for module `$paramod$8392c0aee371eac30cfcd917af9a6c37ac869d3e\pe'.
Parameter \DATA_WIDTH = 8
Parameter \ACC_WIDTH = 32
Found cached RTLIL representation for module `$paramod$8392c0aee371eac30cfcd917af9a6c37ac869d3e\pe'.
Parameter \DATA_WIDTH = 8
Parameter \ACC_WIDTH = 32
Found cached RTLIL representation for module `$paramod$8392c0aee371eac30cfcd917af9a6c37ac869d3e\pe'.
Parameter \DATA_WIDTH = 8
Parameter \ACC_WIDTH = 32
Found cached RTLIL representation for module `$paramod$8392c0aee371eac30cfcd917af9a6c37ac869d3e\pe'.
Reprocessing module pe_col because instantiated module $paramod$8392c0aee371eac30cfcd917af9a6c37ac869d3e\pe has become available.
Generating RTLIL representation for module `\pe_col'.
Parameter \ROWS = 8
Parameter \DATA_WIDTH = 8
Parameter \ACC_WIDTH = 128

3.1.3. Executing AST frontend in derive mode using pre-parsed AST for module `\pe_col'.
Parameter \ROWS = 8
Parameter \DATA_WIDTH = 8
Parameter \ACC_WIDTH = 128
Generating RTLIL representation for module `$paramod$4c30b0cd76f6f564a91870ac5a6260359f064849\pe_col'.
Parameter \ROWS = 8
Parameter \DATA_WIDTH = 8
Parameter \ACC_WIDTH = 128
Found cached RTLIL representation for module `$paramod$4c30b0cd76f6f564a91870ac5a6260359f064849\pe_col'.
Parameter \ROWS = 8
Parameter \DATA_WIDTH = 8
Parameter \ACC_WIDTH = 128
Found cached RTLIL representation for module `$paramod$4c30b0cd76f6f564a91870ac5a6260359f064849\pe_col'.
Parameter \ROWS = 8
Parameter \DATA_WIDTH = 8
Parameter \ACC_WIDTH = 128
Found cached RTLIL representation for module `$paramod$4c30b0cd76f6f564a91870ac5a6260359f064849\pe_col'.
Parameter \ROWS = 8
Parameter \DATA_WIDTH = 8
Parameter \ACC_WIDTH = 128
Found cached RTLIL representation for module `$paramod$4c30b0cd76f6f564a91870ac5a6260359f064849\pe_col'.
Parameter \ROWS = 8
Parameter \DATA_WIDTH = 8
Parameter \ACC_WIDTH = 128
Found cached RTLIL representation for module `$paramod$4c30b0cd76f6f564a91870ac5a6260359f064849\pe_col'.
Parameter \ROWS = 8
Parameter \DATA_WIDTH = 8
Parameter \ACC_WIDTH = 128
Found cached RTLIL representation for module `$paramod$4c30b0cd76f6f564a91870ac5a6260359f064849\pe_col'.
Parameter \ROWS = 8
Parameter \DATA_WIDTH = 8
Parameter \ACC_WIDTH = 128
Found cached RTLIL representation for module `$paramod$4c30b0cd76f6f564a91870ac5a6260359f064849\pe_col'.
Reprocessing module array because instantiated module $paramod$4c30b0cd76f6f564a91870ac5a6260359f064849\pe_col has become available.
Generating RTLIL representation for module `$paramod$df920be3f327facd96292ed7e3ec0a124528d32f\array'.

3.1.4. Analyzing design hierarchy..
Top module:  $paramod$df920be3f327facd96292ed7e3ec0a124528d32f\array
Used module:     \pe_col
Used module:         \pe
Parameter \DATA_WIDTH = 8
Parameter \ACC_WIDTH = 32
Found cached RTLIL representation for module `$paramod$8392c0aee371eac30cfcd917af9a6c37ac869d3e\pe'.
Parameter \DATA_WIDTH = 8
Parameter \ACC_WIDTH = 32
Found cached RTLIL representation for module `$paramod$8392c0aee371eac30cfcd917af9a6c37ac869d3e\pe'.
Parameter \DATA_WIDTH = 8
Parameter \ACC_WIDTH = 32
Found cached RTLIL representation for module `$paramod$8392c0aee371eac30cfcd917af9a6c37ac869d3e\pe'.
Parameter \DATA_WIDTH = 8
Parameter \ACC_WIDTH = 32
Found cached RTLIL representation for module `$paramod$8392c0aee371eac30cfcd917af9a6c37ac869d3e\pe'.
Parameter \DATA_WIDTH = 8
Parameter \ACC_WIDTH = 32
Found cached RTLIL representation for module `$paramod$8392c0aee371eac30cfcd917af9a6c37ac869d3e\pe'.
Parameter \DATA_WIDTH = 8
Parameter \ACC_WIDTH = 32
Found cached RTLIL representation for module `$paramod$8392c0aee371eac30cfcd917af9a6c37ac869d3e\pe'.
Parameter \DATA_WIDTH = 8
Parameter \ACC_WIDTH = 32
Found cached RTLIL representation for module `$paramod$8392c0aee371eac30cfcd917af9a6c37ac869d3e\pe'.
Parameter \DATA_WIDTH = 8
Parameter \ACC_WIDTH = 32
Found cached RTLIL representation for module `$paramod$8392c0aee371eac30cfcd917af9a6c37ac869d3e\pe'.
Parameter \DATA_WIDTH = 8
Parameter \ACC_WIDTH = 32
Found cached RTLIL representation for module `$paramod$8392c0aee371eac30cfcd917af9a6c37ac869d3e\pe'.
Parameter \DATA_WIDTH = 8
Parameter \ACC_WIDTH = 32
Found cached RTLIL representation for module `$paramod$8392c0aee371eac30cfcd917af9a6c37ac869d3e\pe'.
Parameter \DATA_WIDTH = 8
Parameter \ACC_WIDTH = 32
Found cached RTLIL representation for module `$paramod$8392c0aee371eac30cfcd917af9a6c37ac869d3e\pe'.
Parameter \DATA_WIDTH = 8
Parameter \ACC_WIDTH = 32
Found cached RTLIL representation for module `$paramod$8392c0aee371eac30cfcd917af9a6c37ac869d3e\pe'.
Parameter \DATA_WIDTH = 8
Parameter \ACC_WIDTH = 32
Found cached RTLIL representation for module `$paramod$8392c0aee371eac30cfcd917af9a6c37ac869d3e\pe'.
Parameter \DATA_WIDTH = 8
Parameter \ACC_WIDTH = 32
Found cached RTLIL representation for module `$paramod$8392c0aee371eac30cfcd917af9a6c37ac869d3e\pe'.
Parameter \DATA_WIDTH = 8
Parameter \ACC_WIDTH = 32
Found cached RTLIL representation for module `$paramod$8392c0aee371eac30cfcd917af9a6c37ac869d3e\pe'.
Parameter \DATA_WIDTH = 8
Parameter \ACC_WIDTH = 32
Found cached RTLIL representation for module `$paramod$8392c0aee371eac30cfcd917af9a6c37ac869d3e\pe'.
Parameter \ROWS = 8
Parameter \DATA_WIDTH = 8
Parameter \ACC_WIDTH = 128
Found cached RTLIL representation for module `$paramod$4c30b0cd76f6f564a91870ac5a6260359f064849\pe_col'.
Parameter \ROWS = 8
Parameter \DATA_WIDTH = 8
Parameter \ACC_WIDTH = 128
Found cached RTLIL representation for module `$paramod$4c30b0cd76f6f564a91870ac5a6260359f064849\pe_col'.
Parameter \ROWS = 8
Parameter \DATA_WIDTH = 8
Parameter \ACC_WIDTH = 128
Found cached RTLIL representation for module `$paramod$4c30b0cd76f6f564a91870ac5a6260359f064849\pe_col'.
Parameter \ROWS = 8
Parameter \DATA_WIDTH = 8
Parameter \ACC_WIDTH = 128
Found cached RTLIL representation for module `$paramod$4c30b0cd76f6f564a91870ac5a6260359f064849\pe_col'.
Parameter \ROWS = 8
Parameter \DATA_WIDTH = 8
Parameter \ACC_WIDTH = 128
Found cached RTLIL representation for module `$paramod$4c30b0cd76f6f564a91870ac5a6260359f064849\pe_col'.
Parameter \ROWS = 8
Parameter \DATA_WIDTH = 8
Parameter \ACC_WIDTH = 128
Found cached RTLIL representation for module `$paramod$4c30b0cd76f6f564a91870ac5a6260359f064849\pe_col'.
Parameter \ROWS = 8
Parameter \DATA_WIDTH = 8
Parameter \ACC_WIDTH = 128
Found cached RTLIL representation for module `$paramod$4c30b0cd76f6f564a91870ac5a6260359f064849\pe_col'.
Parameter \ROWS = 8
Parameter \DATA_WIDTH = 8
Parameter \ACC_WIDTH = 128
Found cached RTLIL representation for module `$paramod$4c30b0cd76f6f564a91870ac5a6260359f064849\pe_col'.

3.1.5. Analyzing design hierarchy..
Top module:  $paramod$df920be3f327facd96292ed7e3ec0a124528d32f\array
Used module:     $paramod$4c30b0cd76f6f564a91870ac5a6260359f064849\pe_col
Used module:         \pe
Parameter \DATA_WIDTH = 8
Parameter \ACC_WIDTH = 128

3.1.6. Executing AST frontend in derive mode using pre-parsed AST for module `\pe'.
Parameter \DATA_WIDTH = 8
Parameter \ACC_WIDTH = 128
Generating RTLIL representation for module `$paramod$acf5b8aaa55bfe6ee56dddc11c8ff1710533588b\pe'.
Parameter \DATA_WIDTH = 8
Parameter \ACC_WIDTH = 128
Found cached RTLIL representation for module `$paramod$acf5b8aaa55bfe6ee56dddc11c8ff1710533588b\pe'.
Parameter \DATA_WIDTH = 8
Parameter \ACC_WIDTH = 128
Found cached RTLIL representation for module `$paramod$acf5b8aaa55bfe6ee56dddc11c8ff1710533588b\pe'.
Parameter \DATA_WIDTH = 8
Parameter \ACC_WIDTH = 128
Found cached RTLIL representation for module `$paramod$acf5b8aaa55bfe6ee56dddc11c8ff1710533588b\pe'.
Parameter \DATA_WIDTH = 8
Parameter \ACC_WIDTH = 128
Found cached RTLIL representation for module `$paramod$acf5b8aaa55bfe6ee56dddc11c8ff1710533588b\pe'.
Parameter \DATA_WIDTH = 8
Parameter \ACC_WIDTH = 128
Found cached RTLIL representation for module `$paramod$acf5b8aaa55bfe6ee56dddc11c8ff1710533588b\pe'.
Parameter \DATA_WIDTH = 8
Parameter \ACC_WIDTH = 128
Found cached RTLIL representation for module `$paramod$acf5b8aaa55bfe6ee56dddc11c8ff1710533588b\pe'.
Parameter \DATA_WIDTH = 8
Parameter \ACC_WIDTH = 128
Found cached RTLIL representation for module `$paramod$acf5b8aaa55bfe6ee56dddc11c8ff1710533588b\pe'.
Reprocessing module $paramod$4c30b0cd76f6f564a91870ac5a6260359f064849\pe_col because instantiated module $paramod$acf5b8aaa55bfe6ee56dddc11c8ff1710533588b\pe has become available.
Generating RTLIL representation for module `$paramod$4c30b0cd76f6f564a91870ac5a6260359f064849\pe_col'.

3.1.7. Analyzing design hierarchy..
Top module:  $paramod$df920be3f327facd96292ed7e3ec0a124528d32f\array
Used module:     $paramod$4c30b0cd76f6f564a91870ac5a6260359f064849\pe_col
Used module:         \pe
Parameter \DATA_WIDTH = 8
Parameter \ACC_WIDTH = 128
Found cached RTLIL representation for module `$paramod$acf5b8aaa55bfe6ee56dddc11c8ff1710533588b\pe'.
Parameter \DATA_WIDTH = 8
Parameter \ACC_WIDTH = 128
Found cached RTLIL representation for module `$paramod$acf5b8aaa55bfe6ee56dddc11c8ff1710533588b\pe'.
Parameter \DATA_WIDTH = 8
Parameter \ACC_WIDTH = 128
Found cached RTLIL representation for module `$paramod$acf5b8aaa55bfe6ee56dddc11c8ff1710533588b\pe'.
Parameter \DATA_WIDTH = 8
Parameter \ACC_WIDTH = 128
Found cached RTLIL representation for module `$paramod$acf5b8aaa55bfe6ee56dddc11c8ff1710533588b\pe'.
Parameter \DATA_WIDTH = 8
Parameter \ACC_WIDTH = 128
Found cached RTLIL representation for module `$paramod$acf5b8aaa55bfe6ee56dddc11c8ff1710533588b\pe'.
Parameter \DATA_WIDTH = 8
Parameter \ACC_WIDTH = 128
Found cached RTLIL representation for module `$paramod$acf5b8aaa55bfe6ee56dddc11c8ff1710533588b\pe'.
Parameter \DATA_WIDTH = 8
Parameter \ACC_WIDTH = 128
Found cached RTLIL representation for module `$paramod$acf5b8aaa55bfe6ee56dddc11c8ff1710533588b\pe'.
Parameter \DATA_WIDTH = 8
Parameter \ACC_WIDTH = 128
Found cached RTLIL representation for module `$paramod$acf5b8aaa55bfe6ee56dddc11c8ff1710533588b\pe'.

3.1.8. Analyzing design hierarchy..
Top module:  $paramod$df920be3f327facd96292ed7e3ec0a124528d32f\array
Used module:     $paramod$4c30b0cd76f6f564a91870ac5a6260359f064849\pe_col
Used module:         $paramod$acf5b8aaa55bfe6ee56dddc11c8ff1710533588b\pe

3.1.9. Analyzing design hierarchy..
Top module:  $paramod$df920be3f327facd96292ed7e3ec0a124528d32f\array
Used module:     $paramod$4c30b0cd76f6f564a91870ac5a6260359f064849\pe_col
Used module:         $paramod$acf5b8aaa55bfe6ee56dddc11c8ff1710533588b\pe
Removing unused module `\pe_col'.
Removing unused module `$paramod$8392c0aee371eac30cfcd917af9a6c37ac869d3e\pe'.
Removing unused module `\pe'.
Removed 3 unused modules.

3.2. Executing PROC pass (convert processes to netlists).

3.2.1. Executing PROC_CLEAN pass (remove empty switches from decision trees).
Cleaned up 0 empty switches.

3.2.2. Executing PROC_RMDEAD pass (remove dead branches from decision trees).
Marked 2 switch rules as full_case in process $proc$results/sv2v_output.v:22$533 in module $paramod$acf5b8aaa55bfe6ee56dddc11c8ff1710533588b\pe.
Removed a total of 0 dead cases.

3.2.3. Executing PROC_PRUNE pass (remove redundant assignments in processes).
Removed 2 redundant assignments.
Promoted 81 assignments to connections.

3.2.4. Executing PROC_INIT pass (extract init attributes).

3.2.5. Executing PROC_ARST pass (detect async resets in processes).
Found async reset \rst_n in `$paramod$acf5b8aaa55bfe6ee56dddc11c8ff1710533588b\pe.$proc$results/sv2v_output.v:22$533'.

3.2.6. Executing PROC_ROM pass (convert switches to ROMs).
Converted 0 switches.
<suppressed ~1 debug messages>

3.2.7. Executing PROC_MUX pass (convert decision trees to multiplexers).
Creating decoders for process `$paramod$acf5b8aaa55bfe6ee56dddc11c8ff1710533588b\pe.$proc$results/sv2v_output.v:22$533'.
     1/3: $0\data_out[7:0]
     2/3: $0\acc_out[127:0]
     3/3: $0\weight_r[7:0]
Creating decoders for process `$paramod$4c30b0cd76f6f564a91870ac5a6260359f064849\pe_col.$proc$results/sv2v_output.v:73$576'.
Creating decoders for process `$paramod$4c30b0cd76f6f564a91870ac5a6260359f064849\pe_col.$proc$results/sv2v_output.v:73$575'.
Creating decoders for process `$paramod$4c30b0cd76f6f564a91870ac5a6260359f064849\pe_col.$proc$results/sv2v_output.v:73$574'.
Creating decoders for process `$paramod$4c30b0cd76f6f564a91870ac5a6260359f064849\pe_col.$proc$results/sv2v_output.v:73$573'.
Creating decoders for process `$paramod$4c30b0cd76f6f564a91870ac5a6260359f064849\pe_col.$proc$results/sv2v_output.v:73$572'.
Creating decoders for process `$paramod$4c30b0cd76f6f564a91870ac5a6260359f064849\pe_col.$proc$results/sv2v_output.v:73$571'.
Creating decoders for process `$paramod$4c30b0cd76f6f564a91870ac5a6260359f064849\pe_col.$proc$results/sv2v_output.v:73$570'.
Creating decoders for process `$paramod$4c30b0cd76f6f564a91870ac5a6260359f064849\pe_col.$proc$results/sv2v_output.v:73$569'.
Creating decoders for process `$paramod$4c30b0cd76f6f564a91870ac5a6260359f064849\pe_col.$proc$results/sv2v_output.v:58$568'.
Creating decoders for process `$paramod$df920be3f327facd96292ed7e3ec0a124528d32f\array.$proc$results/sv2v_output.v:118$531'.
Creating decoders for process `$paramod$df920be3f327facd96292ed7e3ec0a124528d32f\array.$proc$results/sv2v_output.v:118$530'.
Creating decoders for process `$paramod$df920be3f327facd96292ed7e3ec0a124528d32f\array.$proc$results/sv2v_output.v:118$529'.
Creating decoders for process `$paramod$df920be3f327facd96292ed7e3ec0a124528d32f\array.$proc$results/sv2v_output.v:118$528'.
Creating decoders for process `$paramod$df920be3f327facd96292ed7e3ec0a124528d32f\array.$proc$results/sv2v_output.v:118$527'.
Creating decoders for process `$paramod$df920be3f327facd96292ed7e3ec0a124528d32f\array.$proc$results/sv2v_output.v:118$526'.
Creating decoders for process `$paramod$df920be3f327facd96292ed7e3ec0a124528d32f\array.$proc$results/sv2v_output.v:118$525'.
Creating decoders for process `$paramod$df920be3f327facd96292ed7e3ec0a124528d32f\array.$proc$results/sv2v_output.v:118$524'.
Creating decoders for process `$paramod$df920be3f327facd96292ed7e3ec0a124528d32f\array.$proc$results/sv2v_output.v:118$523'.
Creating decoders for process `$paramod$df920be3f327facd96292ed7e3ec0a124528d32f\array.$proc$results/sv2v_output.v:118$522'.
Creating decoders for process `$paramod$df920be3f327facd96292ed7e3ec0a124528d32f\array.$proc$results/sv2v_output.v:118$521'.
Creating decoders for process `$paramod$df920be3f327facd96292ed7e3ec0a124528d32f\array.$proc$results/sv2v_output.v:118$520'.
Creating decoders for process `$paramod$df920be3f327facd96292ed7e3ec0a124528d32f\array.$proc$results/sv2v_output.v:118$519'.
Creating decoders for process `$paramod$df920be3f327facd96292ed7e3ec0a124528d32f\array.$proc$results/sv2v_output.v:118$518'.
Creating decoders for process `$paramod$df920be3f327facd96292ed7e3ec0a124528d32f\array.$proc$results/sv2v_output.v:118$517'.
Creating decoders for process `$paramod$df920be3f327facd96292ed7e3ec0a124528d32f\array.$proc$results/sv2v_output.v:118$516'.
Creating decoders for process `$paramod$df920be3f327facd96292ed7e3ec0a124528d32f\array.$proc$results/sv2v_output.v:118$515'.
Creating decoders for process `$paramod$df920be3f327facd96292ed7e3ec0a124528d32f\array.$proc$results/sv2v_output.v:118$514'.
Creating decoders for process `$paramod$df920be3f327facd96292ed7e3ec0a124528d32f\array.$proc$results/sv2v_output.v:118$513'.
Creating decoders for process `$paramod$df920be3f327facd96292ed7e3ec0a124528d32f\array.$proc$results/sv2v_output.v:118$512'.
Creating decoders for process `$paramod$df920be3f327facd96292ed7e3ec0a124528d32f\array.$proc$results/sv2v_output.v:118$511'.
Creating decoders for process `$paramod$df920be3f327facd96292ed7e3ec0a124528d32f\array.$proc$results/sv2v_output.v:118$510'.
Creating decoders for process `$paramod$df920be3f327facd96292ed7e3ec0a124528d32f\array.$proc$results/sv2v_output.v:118$509'.
Creating decoders for process `$paramod$df920be3f327facd96292ed7e3ec0a124528d32f\array.$proc$results/sv2v_output.v:118$508'.
Creating decoders for process `$paramod$df920be3f327facd96292ed7e3ec0a124528d32f\array.$proc$results/sv2v_output.v:118$507'.
Creating decoders for process `$paramod$df920be3f327facd96292ed7e3ec0a124528d32f\array.$proc$results/sv2v_output.v:118$506'.
Creating decoders for process `$paramod$df920be3f327facd96292ed7e3ec0a124528d32f\array.$proc$results/sv2v_output.v:118$505'.
Creating decoders for process `$paramod$df920be3f327facd96292ed7e3ec0a124528d32f\array.$proc$results/sv2v_output.v:118$504'.
Creating decoders for process `$paramod$df920be3f327facd96292ed7e3ec0a124528d32f\array.$proc$results/sv2v_output.v:118$503'.
Creating decoders for process `$paramod$df920be3f327facd96292ed7e3ec0a124528d32f\array.$proc$results/sv2v_output.v:118$502'.
Creating decoders for process `$paramod$df920be3f327facd96292ed7e3ec0a124528d32f\array.$proc$results/sv2v_output.v:118$501'.
Creating decoders for process `$paramod$df920be3f327facd96292ed7e3ec0a124528d32f\array.$proc$results/sv2v_output.v:118$500'.
Creating decoders for process `$paramod$df920be3f327facd96292ed7e3ec0a124528d32f\array.$proc$results/sv2v_output.v:118$499'.
Creating decoders for process `$paramod$df920be3f327facd96292ed7e3ec0a124528d32f\array.$proc$results/sv2v_output.v:118$498'.
Creating decoders for process `$paramod$df920be3f327facd96292ed7e3ec0a124528d32f\array.$proc$results/sv2v_output.v:118$497'.
Creating decoders for process `$paramod$df920be3f327facd96292ed7e3ec0a124528d32f\array.$proc$results/sv2v_output.v:118$496'.
Creating decoders for process `$paramod$df920be3f327facd96292ed7e3ec0a124528d32f\array.$proc$results/sv2v_output.v:118$495'.
Creating decoders for process `$paramod$df920be3f327facd96292ed7e3ec0a124528d32f\array.$proc$results/sv2v_output.v:118$494'.
Creating decoders for process `$paramod$df920be3f327facd96292ed7e3ec0a124528d32f\array.$proc$results/sv2v_output.v:118$493'.
Creating decoders for process `$paramod$df920be3f327facd96292ed7e3ec0a124528d32f\array.$proc$results/sv2v_output.v:118$492'.
Creating decoders for process `$paramod$df920be3f327facd96292ed7e3ec0a124528d32f\array.$proc$results/sv2v_output.v:118$491'.
Creating decoders for process `$paramod$df920be3f327facd96292ed7e3ec0a124528d32f\array.$proc$results/sv2v_output.v:118$490'.
Creating decoders for process `$paramod$df920be3f327facd96292ed7e3ec0a124528d32f\array.$proc$results/sv2v_output.v:118$489'.
Creating decoders for process `$paramod$df920be3f327facd96292ed7e3ec0a124528d32f\array.$proc$results/sv2v_output.v:118$488'.
Creating decoders for process `$paramod$df920be3f327facd96292ed7e3ec0a124528d32f\array.$proc$results/sv2v_output.v:118$487'.
Creating decoders for process `$paramod$df920be3f327facd96292ed7e3ec0a124528d32f\array.$proc$results/sv2v_output.v:118$486'.
Creating decoders for process `$paramod$df920be3f327facd96292ed7e3ec0a124528d32f\array.$proc$results/sv2v_output.v:118$485'.
Creating decoders for process `$paramod$df920be3f327facd96292ed7e3ec0a124528d32f\array.$proc$results/sv2v_output.v:118$484'.
Creating decoders for process `$paramod$df920be3f327facd96292ed7e3ec0a124528d32f\array.$proc$results/sv2v_output.v:118$483'.
Creating decoders for process `$paramod$df920be3f327facd96292ed7e3ec0a124528d32f\array.$proc$results/sv2v_output.v:118$482'.
Creating decoders for process `$paramod$df920be3f327facd96292ed7e3ec0a124528d32f\array.$proc$results/sv2v_output.v:118$481'.
Creating decoders for process `$paramod$df920be3f327facd96292ed7e3ec0a124528d32f\array.$proc$results/sv2v_output.v:118$480'.
Creating decoders for process `$paramod$df920be3f327facd96292ed7e3ec0a124528d32f\array.$proc$results/sv2v_output.v:118$479'.
Creating decoders for process `$paramod$df920be3f327facd96292ed7e3ec0a124528d32f\array.$proc$results/sv2v_output.v:118$478'.
Creating decoders for process `$paramod$df920be3f327facd96292ed7e3ec0a124528d32f\array.$proc$results/sv2v_output.v:118$477'.
Creating decoders for process `$paramod$df920be3f327facd96292ed7e3ec0a124528d32f\array.$proc$results/sv2v_output.v:118$476'.
Creating decoders for process `$paramod$df920be3f327facd96292ed7e3ec0a124528d32f\array.$proc$results/sv2v_output.v:118$475'.
Creating decoders for process `$paramod$df920be3f327facd96292ed7e3ec0a124528d32f\array.$proc$results/sv2v_output.v:118$474'.
Creating decoders for process `$paramod$df920be3f327facd96292ed7e3ec0a124528d32f\array.$proc$results/sv2v_output.v:118$473'.
Creating decoders for process `$paramod$df920be3f327facd96292ed7e3ec0a124528d32f\array.$proc$results/sv2v_output.v:118$472'.
Creating decoders for process `$paramod$df920be3f327facd96292ed7e3ec0a124528d32f\array.$proc$results/sv2v_output.v:118$471'.
Creating decoders for process `$paramod$df920be3f327facd96292ed7e3ec0a124528d32f\array.$proc$results/sv2v_output.v:118$470'.
Creating decoders for process `$paramod$df920be3f327facd96292ed7e3ec0a124528d32f\array.$proc$results/sv2v_output.v:118$469'.
Creating decoders for process `$paramod$df920be3f327facd96292ed7e3ec0a124528d32f\array.$proc$results/sv2v_output.v:118$468'.
Creating decoders for process `$paramod$df920be3f327facd96292ed7e3ec0a124528d32f\array.$proc$results/sv2v_output.v:104$467'.
Creating decoders for process `$paramod$df920be3f327facd96292ed7e3ec0a124528d32f\array.$proc$results/sv2v_output.v:104$466'.
Creating decoders for process `$paramod$df920be3f327facd96292ed7e3ec0a124528d32f\array.$proc$results/sv2v_output.v:104$465'.
Creating decoders for process `$paramod$df920be3f327facd96292ed7e3ec0a124528d32f\array.$proc$results/sv2v_output.v:104$464'.
Creating decoders for process `$paramod$df920be3f327facd96292ed7e3ec0a124528d32f\array.$proc$results/sv2v_output.v:104$463'.
Creating decoders for process `$paramod$df920be3f327facd96292ed7e3ec0a124528d32f\array.$proc$results/sv2v_output.v:104$462'.
Creating decoders for process `$paramod$df920be3f327facd96292ed7e3ec0a124528d32f\array.$proc$results/sv2v_output.v:104$461'.
Creating decoders for process `$paramod$df920be3f327facd96292ed7e3ec0a124528d32f\array.$proc$results/sv2v_output.v:104$460'.

3.2.8. Executing PROC_DLATCH pass (convert process syncs to latches).
No latch inferred for signal `$paramod$4c30b0cd76f6f564a91870ac5a6260359f064849\pe_col.\acc_wire[8]' from process `$paramod$4c30b0cd76f6f564a91870ac5a6260359f064849\pe_col.$proc$results/sv2v_output.v:73$576'.
No latch inferred for signal `$paramod$4c30b0cd76f6f564a91870ac5a6260359f064849\pe_col.\acc_wire[7]' from process `$paramod$4c30b0cd76f6f564a91870ac5a6260359f064849\pe_col.$proc$results/sv2v_output.v:73$575'.
No latch inferred for signal `$paramod$4c30b0cd76f6f564a91870ac5a6260359f064849\pe_col.\acc_wire[6]' from process `$paramod$4c30b0cd76f6f564a91870ac5a6260359f064849\pe_col.$proc$results/sv2v_output.v:73$574'.
No latch inferred for signal `$paramod$4c30b0cd76f6f564a91870ac5a6260359f064849\pe_col.\acc_wire[5]' from process `$paramod$4c30b0cd76f6f564a91870ac5a6260359f064849\pe_col.$proc$results/sv2v_output.v:73$573'.
No latch inferred for signal `$paramod$4c30b0cd76f6f564a91870ac5a6260359f064849\pe_col.\acc_wire[4]' from process `$paramod$4c30b0cd76f6f564a91870ac5a6260359f064849\pe_col.$proc$results/sv2v_output.v:73$572'.
No latch inferred for signal `$paramod$4c30b0cd76f6f564a91870ac5a6260359f064849\pe_col.\acc_wire[3]' from process `$paramod$4c30b0cd76f6f564a91870ac5a6260359f064849\pe_col.$proc$results/sv2v_output.v:73$571'.
No latch inferred for signal `$paramod$4c30b0cd76f6f564a91870ac5a6260359f064849\pe_col.\acc_wire[2]' from process `$paramod$4c30b0cd76f6f564a91870ac5a6260359f064849\pe_col.$proc$results/sv2v_output.v:73$570'.
No latch inferred for signal `$paramod$4c30b0cd76f6f564a91870ac5a6260359f064849\pe_col.\acc_wire[1]' from process `$paramod$4c30b0cd76f6f564a91870ac5a6260359f064849\pe_col.$proc$results/sv2v_output.v:73$569'.
No latch inferred for signal `$paramod$4c30b0cd76f6f564a91870ac5a6260359f064849\pe_col.\acc_wire[0]' from process `$paramod$4c30b0cd76f6f564a91870ac5a6260359f064849\pe_col.$proc$results/sv2v_output.v:58$568'.
No latch inferred for signal `$paramod$df920be3f327facd96292ed7e3ec0a124528d32f\array.\data_wire[71]' from process `$paramod$df920be3f327facd96292ed7e3ec0a124528d32f\array.$proc$results/sv2v_output.v:118$531'.
No latch inferred for signal `$paramod$df920be3f327facd96292ed7e3ec0a124528d32f\array.\data_wire[70]' from process `$paramod$df920be3f327facd96292ed7e3ec0a124528d32f\array.$proc$results/sv2v_output.v:118$530'.
No latch inferred for signal `$paramod$df920be3f327facd96292ed7e3ec0a124528d32f\array.\data_wire[69]' from process `$paramod$df920be3f327facd96292ed7e3ec0a124528d32f\array.$proc$results/sv2v_output.v:118$529'.
No latch inferred for signal `$paramod$df920be3f327facd96292ed7e3ec0a124528d32f\array.\data_wire[68]' from process `$paramod$df920be3f327facd96292ed7e3ec0a124528d32f\array.$proc$results/sv2v_output.v:118$528'.
No latch inferred for signal `$paramod$df920be3f327facd96292ed7e3ec0a124528d32f\array.\data_wire[67]' from process `$paramod$df920be3f327facd96292ed7e3ec0a124528d32f\array.$proc$results/sv2v_output.v:118$527'.
No latch inferred for signal `$paramod$df920be3f327facd96292ed7e3ec0a124528d32f\array.\data_wire[66]' from process `$paramod$df920be3f327facd96292ed7e3ec0a124528d32f\array.$proc$results/sv2v_output.v:118$526'.
No latch inferred for signal `$paramod$df920be3f327facd96292ed7e3ec0a124528d32f\array.\data_wire[65]' from process `$paramod$df920be3f327facd96292ed7e3ec0a124528d32f\array.$proc$results/sv2v_output.v:118$525'.
No latch inferred for signal `$paramod$df920be3f327facd96292ed7e3ec0a124528d32f\array.\data_wire[64]' from process `$paramod$df920be3f327facd96292ed7e3ec0a124528d32f\array.$proc$results/sv2v_output.v:118$524'.
No latch inferred for signal `$paramod$df920be3f327facd96292ed7e3ec0a124528d32f\array.\data_wire[63]' from process `$paramod$df920be3f327facd96292ed7e3ec0a124528d32f\array.$proc$results/sv2v_output.v:118$523'.
No latch inferred for signal `$paramod$df920be3f327facd96292ed7e3ec0a124528d32f\array.\data_wire[62]' from process `$paramod$df920be3f327facd96292ed7e3ec0a124528d32f\array.$proc$results/sv2v_output.v:118$522'.
No latch inferred for signal `$paramod$df920be3f327facd96292ed7e3ec0a124528d32f\array.\data_wire[61]' from process `$paramod$df920be3f327facd96292ed7e3ec0a124528d32f\array.$proc$results/sv2v_output.v:118$521'.
No latch inferred for signal `$paramod$df920be3f327facd96292ed7e3ec0a124528d32f\array.\data_wire[60]' from process `$paramod$df920be3f327facd96292ed7e3ec0a124528d32f\array.$proc$results/sv2v_output.v:118$520'.
No latch inferred for signal `$paramod$df920be3f327facd96292ed7e3ec0a124528d32f\array.\data_wire[59]' from process `$paramod$df920be3f327facd96292ed7e3ec0a124528d32f\array.$proc$results/sv2v_output.v:118$519'.
No latch inferred for signal `$paramod$df920be3f327facd96292ed7e3ec0a124528d32f\array.\data_wire[58]' from process `$paramod$df920be3f327facd96292ed7e3ec0a124528d32f\array.$proc$results/sv2v_output.v:118$518'.
No latch inferred for signal `$paramod$df920be3f327facd96292ed7e3ec0a124528d32f\array.\data_wire[57]' from process `$paramod$df920be3f327facd96292ed7e3ec0a124528d32f\array.$proc$results/sv2v_output.v:118$517'.
No latch inferred for signal `$paramod$df920be3f327facd96292ed7e3ec0a124528d32f\array.\data_wire[56]' from process `$paramod$df920be3f327facd96292ed7e3ec0a124528d32f\array.$proc$results/sv2v_output.v:118$516'.
No latch inferred for signal `$paramod$df920be3f327facd96292ed7e3ec0a124528d32f\array.\data_wire[55]' from process `$paramod$df920be3f327facd96292ed7e3ec0a124528d32f\array.$proc$results/sv2v_output.v:118$515'.
No latch inferred for signal `$paramod$df920be3f327facd96292ed7e3ec0a124528d32f\array.\data_wire[54]' from process `$paramod$df920be3f327facd96292ed7e3ec0a124528d32f\array.$proc$results/sv2v_output.v:118$514'.
No latch inferred for signal `$paramod$df920be3f327facd96292ed7e3ec0a124528d32f\array.\data_wire[53]' from process `$paramod$df920be3f327facd96292ed7e3ec0a124528d32f\array.$proc$results/sv2v_output.v:118$513'.
No latch inferred for signal `$paramod$df920be3f327facd96292ed7e3ec0a124528d32f\array.\data_wire[52]' from process `$paramod$df920be3f327facd96292ed7e3ec0a124528d32f\array.$proc$results/sv2v_output.v:118$512'.
No latch inferred for signal `$paramod$df920be3f327facd96292ed7e3ec0a124528d32f\array.\data_wire[51]' from process `$paramod$df920be3f327facd96292ed7e3ec0a124528d32f\array.$proc$results/sv2v_output.v:118$511'.
No latch inferred for signal `$paramod$df920be3f327facd96292ed7e3ec0a124528d32f\array.\data_wire[50]' from process `$paramod$df920be3f327facd96292ed7e3ec0a124528d32f\array.$proc$results/sv2v_output.v:118$510'.
No latch inferred for signal `$paramod$df920be3f327facd96292ed7e3ec0a124528d32f\array.\data_wire[49]' from process `$paramod$df920be3f327facd96292ed7e3ec0a124528d32f\array.$proc$results/sv2v_output.v:118$509'.
No latch inferred for signal `$paramod$df920be3f327facd96292ed7e3ec0a124528d32f\array.\data_wire[48]' from process `$paramod$df920be3f327facd96292ed7e3ec0a124528d32f\array.$proc$results/sv2v_output.v:118$508'.
No latch inferred for signal `$paramod$df920be3f327facd96292ed7e3ec0a124528d32f\array.\data_wire[47]' from process `$paramod$df920be3f327facd96292ed7e3ec0a124528d32f\array.$proc$results/sv2v_output.v:118$507'.
No latch inferred for signal `$paramod$df920be3f327facd96292ed7e3ec0a124528d32f\array.\data_wire[46]' from process `$paramod$df920be3f327facd96292ed7e3ec0a124528d32f\array.$proc$results/sv2v_output.v:118$506'.
No latch inferred for signal `$paramod$df920be3f327facd96292ed7e3ec0a124528d32f\array.\data_wire[45]' from process `$paramod$df920be3f327facd96292ed7e3ec0a124528d32f\array.$proc$results/sv2v_output.v:118$505'.
No latch inferred for signal `$paramod$df920be3f327facd96292ed7e3ec0a124528d32f\array.\data_wire[44]' from process `$paramod$df920be3f327facd96292ed7e3ec0a124528d32f\array.$proc$results/sv2v_output.v:118$504'.
No latch inferred for signal `$paramod$df920be3f327facd96292ed7e3ec0a124528d32f\array.\data_wire[43]' from process `$paramod$df920be3f327facd96292ed7e3ec0a124528d32f\array.$proc$results/sv2v_output.v:118$503'.
No latch inferred for signal `$paramod$df920be3f327facd96292ed7e3ec0a124528d32f\array.\data_wire[42]' from process `$paramod$df920be3f327facd96292ed7e3ec0a124528d32f\array.$proc$results/sv2v_output.v:118$502'.
No latch inferred for signal `$paramod$df920be3f327facd96292ed7e3ec0a124528d32f\array.\data_wire[41]' from process `$paramod$df920be3f327facd96292ed7e3ec0a124528d32f\array.$proc$results/sv2v_output.v:118$501'.
No latch inferred for signal `$paramod$df920be3f327facd96292ed7e3ec0a124528d32f\array.\data_wire[40]' from process `$paramod$df920be3f327facd96292ed7e3ec0a124528d32f\array.$proc$results/sv2v_output.v:118$500'.
No latch inferred for signal `$paramod$df920be3f327facd96292ed7e3ec0a124528d32f\array.\data_wire[39]' from process `$paramod$df920be3f327facd96292ed7e3ec0a124528d32f\array.$proc$results/sv2v_output.v:118$499'.
No latch inferred for signal `$paramod$df920be3f327facd96292ed7e3ec0a124528d32f\array.\data_wire[38]' from process `$paramod$df920be3f327facd96292ed7e3ec0a124528d32f\array.$proc$results/sv2v_output.v:118$498'.
No latch inferred for signal `$paramod$df920be3f327facd96292ed7e3ec0a124528d32f\array.\data_wire[37]' from process `$paramod$df920be3f327facd96292ed7e3ec0a124528d32f\array.$proc$results/sv2v_output.v:118$497'.
No latch inferred for signal `$paramod$df920be3f327facd96292ed7e3ec0a124528d32f\array.\data_wire[36]' from process `$paramod$df920be3f327facd96292ed7e3ec0a124528d32f\array.$proc$results/sv2v_output.v:118$496'.
No latch inferred for signal `$paramod$df920be3f327facd96292ed7e3ec0a124528d32f\array.\data_wire[35]' from process `$paramod$df920be3f327facd96292ed7e3ec0a124528d32f\array.$proc$results/sv2v_output.v:118$495'.
No latch inferred for signal `$paramod$df920be3f327facd96292ed7e3ec0a124528d32f\array.\data_wire[34]' from process `$paramod$df920be3f327facd96292ed7e3ec0a124528d32f\array.$proc$results/sv2v_output.v:118$494'.
No latch inferred for signal `$paramod$df920be3f327facd96292ed7e3ec0a124528d32f\array.\data_wire[33]' from process `$paramod$df920be3f327facd96292ed7e3ec0a124528d32f\array.$proc$results/sv2v_output.v:118$493'.
No latch inferred for signal `$paramod$df920be3f327facd96292ed7e3ec0a124528d32f\array.\data_wire[32]' from process `$paramod$df920be3f327facd96292ed7e3ec0a124528d32f\array.$proc$results/sv2v_output.v:118$492'.
No latch inferred for signal `$paramod$df920be3f327facd96292ed7e3ec0a124528d32f\array.\data_wire[31]' from process `$paramod$df920be3f327facd96292ed7e3ec0a124528d32f\array.$proc$results/sv2v_output.v:118$491'.
No latch inferred for signal `$paramod$df920be3f327facd96292ed7e3ec0a124528d32f\array.\data_wire[30]' from process `$paramod$df920be3f327facd96292ed7e3ec0a124528d32f\array.$proc$results/sv2v_output.v:118$490'.
No latch inferred for signal `$paramod$df920be3f327facd96292ed7e3ec0a124528d32f\array.\data_wire[29]' from process `$paramod$df920be3f327facd96292ed7e3ec0a124528d32f\array.$proc$results/sv2v_output.v:118$489'.
No latch inferred for signal `$paramod$df920be3f327facd96292ed7e3ec0a124528d32f\array.\data_wire[28]' from process `$paramod$df920be3f327facd96292ed7e3ec0a124528d32f\array.$proc$results/sv2v_output.v:118$488'.
No latch inferred for signal `$paramod$df920be3f327facd96292ed7e3ec0a124528d32f\array.\data_wire[27]' from process `$paramod$df920be3f327facd96292ed7e3ec0a124528d32f\array.$proc$results/sv2v_output.v:118$487'.
No latch inferred for signal `$paramod$df920be3f327facd96292ed7e3ec0a124528d32f\array.\data_wire[26]' from process `$paramod$df920be3f327facd96292ed7e3ec0a124528d32f\array.$proc$results/sv2v_output.v:118$486'.
No latch inferred for signal `$paramod$df920be3f327facd96292ed7e3ec0a124528d32f\array.\data_wire[25]' from process `$paramod$df920be3f327facd96292ed7e3ec0a124528d32f\array.$proc$results/sv2v_output.v:118$485'.
No latch inferred for signal `$paramod$df920be3f327facd96292ed7e3ec0a124528d32f\array.\data_wire[24]' from process `$paramod$df920be3f327facd96292ed7e3ec0a124528d32f\array.$proc$results/sv2v_output.v:118$484'.
No latch inferred for signal `$paramod$df920be3f327facd96292ed7e3ec0a124528d32f\array.\data_wire[23]' from process `$paramod$df920be3f327facd96292ed7e3ec0a124528d32f\array.$proc$results/sv2v_output.v:118$483'.
No latch inferred for signal `$paramod$df920be3f327facd96292ed7e3ec0a124528d32f\array.\data_wire[22]' from process `$paramod$df920be3f327facd96292ed7e3ec0a124528d32f\array.$proc$results/sv2v_output.v:118$482'.
No latch inferred for signal `$paramod$df920be3f327facd96292ed7e3ec0a124528d32f\array.\data_wire[21]' from process `$paramod$df920be3f327facd96292ed7e3ec0a124528d32f\array.$proc$results/sv2v_output.v:118$481'.
No latch inferred for signal `$paramod$df920be3f327facd96292ed7e3ec0a124528d32f\array.\data_wire[20]' from process `$paramod$df920be3f327facd96292ed7e3ec0a124528d32f\array.$proc$results/sv2v_output.v:118$480'.
No latch inferred for signal `$paramod$df920be3f327facd96292ed7e3ec0a124528d32f\array.\data_wire[19]' from process `$paramod$df920be3f327facd96292ed7e3ec0a124528d32f\array.$proc$results/sv2v_output.v:118$479'.
No latch inferred for signal `$paramod$df920be3f327facd96292ed7e3ec0a124528d32f\array.\data_wire[18]' from process `$paramod$df920be3f327facd96292ed7e3ec0a124528d32f\array.$proc$results/sv2v_output.v:118$478'.
No latch inferred for signal `$paramod$df920be3f327facd96292ed7e3ec0a124528d32f\array.\data_wire[17]' from process `$paramod$df920be3f327facd96292ed7e3ec0a124528d32f\array.$proc$results/sv2v_output.v:118$477'.
No latch inferred for signal `$paramod$df920be3f327facd96292ed7e3ec0a124528d32f\array.\data_wire[16]' from process `$paramod$df920be3f327facd96292ed7e3ec0a124528d32f\array.$proc$results/sv2v_output.v:118$476'.
No latch inferred for signal `$paramod$df920be3f327facd96292ed7e3ec0a124528d32f\array.\data_wire[15]' from process `$paramod$df920be3f327facd96292ed7e3ec0a124528d32f\array.$proc$results/sv2v_output.v:118$475'.
No latch inferred for signal `$paramod$df920be3f327facd96292ed7e3ec0a124528d32f\array.\data_wire[14]' from process `$paramod$df920be3f327facd96292ed7e3ec0a124528d32f\array.$proc$results/sv2v_output.v:118$474'.
No latch inferred for signal `$paramod$df920be3f327facd96292ed7e3ec0a124528d32f\array.\data_wire[13]' from process `$paramod$df920be3f327facd96292ed7e3ec0a124528d32f\array.$proc$results/sv2v_output.v:118$473'.
No latch inferred for signal `$paramod$df920be3f327facd96292ed7e3ec0a124528d32f\array.\data_wire[12]' from process `$paramod$df920be3f327facd96292ed7e3ec0a124528d32f\array.$proc$results/sv2v_output.v:118$472'.
No latch inferred for signal `$paramod$df920be3f327facd96292ed7e3ec0a124528d32f\array.\data_wire[11]' from process `$paramod$df920be3f327facd96292ed7e3ec0a124528d32f\array.$proc$results/sv2v_output.v:118$471'.
No latch inferred for signal `$paramod$df920be3f327facd96292ed7e3ec0a124528d32f\array.\data_wire[10]' from process `$paramod$df920be3f327facd96292ed7e3ec0a124528d32f\array.$proc$results/sv2v_output.v:118$470'.
No latch inferred for signal `$paramod$df920be3f327facd96292ed7e3ec0a124528d32f\array.\data_wire[9]' from process `$paramod$df920be3f327facd96292ed7e3ec0a124528d32f\array.$proc$results/sv2v_output.v:118$469'.
No latch inferred for signal `$paramod$df920be3f327facd96292ed7e3ec0a124528d32f\array.\data_wire[8]' from process `$paramod$df920be3f327facd96292ed7e3ec0a124528d32f\array.$proc$results/sv2v_output.v:118$468'.
No latch inferred for signal `$paramod$df920be3f327facd96292ed7e3ec0a124528d32f\array.\data_wire[7]' from process `$paramod$df920be3f327facd96292ed7e3ec0a124528d32f\array.$proc$results/sv2v_output.v:104$467'.
No latch inferred for signal `$paramod$df920be3f327facd96292ed7e3ec0a124528d32f\array.\data_wire[6]' from process `$paramod$df920be3f327facd96292ed7e3ec0a124528d32f\array.$proc$results/sv2v_output.v:104$466'.
No latch inferred for signal `$paramod$df920be3f327facd96292ed7e3ec0a124528d32f\array.\data_wire[5]' from process `$paramod$df920be3f327facd96292ed7e3ec0a124528d32f\array.$proc$results/sv2v_output.v:104$465'.
No latch inferred for signal `$paramod$df920be3f327facd96292ed7e3ec0a124528d32f\array.\data_wire[4]' from process `$paramod$df920be3f327facd96292ed7e3ec0a124528d32f\array.$proc$results/sv2v_output.v:104$464'.
No latch inferred for signal `$paramod$df920be3f327facd96292ed7e3ec0a124528d32f\array.\data_wire[3]' from process `$paramod$df920be3f327facd96292ed7e3ec0a124528d32f\array.$proc$results/sv2v_output.v:104$463'.
No latch inferred for signal `$paramod$df920be3f327facd96292ed7e3ec0a124528d32f\array.\data_wire[2]' from process `$paramod$df920be3f327facd96292ed7e3ec0a124528d32f\array.$proc$results/sv2v_output.v:104$462'.
No latch inferred for signal `$paramod$df920be3f327facd96292ed7e3ec0a124528d32f\array.\data_wire[1]' from process `$paramod$df920be3f327facd96292ed7e3ec0a124528d32f\array.$proc$results/sv2v_output.v:104$461'.
No latch inferred for signal `$paramod$df920be3f327facd96292ed7e3ec0a124528d32f\array.\data_wire[0]' from process `$paramod$df920be3f327facd96292ed7e3ec0a124528d32f\array.$proc$results/sv2v_output.v:104$460'.

3.2.9. Executing PROC_DFF pass (convert process syncs to FFs).
Creating register for signal `$paramod$acf5b8aaa55bfe6ee56dddc11c8ff1710533588b\pe.\data_out' using process `$paramod$acf5b8aaa55bfe6ee56dddc11c8ff1710533588b\pe.$proc$results/sv2v_output.v:22$533'.
  created $adff cell `$procdff$590' with positive edge clock and positive level reset.
Creating register for signal `$paramod$acf5b8aaa55bfe6ee56dddc11c8ff1710533588b\pe.\acc_out' using process `$paramod$acf5b8aaa55bfe6ee56dddc11c8ff1710533588b\pe.$proc$results/sv2v_output.v:22$533'.
  created $adff cell `$procdff$595' with positive edge clock and positive level reset.
Creating register for signal `$paramod$acf5b8aaa55bfe6ee56dddc11c8ff1710533588b\pe.\weight_r' using process `$paramod$acf5b8aaa55bfe6ee56dddc11c8ff1710533588b\pe.$proc$results/sv2v_output.v:22$533'.
  created $adff cell `$procdff$600' with positive edge clock and positive level reset.

3.2.10. Executing PROC_MEMWR pass (convert process memory writes to cells).

3.2.11. Executing PROC_CLEAN pass (remove empty switches from decision trees).
Found and cleaned up 1 empty switch in `$paramod$acf5b8aaa55bfe6ee56dddc11c8ff1710533588b\pe.$proc$results/sv2v_output.v:22$533'.
Removing empty process `$paramod$acf5b8aaa55bfe6ee56dddc11c8ff1710533588b\pe.$proc$results/sv2v_output.v:22$533'.
Removing empty process `$paramod$4c30b0cd76f6f564a91870ac5a6260359f064849\pe_col.$proc$results/sv2v_output.v:73$576'.
Removing empty process `$paramod$4c30b0cd76f6f564a91870ac5a6260359f064849\pe_col.$proc$results/sv2v_output.v:73$575'.
Removing empty process `$paramod$4c30b0cd76f6f564a91870ac5a6260359f064849\pe_col.$proc$results/sv2v_output.v:73$574'.
Removing empty process `$paramod$4c30b0cd76f6f564a91870ac5a6260359f064849\pe_col.$proc$results/sv2v_output.v:73$573'.
Removing empty process `$paramod$4c30b0cd76f6f564a91870ac5a6260359f064849\pe_col.$proc$results/sv2v_output.v:73$572'.
Removing empty process `$paramod$4c30b0cd76f6f564a91870ac5a6260359f064849\pe_col.$proc$results/sv2v_output.v:73$571'.
Removing empty process `$paramod$4c30b0cd76f6f564a91870ac5a6260359f064849\pe_col.$proc$results/sv2v_output.v:73$570'.
Removing empty process `$paramod$4c30b0cd76f6f564a91870ac5a6260359f064849\pe_col.$proc$results/sv2v_output.v:73$569'.
Removing empty process `$paramod$4c30b0cd76f6f564a91870ac5a6260359f064849\pe_col.$proc$results/sv2v_output.v:58$568'.
Removing empty process `$paramod$df920be3f327facd96292ed7e3ec0a124528d32f\array.$proc$results/sv2v_output.v:118$531'.
Removing empty process `$paramod$df920be3f327facd96292ed7e3ec0a124528d32f\array.$proc$results/sv2v_output.v:118$530'.
Removing empty process `$paramod$df920be3f327facd96292ed7e3ec0a124528d32f\array.$proc$results/sv2v_output.v:118$529'.
Removing empty process `$paramod$df920be3f327facd96292ed7e3ec0a124528d32f\array.$proc$results/sv2v_output.v:118$528'.
Removing empty process `$paramod$df920be3f327facd96292ed7e3ec0a124528d32f\array.$proc$results/sv2v_output.v:118$527'.
Removing empty process `$paramod$df920be3f327facd96292ed7e3ec0a124528d32f\array.$proc$results/sv2v_output.v:118$526'.
Removing empty process `$paramod$df920be3f327facd96292ed7e3ec0a124528d32f\array.$proc$results/sv2v_output.v:118$525'.
Removing empty process `$paramod$df920be3f327facd96292ed7e3ec0a124528d32f\array.$proc$results/sv2v_output.v:118$524'.
Removing empty process `$paramod$df920be3f327facd96292ed7e3ec0a124528d32f\array.$proc$results/sv2v_output.v:118$523'.
Removing empty process `$paramod$df920be3f327facd96292ed7e3ec0a124528d32f\array.$proc$results/sv2v_output.v:118$522'.
Removing empty process `$paramod$df920be3f327facd96292ed7e3ec0a124528d32f\array.$proc$results/sv2v_output.v:118$521'.
Removing empty process `$paramod$df920be3f327facd96292ed7e3ec0a124528d32f\array.$proc$results/sv2v_output.v:118$520'.
Removing empty process `$paramod$df920be3f327facd96292ed7e3ec0a124528d32f\array.$proc$results/sv2v_output.v:118$519'.
Removing empty process `$paramod$df920be3f327facd96292ed7e3ec0a124528d32f\array.$proc$results/sv2v_output.v:118$518'.
Removing empty process `$paramod$df920be3f327facd96292ed7e3ec0a124528d32f\array.$proc$results/sv2v_output.v:118$517'.
Removing empty process `$paramod$df920be3f327facd96292ed7e3ec0a124528d32f\array.$proc$results/sv2v_output.v:118$516'.
Removing empty process `$paramod$df920be3f327facd96292ed7e3ec0a124528d32f\array.$proc$results/sv2v_output.v:118$515'.
Removing empty process `$paramod$df920be3f327facd96292ed7e3ec0a124528d32f\array.$proc$results/sv2v_output.v:118$514'.
Removing empty process `$paramod$df920be3f327facd96292ed7e3ec0a124528d32f\array.$proc$results/sv2v_output.v:118$513'.
Removing empty process `$paramod$df920be3f327facd96292ed7e3ec0a124528d32f\array.$proc$results/sv2v_output.v:118$512'.
Removing empty process `$paramod$df920be3f327facd96292ed7e3ec0a124528d32f\array.$proc$results/sv2v_output.v:118$511'.
Removing empty process `$paramod$df920be3f327facd96292ed7e3ec0a124528d32f\array.$proc$results/sv2v_output.v:118$510'.
Removing empty process `$paramod$df920be3f327facd96292ed7e3ec0a124528d32f\array.$proc$results/sv2v_output.v:118$509'.
Removing empty process `$paramod$df920be3f327facd96292ed7e3ec0a124528d32f\array.$proc$results/sv2v_output.v:118$508'.
Removing empty process `$paramod$df920be3f327facd96292ed7e3ec0a124528d32f\array.$proc$results/sv2v_output.v:118$507'.
Removing empty process `$paramod$df920be3f327facd96292ed7e3ec0a124528d32f\array.$proc$results/sv2v_output.v:118$506'.
Removing empty process `$paramod$df920be3f327facd96292ed7e3ec0a124528d32f\array.$proc$results/sv2v_output.v:118$505'.
Removing empty process `$paramod$df920be3f327facd96292ed7e3ec0a124528d32f\array.$proc$results/sv2v_output.v:118$504'.
Removing empty process `$paramod$df920be3f327facd96292ed7e3ec0a124528d32f\array.$proc$results/sv2v_output.v:118$503'.
Removing empty process `$paramod$df920be3f327facd96292ed7e3ec0a124528d32f\array.$proc$results/sv2v_output.v:118$502'.
Removing empty process `$paramod$df920be3f327facd96292ed7e3ec0a124528d32f\array.$proc$results/sv2v_output.v:118$501'.
Removing empty process `$paramod$df920be3f327facd96292ed7e3ec0a124528d32f\array.$proc$results/sv2v_output.v:118$500'.
Removing empty process `$paramod$df920be3f327facd96292ed7e3ec0a124528d32f\array.$proc$results/sv2v_output.v:118$499'.
Removing empty process `$paramod$df920be3f327facd96292ed7e3ec0a124528d32f\array.$proc$results/sv2v_output.v:118$498'.
Removing empty process `$paramod$df920be3f327facd96292ed7e3ec0a124528d32f\array.$proc$results/sv2v_output.v:118$497'.
Removing empty process `$paramod$df920be3f327facd96292ed7e3ec0a124528d32f\array.$proc$results/sv2v_output.v:118$496'.
Removing empty process `$paramod$df920be3f327facd96292ed7e3ec0a124528d32f\array.$proc$results/sv2v_output.v:118$495'.
Removing empty process `$paramod$df920be3f327facd96292ed7e3ec0a124528d32f\array.$proc$results/sv2v_output.v:118$494'.
Removing empty process `$paramod$df920be3f327facd96292ed7e3ec0a124528d32f\array.$proc$results/sv2v_output.v:118$493'.
Removing empty process `$paramod$df920be3f327facd96292ed7e3ec0a124528d32f\array.$proc$results/sv2v_output.v:118$492'.
Removing empty process `$paramod$df920be3f327facd96292ed7e3ec0a124528d32f\array.$proc$results/sv2v_output.v:118$491'.
Removing empty process `$paramod$df920be3f327facd96292ed7e3ec0a124528d32f\array.$proc$results/sv2v_output.v:118$490'.
Removing empty process `$paramod$df920be3f327facd96292ed7e3ec0a124528d32f\array.$proc$results/sv2v_output.v:118$489'.
Removing empty process `$paramod$df920be3f327facd96292ed7e3ec0a124528d32f\array.$proc$results/sv2v_output.v:118$488'.
Removing empty process `$paramod$df920be3f327facd96292ed7e3ec0a124528d32f\array.$proc$results/sv2v_output.v:118$487'.
Removing empty process `$paramod$df920be3f327facd96292ed7e3ec0a124528d32f\array.$proc$results/sv2v_output.v:118$486'.
Removing empty process `$paramod$df920be3f327facd96292ed7e3ec0a124528d32f\array.$proc$results/sv2v_output.v:118$485'.
Removing empty process `$paramod$df920be3f327facd96292ed7e3ec0a124528d32f\array.$proc$results/sv2v_output.v:118$484'.
Removing empty process `$paramod$df920be3f327facd96292ed7e3ec0a124528d32f\array.$proc$results/sv2v_output.v:118$483'.
Removing empty process `$paramod$df920be3f327facd96292ed7e3ec0a124528d32f\array.$proc$results/sv2v_output.v:118$482'.
Removing empty process `$paramod$df920be3f327facd96292ed7e3ec0a124528d32f\array.$proc$results/sv2v_output.v:118$481'.
Removing empty process `$paramod$df920be3f327facd96292ed7e3ec0a124528d32f\array.$proc$results/sv2v_output.v:118$480'.
Removing empty process `$paramod$df920be3f327facd96292ed7e3ec0a124528d32f\array.$proc$results/sv2v_output.v:118$479'.
Removing empty process `$paramod$df920be3f327facd96292ed7e3ec0a124528d32f\array.$proc$results/sv2v_output.v:118$478'.
Removing empty process `$paramod$df920be3f327facd96292ed7e3ec0a124528d32f\array.$proc$results/sv2v_output.v:118$477'.
Removing empty process `$paramod$df920be3f327facd96292ed7e3ec0a124528d32f\array.$proc$results/sv2v_output.v:118$476'.
Removing empty process `$paramod$df920be3f327facd96292ed7e3ec0a124528d32f\array.$proc$results/sv2v_output.v:118$475'.
Removing empty process `$paramod$df920be3f327facd96292ed7e3ec0a124528d32f\array.$proc$results/sv2v_output.v:118$474'.
Removing empty process `$paramod$df920be3f327facd96292ed7e3ec0a124528d32f\array.$proc$results/sv2v_output.v:118$473'.
Removing empty process `$paramod$df920be3f327facd96292ed7e3ec0a124528d32f\array.$proc$results/sv2v_output.v:118$472'.
Removing empty process `$paramod$df920be3f327facd96292ed7e3ec0a124528d32f\array.$proc$results/sv2v_output.v:118$471'.
Removing empty process `$paramod$df920be3f327facd96292ed7e3ec0a124528d32f\array.$proc$results/sv2v_output.v:118$470'.
Removing empty process `$paramod$df920be3f327facd96292ed7e3ec0a124528d32f\array.$proc$results/sv2v_output.v:118$469'.
Removing empty process `$paramod$df920be3f327facd96292ed7e3ec0a124528d32f\array.$proc$results/sv2v_output.v:118$468'.
Removing empty process `$paramod$df920be3f327facd96292ed7e3ec0a124528d32f\array.$proc$results/sv2v_output.v:104$467'.
Removing empty process `$paramod$df920be3f327facd96292ed7e3ec0a124528d32f\array.$proc$results/sv2v_output.v:104$466'.
Removing empty process `$paramod$df920be3f327facd96292ed7e3ec0a124528d32f\array.$proc$results/sv2v_output.v:104$465'.
Removing empty process `$paramod$df920be3f327facd96292ed7e3ec0a124528d32f\array.$proc$results/sv2v_output.v:104$464'.
Removing empty process `$paramod$df920be3f327facd96292ed7e3ec0a124528d32f\array.$proc$results/sv2v_output.v:104$463'.
Removing empty process `$paramod$df920be3f327facd96292ed7e3ec0a124528d32f\array.$proc$results/sv2v_output.v:104$462'.
Removing empty process `$paramod$df920be3f327facd96292ed7e3ec0a124528d32f\array.$proc$results/sv2v_output.v:104$461'.
Removing empty process `$paramod$df920be3f327facd96292ed7e3ec0a124528d32f\array.$proc$results/sv2v_output.v:104$460'.
Cleaned up 1 empty switch.

3.2.12. Executing OPT_EXPR pass (perform const folding).
Optimizing module $paramod$acf5b8aaa55bfe6ee56dddc11c8ff1710533588b\pe.
<suppressed ~6 debug messages>
Optimizing module $paramod$4c30b0cd76f6f564a91870ac5a6260359f064849\pe_col.
Optimizing module $paramod$df920be3f327facd96292ed7e3ec0a124528d32f\array.

3.3. Executing OPT_EXPR pass (perform const folding).
Optimizing module $paramod$acf5b8aaa55bfe6ee56dddc11c8ff1710533588b\pe.
Optimizing module $paramod$4c30b0cd76f6f564a91870ac5a6260359f064849\pe_col.
Optimizing module $paramod$df920be3f327facd96292ed7e3ec0a124528d32f\array.

3.4. Executing OPT_CLEAN pass (remove unused cells and wires).
Finding unused cells or wires in module $paramod$acf5b8aaa55bfe6ee56dddc11c8ff1710533588b\pe..
Finding unused cells or wires in module $paramod$4c30b0cd76f6f564a91870ac5a6260359f064849\pe_col..
Finding unused cells or wires in module $paramod$df920be3f327facd96292ed7e3ec0a124528d32f\array..
Removed 4 unused cells and 151 unused wires.
<suppressed ~7 debug messages>

3.5. Executing CHECK pass (checking for obvious problems).
Checking module $paramod$acf5b8aaa55bfe6ee56dddc11c8ff1710533588b\pe...
Checking module $paramod$4c30b0cd76f6f564a91870ac5a6260359f064849\pe_col...
Checking module $paramod$df920be3f327facd96292ed7e3ec0a124528d32f\array...
Found and reported 0 problems.

3.6. Executing OPT pass (performing simple optimizations).

3.6.1. Executing OPT_EXPR pass (perform const folding).
Optimizing module $paramod$acf5b8aaa55bfe6ee56dddc11c8ff1710533588b\pe.
Optimizing module $paramod$4c30b0cd76f6f564a91870ac5a6260359f064849\pe_col.
Optimizing module $paramod$df920be3f327facd96292ed7e3ec0a124528d32f\array.

3.6.2. Executing OPT_MERGE pass (detect identical cells).
Finding identical cells in module `$paramod$acf5b8aaa55bfe6ee56dddc11c8ff1710533588b\pe'.
Computing hashes of 8 cells of `$paramod$acf5b8aaa55bfe6ee56dddc11c8ff1710533588b\pe'.
Finding duplicate cells in `$paramod$acf5b8aaa55bfe6ee56dddc11c8ff1710533588b\pe'.
Finding identical cells in module `$paramod$4c30b0cd76f6f564a91870ac5a6260359f064849\pe_col'.
Computing hashes of 8 cells of `$paramod$4c30b0cd76f6f564a91870ac5a6260359f064849\pe_col'.
Finding duplicate cells in `$paramod$4c30b0cd76f6f564a91870ac5a6260359f064849\pe_col'.
Finding identical cells in module `$paramod$df920be3f327facd96292ed7e3ec0a124528d32f\array'.
Computing hashes of 8 cells of `$paramod$df920be3f327facd96292ed7e3ec0a124528d32f\array'.
Finding duplicate cells in `$paramod$df920be3f327facd96292ed7e3ec0a124528d32f\array'.
Removed a total of 0 cells.

3.6.3. Executing OPT_MUXTREE pass (detect dead branches in mux trees).
Running muxtree optimizer on module $paramod$acf5b8aaa55bfe6ee56dddc11c8ff1710533588b\pe..
  Creating internal representation of mux trees.
  Evaluating internal representation of mux trees.
  Analyzing evaluation results.
Running muxtree optimizer on module $paramod$4c30b0cd76f6f564a91870ac5a6260359f064849\pe_col..
  Creating internal representation of mux trees.
  No muxes found in this module.
Running muxtree optimizer on module $paramod$df920be3f327facd96292ed7e3ec0a124528d32f\array..
  Creating internal representation of mux trees.
  No muxes found in this module.
Removed 0 multiplexer ports.
<suppressed ~6 debug messages>

3.6.4. Executing OPT_REDUCE pass (consolidate $*mux and $reduce_* inputs).
  Optimizing cells in module $paramod$acf5b8aaa55bfe6ee56dddc11c8ff1710533588b\pe.
  Optimizing cells in module $paramod$4c30b0cd76f6f564a91870ac5a6260359f064849\pe_col.
  Optimizing cells in module $paramod$df920be3f327facd96292ed7e3ec0a124528d32f\array.
Performed a total of 0 changes.

3.6.5. Executing OPT_MERGE pass (detect identical cells).
Finding identical cells in module `$paramod$acf5b8aaa55bfe6ee56dddc11c8ff1710533588b\pe'.
Computing hashes of 8 cells of `$paramod$acf5b8aaa55bfe6ee56dddc11c8ff1710533588b\pe'.
Finding duplicate cells in `$paramod$acf5b8aaa55bfe6ee56dddc11c8ff1710533588b\pe'.
Finding identical cells in module `$paramod$4c30b0cd76f6f564a91870ac5a6260359f064849\pe_col'.
Computing hashes of 8 cells of `$paramod$4c30b0cd76f6f564a91870ac5a6260359f064849\pe_col'.
Finding duplicate cells in `$paramod$4c30b0cd76f6f564a91870ac5a6260359f064849\pe_col'.
Finding identical cells in module `$paramod$df920be3f327facd96292ed7e3ec0a124528d32f\array'.
Computing hashes of 8 cells of `$paramod$df920be3f327facd96292ed7e3ec0a124528d32f\array'.
Finding duplicate cells in `$paramod$df920be3f327facd96292ed7e3ec0a124528d32f\array'.
Removed a total of 0 cells.

3.6.6. Executing OPT_DFF pass (perform DFF optimizations).

3.6.7. Executing OPT_CLEAN pass (remove unused cells and wires).
Finding unused cells or wires in module $paramod$acf5b8aaa55bfe6ee56dddc11c8ff1710533588b\pe..
Finding unused cells or wires in module $paramod$4c30b0cd76f6f564a91870ac5a6260359f064849\pe_col..
Finding unused cells or wires in module $paramod$df920be3f327facd96292ed7e3ec0a124528d32f\array..

3.6.8. Executing OPT_EXPR pass (perform const folding).
Optimizing module $paramod$acf5b8aaa55bfe6ee56dddc11c8ff1710533588b\pe.
Optimizing module $paramod$4c30b0cd76f6f564a91870ac5a6260359f064849\pe_col.
Optimizing module $paramod$df920be3f327facd96292ed7e3ec0a124528d32f\array.

3.6.9. Finished fast OPT passes. (There is nothing left to do.)

3.7. Executing FSM pass (extract and optimize FSM).

3.7.1. Executing FSM_DETECT pass (finding FSMs in design).

3.7.2. Executing FSM_EXTRACT pass (extracting FSM from design).

3.7.3. Executing FSM_OPT pass (simple optimizations of FSMs).

3.7.4. Executing OPT_CLEAN pass (remove unused cells and wires).
Finding unused cells or wires in module $paramod$acf5b8aaa55bfe6ee56dddc11c8ff1710533588b\pe..
Finding unused cells or wires in module $paramod$4c30b0cd76f6f564a91870ac5a6260359f064849\pe_col..
Finding unused cells or wires in module $paramod$df920be3f327facd96292ed7e3ec0a124528d32f\array..

3.7.5. Executing FSM_OPT pass (simple optimizations of FSMs).

3.7.6. Executing FSM_RECODE pass (re-assigning FSM state encoding).

3.7.7. Executing FSM_INFO pass (dumping all available information on FSM cells).

3.7.8. Executing FSM_MAP pass (mapping FSMs to basic logic).

3.8. Executing OPT pass (performing simple optimizations).

3.8.1. Executing OPT_EXPR pass (perform const folding).
Optimizing module $paramod$acf5b8aaa55bfe6ee56dddc11c8ff1710533588b\pe.
Optimizing module $paramod$4c30b0cd76f6f564a91870ac5a6260359f064849\pe_col.
Optimizing module $paramod$df920be3f327facd96292ed7e3ec0a124528d32f\array.

3.8.2. Executing OPT_MERGE pass (detect identical cells).
Finding identical cells in module `$paramod$acf5b8aaa55bfe6ee56dddc11c8ff1710533588b\pe'.
Computing hashes of 8 cells of `$paramod$acf5b8aaa55bfe6ee56dddc11c8ff1710533588b\pe'.
Finding duplicate cells in `$paramod$acf5b8aaa55bfe6ee56dddc11c8ff1710533588b\pe'.
Finding identical cells in module `$paramod$4c30b0cd76f6f564a91870ac5a6260359f064849\pe_col'.
Computing hashes of 8 cells of `$paramod$4c30b0cd76f6f564a91870ac5a6260359f064849\pe_col'.
Finding duplicate cells in `$paramod$4c30b0cd76f6f564a91870ac5a6260359f064849\pe_col'.
Finding identical cells in module `$paramod$df920be3f327facd96292ed7e3ec0a124528d32f\array'.
Computing hashes of 8 cells of `$paramod$df920be3f327facd96292ed7e3ec0a124528d32f\array'.
Finding duplicate cells in `$paramod$df920be3f327facd96292ed7e3ec0a124528d32f\array'.
Removed a total of 0 cells.

3.8.3. Executing OPT_MUXTREE pass (detect dead branches in mux trees).
Running muxtree optimizer on module $paramod$acf5b8aaa55bfe6ee56dddc11c8ff1710533588b\pe..
  Creating internal representation of mux trees.
  Evaluating internal representation of mux trees.
  Analyzing evaluation results.
Running muxtree optimizer on module $paramod$4c30b0cd76f6f564a91870ac5a6260359f064849\pe_col..
  Creating internal representation of mux trees.
  No muxes found in this module.
Running muxtree optimizer on module $paramod$df920be3f327facd96292ed7e3ec0a124528d32f\array..
  Creating internal representation of mux trees.
  No muxes found in this module.
Removed 0 multiplexer ports.
<suppressed ~6 debug messages>

3.8.4. Executing OPT_REDUCE pass (consolidate $*mux and $reduce_* inputs).
  Optimizing cells in module $paramod$acf5b8aaa55bfe6ee56dddc11c8ff1710533588b\pe.
  Optimizing cells in module $paramod$4c30b0cd76f6f564a91870ac5a6260359f064849\pe_col.
  Optimizing cells in module $paramod$df920be3f327facd96292ed7e3ec0a124528d32f\array.
Performed a total of 0 changes.

3.8.5. Executing OPT_MERGE pass (detect identical cells).
Finding identical cells in module `$paramod$acf5b8aaa55bfe6ee56dddc11c8ff1710533588b\pe'.
Computing hashes of 8 cells of `$paramod$acf5b8aaa55bfe6ee56dddc11c8ff1710533588b\pe'.
Finding duplicate cells in `$paramod$acf5b8aaa55bfe6ee56dddc11c8ff1710533588b\pe'.
Finding identical cells in module `$paramod$4c30b0cd76f6f564a91870ac5a6260359f064849\pe_col'.
Computing hashes of 8 cells of `$paramod$4c30b0cd76f6f564a91870ac5a6260359f064849\pe_col'.
Finding duplicate cells in `$paramod$4c30b0cd76f6f564a91870ac5a6260359f064849\pe_col'.
Finding identical cells in module `$paramod$df920be3f327facd96292ed7e3ec0a124528d32f\array'.
Computing hashes of 8 cells of `$paramod$df920be3f327facd96292ed7e3ec0a124528d32f\array'.
Finding duplicate cells in `$paramod$df920be3f327facd96292ed7e3ec0a124528d32f\array'.
Removed a total of 0 cells.

3.8.6. Executing OPT_DFF pass (perform DFF optimizations).
Adding EN signal on $procdff$600 ($adff) from module $paramod$acf5b8aaa55bfe6ee56dddc11c8ff1710533588b\pe (D = \acc_in [7:0], Q = \weight_r).

3.8.7. Executing OPT_CLEAN pass (remove unused cells and wires).
Finding unused cells or wires in module $paramod$acf5b8aaa55bfe6ee56dddc11c8ff1710533588b\pe..
Finding unused cells or wires in module $paramod$4c30b0cd76f6f564a91870ac5a6260359f064849\pe_col..
Finding unused cells or wires in module $paramod$df920be3f327facd96292ed7e3ec0a124528d32f\array..
Removed 1 unused cells and 1 unused wires.
<suppressed ~2 debug messages>

3.8.8. Executing OPT_EXPR pass (perform const folding).
Optimizing module $paramod$acf5b8aaa55bfe6ee56dddc11c8ff1710533588b\pe.
Optimizing module $paramod$4c30b0cd76f6f564a91870ac5a6260359f064849\pe_col.
Optimizing module $paramod$df920be3f327facd96292ed7e3ec0a124528d32f\array.

3.8.9. Rerunning OPT passes. (Maybe there is more to do..)

3.8.10. Executing OPT_MUXTREE pass (detect dead branches in mux trees).
Running muxtree optimizer on module $paramod$acf5b8aaa55bfe6ee56dddc11c8ff1710533588b\pe..
  Creating internal representation of mux trees.
  Evaluating internal representation of mux trees.
  Analyzing evaluation results.
Running muxtree optimizer on module $paramod$4c30b0cd76f6f564a91870ac5a6260359f064849\pe_col..
  Creating internal representation of mux trees.
  No muxes found in this module.
Running muxtree optimizer on module $paramod$df920be3f327facd96292ed7e3ec0a124528d32f\array..
  Creating internal representation of mux trees.
  No muxes found in this module.
Removed 0 multiplexer ports.
<suppressed ~4 debug messages>

3.8.11. Executing OPT_REDUCE pass (consolidate $*mux and $reduce_* inputs).
  Optimizing cells in module $paramod$acf5b8aaa55bfe6ee56dddc11c8ff1710533588b\pe.
  Optimizing cells in module $paramod$4c30b0cd76f6f564a91870ac5a6260359f064849\pe_col.
  Optimizing cells in module $paramod$df920be3f327facd96292ed7e3ec0a124528d32f\array.
Performed a total of 0 changes.

3.8.12. Executing OPT_MERGE pass (detect identical cells).
Finding identical cells in module `$paramod$acf5b8aaa55bfe6ee56dddc11c8ff1710533588b\pe'.
Computing hashes of 7 cells of `$paramod$acf5b8aaa55bfe6ee56dddc11c8ff1710533588b\pe'.
Finding duplicate cells in `$paramod$acf5b8aaa55bfe6ee56dddc11c8ff1710533588b\pe'.
Finding identical cells in module `$paramod$4c30b0cd76f6f564a91870ac5a6260359f064849\pe_col'.
Computing hashes of 8 cells of `$paramod$4c30b0cd76f6f564a91870ac5a6260359f064849\pe_col'.
Finding duplicate cells in `$paramod$4c30b0cd76f6f564a91870ac5a6260359f064849\pe_col'.
Finding identical cells in module `$paramod$df920be3f327facd96292ed7e3ec0a124528d32f\array'.
Computing hashes of 8 cells of `$paramod$df920be3f327facd96292ed7e3ec0a124528d32f\array'.
Finding duplicate cells in `$paramod$df920be3f327facd96292ed7e3ec0a124528d32f\array'.
Removed a total of 0 cells.

3.8.13. Executing OPT_DFF pass (perform DFF optimizations).

3.8.14. Executing OPT_CLEAN pass (remove unused cells and wires).
Finding unused cells or wires in module $paramod$acf5b8aaa55bfe6ee56dddc11c8ff1710533588b\pe..
Finding unused cells or wires in module $paramod$4c30b0cd76f6f564a91870ac5a6260359f064849\pe_col..
Finding unused cells or wires in module $paramod$df920be3f327facd96292ed7e3ec0a124528d32f\array..

3.8.15. Executing OPT_EXPR pass (perform const folding).
Optimizing module $paramod$acf5b8aaa55bfe6ee56dddc11c8ff1710533588b\pe.
Optimizing module $paramod$4c30b0cd76f6f564a91870ac5a6260359f064849\pe_col.
Optimizing module $paramod$df920be3f327facd96292ed7e3ec0a124528d32f\array.

3.8.16. Finished fast OPT passes. (There is nothing left to do.)

3.9. Executing WREDUCE pass (reducing word size of cells).
Removed top 112 bits (of 128) from port Y of cell $paramod$acf5b8aaa55bfe6ee56dddc11c8ff1710533588b\pe.$mul$results/sv2v_output.v:21$532 ($mul).
Removed top 112 bits (of 128) from port B of cell $paramod$acf5b8aaa55bfe6ee56dddc11c8ff1710533588b\pe.$add$results/sv2v_output.v:35$535 ($add).

3.10. Executing PEEPOPT pass (run peephole optimizers).

3.11. Executing OPT_CLEAN pass (remove unused cells and wires).
Finding unused cells or wires in module $paramod$acf5b8aaa55bfe6ee56dddc11c8ff1710533588b\pe..
Finding unused cells or wires in module $paramod$4c30b0cd76f6f564a91870ac5a6260359f064849\pe_col..
Finding unused cells or wires in module $paramod$df920be3f327facd96292ed7e3ec0a124528d32f\array..

3.12. Executing ALUMACC pass (create $alu and $macc cells).
Extracting $alu and $macc cells in module $paramod$acf5b8aaa55bfe6ee56dddc11c8ff1710533588b\pe:
  creating $macc model for $add$results/sv2v_output.v:35$535 ($add).
  creating $macc model for $mul$results/sv2v_output.v:21$532 ($mul).
  merging $macc model for $mul$results/sv2v_output.v:21$532 into $add$results/sv2v_output.v:35$535.
  creating $macc cell for $add$results/sv2v_output.v:35$535: $auto$alumacc.cc:382:replace_macc$602
  created 0 $alu and 1 $macc cells.
Extracting $alu and $macc cells in module $paramod$4c30b0cd76f6f564a91870ac5a6260359f064849\pe_col:
  created 0 $alu and 0 $macc cells.
Extracting $alu and $macc cells in module $paramod$df920be3f327facd96292ed7e3ec0a124528d32f\array:
  created 0 $alu and 0 $macc cells.

3.13. Executing SHARE pass (SAT-based resource sharing).

3.14. Executing OPT pass (performing simple optimizations).

3.14.1. Executing OPT_EXPR pass (perform const folding).
Optimizing module $paramod$acf5b8aaa55bfe6ee56dddc11c8ff1710533588b\pe.
Optimizing module $paramod$4c30b0cd76f6f564a91870ac5a6260359f064849\pe_col.
Optimizing module $paramod$df920be3f327facd96292ed7e3ec0a124528d32f\array.

3.14.2. Executing OPT_MERGE pass (detect identical cells).
Finding identical cells in module `$paramod$acf5b8aaa55bfe6ee56dddc11c8ff1710533588b\pe'.
Computing hashes of 7 cells of `$paramod$acf5b8aaa55bfe6ee56dddc11c8ff1710533588b\pe'.
Finding duplicate cells in `$paramod$acf5b8aaa55bfe6ee56dddc11c8ff1710533588b\pe'.
Finding identical cells in module `$paramod$4c30b0cd76f6f564a91870ac5a6260359f064849\pe_col'.
Computing hashes of 8 cells of `$paramod$4c30b0cd76f6f564a91870ac5a6260359f064849\pe_col'.
Finding duplicate cells in `$paramod$4c30b0cd76f6f564a91870ac5a6260359f064849\pe_col'.
Finding identical cells in module `$paramod$df920be3f327facd96292ed7e3ec0a124528d32f\array'.
Computing hashes of 8 cells of `$paramod$df920be3f327facd96292ed7e3ec0a124528d32f\array'.
Finding duplicate cells in `$paramod$df920be3f327facd96292ed7e3ec0a124528d32f\array'.
Removed a total of 0 cells.

3.14.3. Executing OPT_MUXTREE pass (detect dead branches in mux trees).
Running muxtree optimizer on module $paramod$acf5b8aaa55bfe6ee56dddc11c8ff1710533588b\pe..
  Creating internal representation of mux trees.
  Evaluating internal representation of mux trees.
  Analyzing evaluation results.
Running muxtree optimizer on module $paramod$4c30b0cd76f6f564a91870ac5a6260359f064849\pe_col..
  Creating internal representation of mux trees.
  No muxes found in this module.
Running muxtree optimizer on module $paramod$df920be3f327facd96292ed7e3ec0a124528d32f\array..
  Creating internal representation of mux trees.
  No muxes found in this module.
Removed 0 multiplexer ports.
<suppressed ~4 debug messages>

3.14.4. Executing OPT_REDUCE pass (consolidate $*mux and $reduce_* inputs).
  Optimizing cells in module $paramod$acf5b8aaa55bfe6ee56dddc11c8ff1710533588b\pe.
  Optimizing cells in module $paramod$4c30b0cd76f6f564a91870ac5a6260359f064849\pe_col.
  Optimizing cells in module $paramod$df920be3f327facd96292ed7e3ec0a124528d32f\array.
Performed a total of 0 changes.

3.14.5. Executing OPT_MERGE pass (detect identical cells).
Finding identical cells in module `$paramod$acf5b8aaa55bfe6ee56dddc11c8ff1710533588b\pe'.
Computing hashes of 7 cells of `$paramod$acf5b8aaa55bfe6ee56dddc11c8ff1710533588b\pe'.
Finding duplicate cells in `$paramod$acf5b8aaa55bfe6ee56dddc11c8ff1710533588b\pe'.
Finding identical cells in module `$paramod$4c30b0cd76f6f564a91870ac5a6260359f064849\pe_col'.
Computing hashes of 8 cells of `$paramod$4c30b0cd76f6f564a91870ac5a6260359f064849\pe_col'.
Finding duplicate cells in `$paramod$4c30b0cd76f6f564a91870ac5a6260359f064849\pe_col'.
Finding identical cells in module `$paramod$df920be3f327facd96292ed7e3ec0a124528d32f\array'.
Computing hashes of 8 cells of `$paramod$df920be3f327facd96292ed7e3ec0a124528d32f\array'.
Finding duplicate cells in `$paramod$df920be3f327facd96292ed7e3ec0a124528d32f\array'.
Removed a total of 0 cells.

3.14.6. Executing OPT_DFF pass (perform DFF optimizations).

3.14.7. Executing OPT_CLEAN pass (remove unused cells and wires).
Finding unused cells or wires in module $paramod$acf5b8aaa55bfe6ee56dddc11c8ff1710533588b\pe..
Finding unused cells or wires in module $paramod$4c30b0cd76f6f564a91870ac5a6260359f064849\pe_col..
Finding unused cells or wires in module $paramod$df920be3f327facd96292ed7e3ec0a124528d32f\array..
Removed 1 unused cells and 0 unused wires.
<suppressed ~1 debug messages>

3.14.8. Executing OPT_EXPR pass (perform const folding).
Optimizing module $paramod$acf5b8aaa55bfe6ee56dddc11c8ff1710533588b\pe.
Optimizing module $paramod$4c30b0cd76f6f564a91870ac5a6260359f064849\pe_col.
Optimizing module $paramod$df920be3f327facd96292ed7e3ec0a124528d32f\array.

3.14.9. Rerunning OPT passes. (Maybe there is more to do..)

3.14.10. Executing OPT_MUXTREE pass (detect dead branches in mux trees).
Running muxtree optimizer on module $paramod$acf5b8aaa55bfe6ee56dddc11c8ff1710533588b\pe..
  Creating internal representation of mux trees.
  Evaluating internal representation of mux trees.
  Analyzing evaluation results.
Running muxtree optimizer on module $paramod$4c30b0cd76f6f564a91870ac5a6260359f064849\pe_col..
  Creating internal representation of mux trees.
  No muxes found in this module.
Running muxtree optimizer on module $paramod$df920be3f327facd96292ed7e3ec0a124528d32f\array..
  Creating internal representation of mux trees.
  No muxes found in this module.
Removed 0 multiplexer ports.
<suppressed ~4 debug messages>

3.14.11. Executing OPT_REDUCE pass (consolidate $*mux and $reduce_* inputs).
  Optimizing cells in module $paramod$acf5b8aaa55bfe6ee56dddc11c8ff1710533588b\pe.
  Optimizing cells in module $paramod$4c30b0cd76f6f564a91870ac5a6260359f064849\pe_col.
  Optimizing cells in module $paramod$df920be3f327facd96292ed7e3ec0a124528d32f\array.
Performed a total of 0 changes.

3.14.12. Executing OPT_MERGE pass (detect identical cells).
Finding identical cells in module `$paramod$acf5b8aaa55bfe6ee56dddc11c8ff1710533588b\pe'.
Computing hashes of 6 cells of `$paramod$acf5b8aaa55bfe6ee56dddc11c8ff1710533588b\pe'.
Finding duplicate cells in `$paramod$acf5b8aaa55bfe6ee56dddc11c8ff1710533588b\pe'.
Finding identical cells in module `$paramod$4c30b0cd76f6f564a91870ac5a6260359f064849\pe_col'.
Computing hashes of 8 cells of `$paramod$4c30b0cd76f6f564a91870ac5a6260359f064849\pe_col'.
Finding duplicate cells in `$paramod$4c30b0cd76f6f564a91870ac5a6260359f064849\pe_col'.
Finding identical cells in module `$paramod$df920be3f327facd96292ed7e3ec0a124528d32f\array'.
Computing hashes of 8 cells of `$paramod$df920be3f327facd96292ed7e3ec0a124528d32f\array'.
Finding duplicate cells in `$paramod$df920be3f327facd96292ed7e3ec0a124528d32f\array'.
Removed a total of 0 cells.

3.14.13. Executing OPT_DFF pass (perform DFF optimizations).

3.14.14. Executing OPT_CLEAN pass (remove unused cells and wires).
Finding unused cells or wires in module $paramod$acf5b8aaa55bfe6ee56dddc11c8ff1710533588b\pe..
Finding unused cells or wires in module $paramod$4c30b0cd76f6f564a91870ac5a6260359f064849\pe_col..
Finding unused cells or wires in module $paramod$df920be3f327facd96292ed7e3ec0a124528d32f\array..

3.14.15. Executing OPT_EXPR pass (perform const folding).
Optimizing module $paramod$acf5b8aaa55bfe6ee56dddc11c8ff1710533588b\pe.
Optimizing module $paramod$4c30b0cd76f6f564a91870ac5a6260359f064849\pe_col.
Optimizing module $paramod$df920be3f327facd96292ed7e3ec0a124528d32f\array.

3.14.16. Finished fast OPT passes. (There is nothing left to do.)

3.15. Executing MEMORY pass.

3.15.1. Executing OPT_MEM pass (optimize memories).
Performed a total of 0 transformations.

3.15.2. Executing OPT_MEM_PRIORITY pass (removing unnecessary memory write priority relations).
Performed a total of 0 transformations.

3.15.3. Executing OPT_MEM_FEEDBACK pass (finding memory read-to-write feedback paths).

3.15.4. Executing MEMORY_BMUX2ROM pass (converting muxes to ROMs).

3.15.5. Executing MEMORY_DFF pass (merging $dff cells to $memrd).

3.15.6. Executing OPT_CLEAN pass (remove unused cells and wires).
Finding unused cells or wires in module $paramod$acf5b8aaa55bfe6ee56dddc11c8ff1710533588b\pe..
Finding unused cells or wires in module $paramod$4c30b0cd76f6f564a91870ac5a6260359f064849\pe_col..
Finding unused cells or wires in module $paramod$df920be3f327facd96292ed7e3ec0a124528d32f\array..

3.15.7. Executing MEMORY_SHARE pass (consolidating $memrd/$memwr cells).

3.15.8. Executing OPT_MEM_WIDEN pass (optimize memories where all ports are wide).
Performed a total of 0 transformations.

3.15.9. Executing OPT_CLEAN pass (remove unused cells and wires).
Finding unused cells or wires in module $paramod$acf5b8aaa55bfe6ee56dddc11c8ff1710533588b\pe..
Finding unused cells or wires in module $paramod$4c30b0cd76f6f564a91870ac5a6260359f064849\pe_col..
Finding unused cells or wires in module $paramod$df920be3f327facd96292ed7e3ec0a124528d32f\array..

3.15.10. Executing MEMORY_COLLECT pass (generating $mem cells).

3.16. Executing OPT_CLEAN pass (remove unused cells and wires).
Finding unused cells or wires in module $paramod$acf5b8aaa55bfe6ee56dddc11c8ff1710533588b\pe..
Finding unused cells or wires in module $paramod$4c30b0cd76f6f564a91870ac5a6260359f064849\pe_col..
Finding unused cells or wires in module $paramod$df920be3f327facd96292ed7e3ec0a124528d32f\array..

3.17. Executing OPT pass (performing simple optimizations).

3.17.1. Executing OPT_EXPR pass (perform const folding).
Optimizing module $paramod$acf5b8aaa55bfe6ee56dddc11c8ff1710533588b\pe.
<suppressed ~2 debug messages>
Optimizing module $paramod$4c30b0cd76f6f564a91870ac5a6260359f064849\pe_col.
Optimizing module $paramod$df920be3f327facd96292ed7e3ec0a124528d32f\array.

3.17.2. Executing OPT_MERGE pass (detect identical cells).
Finding identical cells in module `$paramod$acf5b8aaa55bfe6ee56dddc11c8ff1710533588b\pe'.
Computing hashes of 6 cells of `$paramod$acf5b8aaa55bfe6ee56dddc11c8ff1710533588b\pe'.
Finding duplicate cells in `$paramod$acf5b8aaa55bfe6ee56dddc11c8ff1710533588b\pe'.
Finding identical cells in module `$paramod$4c30b0cd76f6f564a91870ac5a6260359f064849\pe_col'.
Computing hashes of 8 cells of `$paramod$4c30b0cd76f6f564a91870ac5a6260359f064849\pe_col'.
Finding duplicate cells in `$paramod$4c30b0cd76f6f564a91870ac5a6260359f064849\pe_col'.
Finding identical cells in module `$paramod$df920be3f327facd96292ed7e3ec0a124528d32f\array'.
Computing hashes of 8 cells of `$paramod$df920be3f327facd96292ed7e3ec0a124528d32f\array'.
Finding duplicate cells in `$paramod$df920be3f327facd96292ed7e3ec0a124528d32f\array'.
Removed a total of 0 cells.

3.17.3. Executing OPT_DFF pass (perform DFF optimizations).

3.17.4. Executing OPT_CLEAN pass (remove unused cells and wires).
Finding unused cells or wires in module $paramod$acf5b8aaa55bfe6ee56dddc11c8ff1710533588b\pe..
Finding unused cells or wires in module $paramod$4c30b0cd76f6f564a91870ac5a6260359f064849\pe_col..
Finding unused cells or wires in module $paramod$df920be3f327facd96292ed7e3ec0a124528d32f\array..

3.17.5. Finished fast OPT passes.

3.18. Executing MEMORY_MAP pass (converting memories to logic and flip-flops).

3.19. Executing OPT pass (performing simple optimizations).

3.19.1. Executing OPT_EXPR pass (perform const folding).
Optimizing module $paramod$acf5b8aaa55bfe6ee56dddc11c8ff1710533588b\pe.
Optimizing module $paramod$4c30b0cd76f6f564a91870ac5a6260359f064849\pe_col.
Optimizing module $paramod$df920be3f327facd96292ed7e3ec0a124528d32f\array.

3.19.2. Executing OPT_MERGE pass (detect identical cells).
Finding identical cells in module `$paramod$acf5b8aaa55bfe6ee56dddc11c8ff1710533588b\pe'.
Computing hashes of 6 cells of `$paramod$acf5b8aaa55bfe6ee56dddc11c8ff1710533588b\pe'.
Finding duplicate cells in `$paramod$acf5b8aaa55bfe6ee56dddc11c8ff1710533588b\pe'.
Finding identical cells in module `$paramod$4c30b0cd76f6f564a91870ac5a6260359f064849\pe_col'.
Computing hashes of 8 cells of `$paramod$4c30b0cd76f6f564a91870ac5a6260359f064849\pe_col'.
Finding duplicate cells in `$paramod$4c30b0cd76f6f564a91870ac5a6260359f064849\pe_col'.
Finding identical cells in module `$paramod$df920be3f327facd96292ed7e3ec0a124528d32f\array'.
Computing hashes of 8 cells of `$paramod$df920be3f327facd96292ed7e3ec0a124528d32f\array'.
Finding duplicate cells in `$paramod$df920be3f327facd96292ed7e3ec0a124528d32f\array'.
Removed a total of 0 cells.

3.19.3. Executing OPT_MUXTREE pass (detect dead branches in mux trees).
Running muxtree optimizer on module $paramod$acf5b8aaa55bfe6ee56dddc11c8ff1710533588b\pe..
  Creating internal representation of mux trees.
  Evaluating internal representation of mux trees.
  Analyzing evaluation results.
Running muxtree optimizer on module $paramod$4c30b0cd76f6f564a91870ac5a6260359f064849\pe_col..
  Creating internal representation of mux trees.
  No muxes found in this module.
Running muxtree optimizer on module $paramod$df920be3f327facd96292ed7e3ec0a124528d32f\array..
  Creating internal representation of mux trees.
  No muxes found in this module.
Removed 0 multiplexer ports.
<suppressed ~4 debug messages>

3.19.4. Executing OPT_REDUCE pass (consolidate $*mux and $reduce_* inputs).
  Optimizing cells in module $paramod$acf5b8aaa55bfe6ee56dddc11c8ff1710533588b\pe.
  Optimizing cells in module $paramod$4c30b0cd76f6f564a91870ac5a6260359f064849\pe_col.
  Optimizing cells in module $paramod$df920be3f327facd96292ed7e3ec0a124528d32f\array.
Performed a total of 0 changes.

3.19.5. Executing OPT_MERGE pass (detect identical cells).
Finding identical cells in module `$paramod$acf5b8aaa55bfe6ee56dddc11c8ff1710533588b\pe'.
Computing hashes of 6 cells of `$paramod$acf5b8aaa55bfe6ee56dddc11c8ff1710533588b\pe'.
Finding duplicate cells in `$paramod$acf5b8aaa55bfe6ee56dddc11c8ff1710533588b\pe'.
Finding identical cells in module `$paramod$4c30b0cd76f6f564a91870ac5a6260359f064849\pe_col'.
Computing hashes of 8 cells of `$paramod$4c30b0cd76f6f564a91870ac5a6260359f064849\pe_col'.
Finding duplicate cells in `$paramod$4c30b0cd76f6f564a91870ac5a6260359f064849\pe_col'.
Finding identical cells in module `$paramod$df920be3f327facd96292ed7e3ec0a124528d32f\array'.
Computing hashes of 8 cells of `$paramod$df920be3f327facd96292ed7e3ec0a124528d32f\array'.
Finding duplicate cells in `$paramod$df920be3f327facd96292ed7e3ec0a124528d32f\array'.
Removed a total of 0 cells.

3.19.6. Executing OPT_SHARE pass.

3.19.7. Executing OPT_DFF pass (perform DFF optimizations).

3.19.8. Executing OPT_CLEAN pass (remove unused cells and wires).
Finding unused cells or wires in module $paramod$acf5b8aaa55bfe6ee56dddc11c8ff1710533588b\pe..
Finding unused cells or wires in module $paramod$4c30b0cd76f6f564a91870ac5a6260359f064849\pe_col..
Finding unused cells or wires in module $paramod$df920be3f327facd96292ed7e3ec0a124528d32f\array..

3.19.9. Executing OPT_EXPR pass (perform const folding).
Optimizing module $paramod$acf5b8aaa55bfe6ee56dddc11c8ff1710533588b\pe.
Optimizing module $paramod$4c30b0cd76f6f564a91870ac5a6260359f064849\pe_col.
Optimizing module $paramod$df920be3f327facd96292ed7e3ec0a124528d32f\array.

3.19.10. Finished fast OPT passes. (There is nothing left to do.)

3.20. Executing TECHMAP pass (map to technology primitives).

3.20.1. Executing Verilog-2005 frontend: /usr/local/bin/../share/yosys/techmap.v
Parsing Verilog input from `/usr/local/bin/../share/yosys/techmap.v' to AST representation.
Generating RTLIL representation for module `\_90_simplemap_bool_ops'.
Generating RTLIL representation for module `\_90_simplemap_reduce_ops'.
Generating RTLIL representation for module `\_90_simplemap_logic_ops'.
Generating RTLIL representation for module `\_90_simplemap_compare_ops'.
Generating RTLIL representation for module `\_90_simplemap_various'.
Generating RTLIL representation for module `\_90_simplemap_registers'.
Generating RTLIL representation for module `\_90_shift_ops_shr_shl_sshl_sshr'.
Generating RTLIL representation for module `\_90_shift_shiftx'.
Generating RTLIL representation for module `\_90_fa'.
Generating RTLIL representation for module `\_90_lcu_brent_kung'.
Generating RTLIL representation for module `\_90_alu'.
Generating RTLIL representation for module `\_90_macc'.
Generating RTLIL representation for module `\_90_alumacc'.
Generating RTLIL representation for module `$__div_mod_u'.
Generating RTLIL representation for module `$__div_mod_trunc'.
Generating RTLIL representation for module `\_90_div'.
Generating RTLIL representation for module `\_90_mod'.
Generating RTLIL representation for module `$__div_mod_floor'.
Generating RTLIL representation for module `\_90_divfloor'.
Generating RTLIL representation for module `\_90_modfloor'.
Generating RTLIL representation for module `\_90_pow'.
Generating RTLIL representation for module `\_90_demux'.
Generating RTLIL representation for module `\_90_lut'.
Generating RTLIL representation for module `$connect'.
Generating RTLIL representation for module `$input_port'.
Successfully finished Verilog frontend.

3.20.2. Continuing TECHMAP pass.
Using extmapper maccmap for cells of type $macc_v2.
  add \weight_r * \data_in (8x8 bits, signed)
  add \acc_in (128 bits, signed)
Using extmapper simplemap for cells of type $adffe.
Using extmapper simplemap for cells of type $mux.
Using extmapper simplemap for cells of type $adff.
Using template $paramod\_90_fa\WIDTH=32'00000000000000000000000010000000 for cells of type $fa.
Using template $paramod$7e7bdf4b0adff8e15b2cb24084cd1b911e7a73b3\_90_alu for cells of type $alu.
Using extmapper simplemap for cells of type $and.
Using extmapper simplemap for cells of type $not.
Using extmapper simplemap for cells of type $pos.
Using template $paramod\_90_lcu_brent_kung\WIDTH=32'00000000000000000000000010000000 for cells of type $lcu.
Using extmapper simplemap for cells of type $xor.
Using extmapper simplemap for cells of type $or.
No more expansions possible.
<suppressed ~1034 debug messages>

3.21. Executing OPT pass (performing simple optimizations).

3.21.1. Executing OPT_EXPR pass (perform const folding).
Optimizing module $paramod$acf5b8aaa55bfe6ee56dddc11c8ff1710533588b\pe.
<suppressed ~1095 debug messages>
Optimizing module $paramod$4c30b0cd76f6f564a91870ac5a6260359f064849\pe_col.
Optimizing module $paramod$df920be3f327facd96292ed7e3ec0a124528d32f\array.

3.21.2. Executing OPT_MERGE pass (detect identical cells).
Finding identical cells in module `$paramod$acf5b8aaa55bfe6ee56dddc11c8ff1710533588b\pe'.
Computing hashes of 7091 cells of `$paramod$acf5b8aaa55bfe6ee56dddc11c8ff1710533588b\pe'.
Finding duplicate cells in `$paramod$acf5b8aaa55bfe6ee56dddc11c8ff1710533588b\pe'.
Computing hashes of 6159 cells of `$paramod$acf5b8aaa55bfe6ee56dddc11c8ff1710533588b\pe'.
Finding duplicate cells in `$paramod$acf5b8aaa55bfe6ee56dddc11c8ff1710533588b\pe'.
Computing hashes of 5576 cells of `$paramod$acf5b8aaa55bfe6ee56dddc11c8ff1710533588b\pe'.
Finding duplicate cells in `$paramod$acf5b8aaa55bfe6ee56dddc11c8ff1710533588b\pe'.
Computing hashes of 5118 cells of `$paramod$acf5b8aaa55bfe6ee56dddc11c8ff1710533588b\pe'.
Finding duplicate cells in `$paramod$acf5b8aaa55bfe6ee56dddc11c8ff1710533588b\pe'.
Computing hashes of 4776 cells of `$paramod$acf5b8aaa55bfe6ee56dddc11c8ff1710533588b\pe'.
Finding duplicate cells in `$paramod$acf5b8aaa55bfe6ee56dddc11c8ff1710533588b\pe'.
Computing hashes of 4663 cells of `$paramod$acf5b8aaa55bfe6ee56dddc11c8ff1710533588b\pe'.
Finding duplicate cells in `$paramod$acf5b8aaa55bfe6ee56dddc11c8ff1710533588b\pe'.
Computing hashes of 4439 cells of `$paramod$acf5b8aaa55bfe6ee56dddc11c8ff1710533588b\pe'.
Finding duplicate cells in `$paramod$acf5b8aaa55bfe6ee56dddc11c8ff1710533588b\pe'.
Computing hashes of 4215 cells of `$paramod$acf5b8aaa55bfe6ee56dddc11c8ff1710533588b\pe'.
Finding duplicate cells in `$paramod$acf5b8aaa55bfe6ee56dddc11c8ff1710533588b\pe'.
Computing hashes of 4103 cells of `$paramod$acf5b8aaa55bfe6ee56dddc11c8ff1710533588b\pe'.
Finding duplicate cells in `$paramod$acf5b8aaa55bfe6ee56dddc11c8ff1710533588b\pe'.
Computing hashes of 3881 cells of `$paramod$acf5b8aaa55bfe6ee56dddc11c8ff1710533588b\pe'.
Finding duplicate cells in `$paramod$acf5b8aaa55bfe6ee56dddc11c8ff1710533588b\pe'.
<suppressed ~9630 debug messages>
Finding identical cells in module `$paramod$4c30b0cd76f6f564a91870ac5a6260359f064849\pe_col'.
Computing hashes of 8 cells of `$paramod$4c30b0cd76f6f564a91870ac5a6260359f064849\pe_col'.
Finding duplicate cells in `$paramod$4c30b0cd76f6f564a91870ac5a6260359f064849\pe_col'.
Finding identical cells in module `$paramod$df920be3f327facd96292ed7e3ec0a124528d32f\array'.
Computing hashes of 8 cells of `$paramod$df920be3f327facd96292ed7e3ec0a124528d32f\array'.
Finding duplicate cells in `$paramod$df920be3f327facd96292ed7e3ec0a124528d32f\array'.
Removed a total of 3210 cells.

3.21.3. Executing OPT_DFF pass (perform DFF optimizations).

3.21.4. Executing OPT_CLEAN pass (remove unused cells and wires).
Finding unused cells or wires in module $paramod$acf5b8aaa55bfe6ee56dddc11c8ff1710533588b\pe..
Finding unused cells or wires in module $paramod$4c30b0cd76f6f564a91870ac5a6260359f064849\pe_col..
Finding unused cells or wires in module $paramod$df920be3f327facd96292ed7e3ec0a124528d32f\array..
Removed 159 unused cells and 152 unused wires.
<suppressed ~160 debug messages>

3.21.5. Finished fast OPT passes.

3.22. Executing ABC pass (technology mapping using ABC).

3.22.1. Extracting gate netlist of module `$paramod$acf5b8aaa55bfe6ee56dddc11c8ff1710533588b\pe' to `<abc-temp-dir>/input.blif'..

3.22.1.1. Executed ABC.
Extracted 3578 gates and 3724 wires to a netlist network with 145 inputs and 136 outputs.
Running ABC script: <abc-temp-dir>/abc.script
ABC: UC Berkeley, ABC 1.01 (compiled May 29 2026 19:41:28)
ABC: abc 01> empty
ABC: abc 01> source <abc-temp-dir>/abc.script
ABC: + read_blif <abc-temp-dir>/input.blif 
ABC: + read_library <abc-temp-dir>/stdcells.genlib 
ABC: + strash 
ABC: + &get -n 
ABC: + &fraig -x 
ABC: + &put 
ABC: + scorr 
ABC: Warning: The network is combinational (run "fraig" or "fraig_sweep").
ABC: + dc2 
ABC: + dretime 
ABC: + strash 
ABC: + &get -n 
ABC: + &dch -f 
ABC: + &nf 
ABC: + &put 
ABC: + write_blif <abc-temp-dir>/output.blif 
ABC: 
ABC: YOSYS_ABC_DONE 

3.22.1.2. Re-integrating ABC results.
ABC RESULTS:               AND cells:      268
ABC RESULTS:            ANDNOT cells:       63
ABC RESULTS:               MUX cells:      116
ABC RESULTS:              NAND cells:     1275
ABC RESULTS:               NOR cells:       19
ABC RESULTS:               NOT cells:        5
ABC RESULTS:                OR cells:      269
ABC RESULTS:             ORNOT cells:       33
ABC RESULTS:              XNOR cells:      453
ABC RESULTS:               XOR cells:      606
ABC RESULTS:        internal signals:     3443
ABC RESULTS:           input signals:      145
ABC RESULTS:          output signals:      136
Removing temp directory.

3.22.2. Extracting gate netlist of module `$paramod$4c30b0cd76f6f564a91870ac5a6260359f064849\pe_col' to `<abc-temp-dir>/input.blif'..

3.22.2.1. Executed ABC.
Extracted 0 gates and 0 wires to a netlist network with 0 inputs and 0 outputs.
Don't call ABC as there is nothing to map.
Removing temp directory.

3.22.3. Extracting gate netlist of module `$paramod$df920be3f327facd96292ed7e3ec0a124528d32f\array' to `<abc-temp-dir>/input.blif'..

3.22.3.1. Executed ABC.
Extracted 0 gates and 0 wires to a netlist network with 0 inputs and 0 outputs.
Don't call ABC as there is nothing to map.
Removing temp directory.
Removing global temp directory.

3.23. Executing OPT pass (performing simple optimizations).

3.23.1. Executing OPT_EXPR pass (perform const folding).
Optimizing module $paramod$acf5b8aaa55bfe6ee56dddc11c8ff1710533588b\pe.
Optimizing module $paramod$4c30b0cd76f6f564a91870ac5a6260359f064849\pe_col.
Optimizing module $paramod$df920be3f327facd96292ed7e3ec0a124528d32f\array.

3.23.2. Executing OPT_MERGE pass (detect identical cells).
Finding identical cells in module `$paramod$acf5b8aaa55bfe6ee56dddc11c8ff1710533588b\pe'.
Computing hashes of 3251 cells of `$paramod$acf5b8aaa55bfe6ee56dddc11c8ff1710533588b\pe'.
Finding duplicate cells in `$paramod$acf5b8aaa55bfe6ee56dddc11c8ff1710533588b\pe'.
Finding identical cells in module `$paramod$4c30b0cd76f6f564a91870ac5a6260359f064849\pe_col'.
Computing hashes of 8 cells of `$paramod$4c30b0cd76f6f564a91870ac5a6260359f064849\pe_col'.
Finding duplicate cells in `$paramod$4c30b0cd76f6f564a91870ac5a6260359f064849\pe_col'.
Finding identical cells in module `$paramod$df920be3f327facd96292ed7e3ec0a124528d32f\array'.
Computing hashes of 8 cells of `$paramod$df920be3f327facd96292ed7e3ec0a124528d32f\array'.
Finding duplicate cells in `$paramod$df920be3f327facd96292ed7e3ec0a124528d32f\array'.
Removed a total of 0 cells.

3.23.3. Executing OPT_DFF pass (perform DFF optimizations).

3.23.4. Executing OPT_CLEAN pass (remove unused cells and wires).
Finding unused cells or wires in module $paramod$acf5b8aaa55bfe6ee56dddc11c8ff1710533588b\pe..
Finding unused cells or wires in module $paramod$4c30b0cd76f6f564a91870ac5a6260359f064849\pe_col..
Finding unused cells or wires in module $paramod$df920be3f327facd96292ed7e3ec0a124528d32f\array..
Removed 0 unused cells and 789 unused wires.
<suppressed ~1 debug messages>

3.23.5. Finished fast OPT passes.

3.24. Executing HIERARCHY pass (managing design hierarchy).
Attribute `top' found on module `$paramod$df920be3f327facd96292ed7e3ec0a124528d32f\array'. Setting top module to $paramod$df920be3f327facd96292ed7e3ec0a124528d32f\array.

3.24.1. Analyzing design hierarchy..
Top module:  $paramod$df920be3f327facd96292ed7e3ec0a124528d32f\array
Used module:     $paramod$4c30b0cd76f6f564a91870ac5a6260359f064849\pe_col
Used module:         $paramod$acf5b8aaa55bfe6ee56dddc11c8ff1710533588b\pe

3.24.2. Analyzing design hierarchy..
Top module:  $paramod$df920be3f327facd96292ed7e3ec0a124528d32f\array
Used module:     $paramod$4c30b0cd76f6f564a91870ac5a6260359f064849\pe_col
Used module:         $paramod$acf5b8aaa55bfe6ee56dddc11c8ff1710533588b\pe
Removed 0 unused modules.

3.25. Printing statistics.

=== $paramod$acf5b8aaa55bfe6ee56dddc11c8ff1710533588b\pe ===

        +----------Local Count, excluding submodules.
        | 
     2982 wires
     3518 wire bits
        9 public wires
      411 public wire bits
        7 ports
      275 port bits
     3251 cells
       63   $_ANDNOT_
      268   $_AND_
        8   $_DFFE_PN0P_
      136   $_DFF_PN0_
      116   $_MUX_
     1275   $_NAND_
       19   $_NOR_
        5   $_NOT_
       33   $_ORNOT_
      269   $_OR_
      453   $_XNOR_
      606   $_XOR_

=== $paramod$4c30b0cd76f6f564a91870ac5a6260359f064849\pe_col ===

        +----------Local Count, excluding submodules.
        | 
       16 wires
     1539 wire bits
       16 public wires
     1539 public wire bits
        7 ports
      387 port bits
        8 submodules
        8   $paramod$acf5b8aaa55bfe6ee56dddc11c8ff1710533588b\pe

=== $paramod$df920be3f327facd96292ed7e3ec0a124528d32f\array ===

        +----------Local Count, excluding submodules.
        | 
       95 wires
     3786 wire bits
       95 public wires
     3786 public wire bits
        7 ports
     2186 port bits
        8 submodules
        8   $paramod$4c30b0cd76f6f564a91870ac5a6260359f064849\pe_col

=== design hierarchy ===

        +----------Count including submodules.
        | 
   208064 $paramod$df920be3f327facd96292ed7e3ec0a124528d32f\array
     3251   $paramod$acf5b8aaa55bfe6ee56dddc11c8ff1710533588b\pe

        +----------Count including submodules.
        | 
   191071 wires
   241250 wire bits
      799 public wires
    42402 public wire bits
      511 ports
    22882 port bits
        - memories
        - memory bits
        - processes
   208064 cells
     4032   $_ANDNOT_
    17152   $_AND_
      512   $_DFFE_PN0P_
     8704   $_DFF_PN0_
     7424   $_MUX_
    81600   $_NAND_
     1216   $_NOR_
      320   $_NOT_
     2112   $_ORNOT_
    17216   $_OR_
    28992   $_XNOR_
    38784   $_XOR_
        8 submodules
        8   $paramod$4c30b0cd76f6f564a91870ac5a6260359f064849\pe_col

3.26. Executing CHECK pass (checking for obvious problems).
Checking module $paramod$acf5b8aaa55bfe6ee56dddc11c8ff1710533588b\pe...
Checking module $paramod$4c30b0cd76f6f564a91870ac5a6260359f064849\pe_col...
Checking module $paramod$df920be3f327facd96292ed7e3ec0a124528d32f\array...
Found and reported 0 problems.

4. Executing DFFLIBMAP pass (mapping DFF cells to sequential cells from liberty file).
  cell sky130_fd_sc_hd__dfxtp_1 (noninv, pins=3, area=20.02) is a direct match for cell type $_DFF_P_.
  cell sky130_fd_sc_hd__dfrtn_1 (noninv, pins=4, area=25.02) is a direct match for cell type $_DFF_NN0_.
  cell sky130_fd_sc_hd__dfrtp_1 (noninv, pins=4, area=25.02) is a direct match for cell type $_DFF_PN0_.
  cell sky130_fd_sc_hd__dfstp_2 (noninv, pins=4, area=26.28) is a direct match for cell type $_DFF_PN1_.
  cell sky130_fd_sc_hd__edfxtp_1 (noninv, pins=4, area=30.03) is a direct match for cell type $_DFFE_PP_.
  cell sky130_fd_sc_hd__dfbbn_1 (noninv, pins=6, area=32.53) is a direct match for cell type $_DFFSR_NNN_.
  cell sky130_fd_sc_hd__dfbbp_1 (noninv, pins=6, area=32.53) is a direct match for cell type $_DFFSR_PNN_.
  final dff cell mappings:
    unmapped dff cell: $_DFF_N_
    \sky130_fd_sc_hd__dfxtp_1 _DFF_P_ (.CLK( C), .D( D), .Q( Q));
    \sky130_fd_sc_hd__dfrtn_1 _DFF_NN0_ (.CLK_N( C), .D( D), .Q( Q), .RESET_B( R));
    unmapped dff cell: $_DFF_NN1_
    unmapped dff cell: $_DFF_NP0_
    unmapped dff cell: $_DFF_NP1_
    \sky130_fd_sc_hd__dfrtp_1 _DFF_PN0_ (.CLK( C), .D( D), .Q( Q), .RESET_B( R));
    \sky130_fd_sc_hd__dfstp_2 _DFF_PN1_ (.CLK( C), .D( D), .Q( Q), .SET_B( R));
    unmapped dff cell: $_DFF_PP0_
    unmapped dff cell: $_DFF_PP1_
    unmapped dff cell: $_DFFE_NN_
    unmapped dff cell: $_DFFE_NP_
    unmapped dff cell: $_DFFE_PN_
    \sky130_fd_sc_hd__edfxtp_1 _DFFE_PP_ (.CLK( C), .D( D), .DE( E), .Q( Q));
    \sky130_fd_sc_hd__dfbbn_1 _DFFSR_NNN_ (.CLK_N( C), .D( D), .Q( Q), .Q_N(~Q), .RESET_B( R), .SET_B( S));
    unmapped dff cell: $_DFFSR_NNP_
    unmapped dff cell: $_DFFSR_NPN_
    unmapped dff cell: $_DFFSR_NPP_
    \sky130_fd_sc_hd__dfbbp_1 _DFFSR_PNN_ (.CLK( C), .D( D), .Q( Q), .Q_N(~Q), .RESET_B( R), .SET_B( S));
    unmapped dff cell: $_DFFSR_PNP_
    unmapped dff cell: $_DFFSR_PPN_
    unmapped dff cell: $_DFFSR_PPP_

4.1. Executing DFFLEGALIZE pass (convert FFs to types supported by the target).
<suppressed ~24 debug messages>
Mapping DFF cells in module `$paramod$acf5b8aaa55bfe6ee56dddc11c8ff1710533588b\pe':
  mapped 144 $_DFF_PN0_ cells to \sky130_fd_sc_hd__dfrtp_1 cells.
Mapping DFF cells in module `$paramod$4c30b0cd76f6f564a91870ac5a6260359f064849\pe_col':
Mapping DFF cells in module `$paramod$df920be3f327facd96292ed7e3ec0a124528d32f\array':

5. Executing ABC pass (technology mapping using ABC).

5.1. Extracting gate netlist of module `$paramod$acf5b8aaa55bfe6ee56dddc11c8ff1710533588b\pe' to `<abc-temp-dir>/input.blif'..
ABC: using cached merged SCL: /tmp/yosys-liberty-scl-cache/yosys_merged_e9e26d0c.scl (1 files)

5.1.1. Executed ABC.
Extracted 3115 gates and 3260 wires to a netlist network with 145 inputs and 144 outputs.
Running ABC script: <abc-temp-dir>/abc.script
ABC: UC Berkeley, ABC 1.01 (compiled May 29 2026 19:41:28)
ABC: abc 01> empty
ABC: abc 01> source <abc-temp-dir>/abc.script
ABC: + read_blif <abc-temp-dir>/input.blif 
ABC: + read_scl /tmp/yosys-liberty-scl-cache/yosys_merged_e9e26d0c.scl 
ABC: Warning: Detected 9 multi-output cells (for example, "sky130_fd_sc_hd__fa_1").
ABC: + strash 
ABC: + &get -n 
ABC: + &fraig -x 
ABC: + &put 
ABC: + scorr 
ABC: Warning: The network is combinational (run "fraig" or "fraig_sweep").
ABC: + dc2 
ABC: + dretime 
ABC: + strash 
ABC: + &get -n 
ABC: + &dch -f 
ABC: + &nf 
ABC: + &put 
ABC: + write_blif <abc-temp-dir>/output.blif 
ABC: 
ABC: YOSYS_ABC_DONE 

5.1.2. Re-integrating ABC results.
ABC RESULTS:   sky130_fd_sc_hd__a211oi_1 cells:        1
ABC RESULTS:   sky130_fd_sc_hd__a21boi_0 cells:        5
ABC RESULTS:   sky130_fd_sc_hd__a21o_1 cells:       16
ABC RESULTS:   sky130_fd_sc_hd__a21oi_1 cells:      247
ABC RESULTS:   sky130_fd_sc_hd__a22o_1 cells:        1
ABC RESULTS:   sky130_fd_sc_hd__a22oi_1 cells:        3
ABC RESULTS:   sky130_fd_sc_hd__a2bb2oi_1 cells:        2
ABC RESULTS:   sky130_fd_sc_hd__a311oi_1 cells:        1
ABC RESULTS:   sky130_fd_sc_hd__a31o_1 cells:        3
ABC RESULTS:   sky130_fd_sc_hd__a31oi_1 cells:        4
ABC RESULTS:   sky130_fd_sc_hd__a32o_1 cells:        1
ABC RESULTS:   sky130_fd_sc_hd__a32oi_1 cells:        1
ABC RESULTS:   sky130_fd_sc_hd__and2_0 cells:       20
ABC RESULTS:   sky130_fd_sc_hd__and3_1 cells:       14
ABC RESULTS:   sky130_fd_sc_hd__clkinv_1 cells:       34
ABC RESULTS:   sky130_fd_sc_hd__lpflow_inputiso1p_1 cells:      106
ABC RESULTS:   sky130_fd_sc_hd__lpflow_isobufsrc_1 cells:       30
ABC RESULTS:   sky130_fd_sc_hd__maj3_1 cells:      157
ABC RESULTS:   sky130_fd_sc_hd__mux2_1 cells:        1
ABC RESULTS:   sky130_fd_sc_hd__nand2_1 cells:      313
ABC RESULTS:   sky130_fd_sc_hd__nand2b_1 cells:       25
ABC RESULTS:   sky130_fd_sc_hd__nand3_1 cells:       13
ABC RESULTS:   sky130_fd_sc_hd__nand3b_1 cells:        1
ABC RESULTS:   sky130_fd_sc_hd__nand4_1 cells:        1
ABC RESULTS:   sky130_fd_sc_hd__nor2_1 cells:      354
ABC RESULTS:   sky130_fd_sc_hd__nor2b_1 cells:        1
ABC RESULTS:   sky130_fd_sc_hd__nor3_1 cells:       49
ABC RESULTS:   sky130_fd_sc_hd__o211a_1 cells:        2
ABC RESULTS:   sky130_fd_sc_hd__o211ai_1 cells:        3
ABC RESULTS:   sky130_fd_sc_hd__o21a_1 cells:       46
ABC RESULTS:   sky130_fd_sc_hd__o21ai_0 cells:      110
ABC RESULTS:   sky130_fd_sc_hd__o21ba_1 cells:        2
ABC RESULTS:   sky130_fd_sc_hd__o21bai_1 cells:        6
ABC RESULTS:   sky130_fd_sc_hd__o22a_1 cells:        2
ABC RESULTS:   sky130_fd_sc_hd__o22ai_1 cells:        3
ABC RESULTS:   sky130_fd_sc_hd__o311a_1 cells:        3
ABC RESULTS:   sky130_fd_sc_hd__o311ai_0 cells:        1
ABC RESULTS:   sky130_fd_sc_hd__o31a_1 cells:        3
ABC RESULTS:   sky130_fd_sc_hd__o31ai_1 cells:       67
ABC RESULTS:   sky130_fd_sc_hd__o41ai_1 cells:        1
ABC RESULTS:   sky130_fd_sc_hd__or3_1 cells:        7
ABC RESULTS:   sky130_fd_sc_hd__or3b_1 cells:        2
ABC RESULTS:   sky130_fd_sc_hd__xnor2_1 cells:      690
ABC RESULTS:   sky130_fd_sc_hd__xnor3_1 cells:       17
ABC RESULTS:   sky130_fd_sc_hd__xor2_1 cells:      148
ABC RESULTS:   sky130_fd_sc_hd__xor3_1 cells:        1
ABC RESULTS:        internal signals:     2971
ABC RESULTS:           input signals:      145
ABC RESULTS:          output signals:      144
Removing temp directory.

5.2. Extracting gate netlist of module `$paramod$4c30b0cd76f6f564a91870ac5a6260359f064849\pe_col' to `<abc-temp-dir>/input.blif'..
ABC: using cached merged SCL: /tmp/yosys-liberty-scl-cache/yosys_merged_e9e26d0c.scl (1 files)

5.2.1. Executed ABC.
Extracted 0 gates and 0 wires to a netlist network with 0 inputs and 0 outputs.
Don't call ABC as there is nothing to map.
Removing temp directory.

5.3. Extracting gate netlist of module `$paramod$df920be3f327facd96292ed7e3ec0a124528d32f\array' to `<abc-temp-dir>/input.blif'..
ABC: using cached merged SCL: /tmp/yosys-liberty-scl-cache/yosys_merged_e9e26d0c.scl (1 files)

5.3.1. Executed ABC.
Extracted 0 gates and 0 wires to a netlist network with 0 inputs and 0 outputs.
Don't call ABC as there is nothing to map.
Removing temp directory.
Removing global temp directory.

6. Printing statistics.

=== $paramod$acf5b8aaa55bfe6ee56dddc11c8ff1710533588b\pe ===

        +----------Local Count, excluding submodules.
        |        +-Local Area, excluding submodules.
        |        | 
     5653        - wires
     6189        - wire bits
        9        - public wires
      411        - public wire bits
        7        - ports
      275        - port bits
     2662 2.03E+04 cells
        1    7.507   sky130_fd_sc_hd__a211oi_1
        5   37.536   sky130_fd_sc_hd__a21boi_0
       16  120.115   sky130_fd_sc_hd__a21o_1
      247 1.24E+03   sky130_fd_sc_hd__a21oi_1
        1    8.758   sky130_fd_sc_hd__a22o_1
        3   22.522   sky130_fd_sc_hd__a22oi_1
        2   17.517   sky130_fd_sc_hd__a2bb2oi_1
        1    8.758   sky130_fd_sc_hd__a311oi_1
        3   26.275   sky130_fd_sc_hd__a31o_1
        4   25.024   sky130_fd_sc_hd__a31oi_1
        1    10.01   sky130_fd_sc_hd__a32o_1
        1    8.758   sky130_fd_sc_hd__a32oi_1
       20   125.12   sky130_fd_sc_hd__and2_0
       14   87.584   sky130_fd_sc_hd__and3_1
       34  127.622   sky130_fd_sc_hd__clkinv_1
      144  3.6E+03   sky130_fd_sc_hd__dfrtp_1
      106  663.136   sky130_fd_sc_hd__lpflow_inputiso1p_1
       30   187.68   sky130_fd_sc_hd__lpflow_isobufsrc_1
      157 1.57E+03   sky130_fd_sc_hd__maj3_1
        1   11.261   sky130_fd_sc_hd__mux2_1
      313 1.17E+03   sky130_fd_sc_hd__nand2_1
       25    156.4   sky130_fd_sc_hd__nand2b_1
       13   65.062   sky130_fd_sc_hd__nand3_1
        1    7.507   sky130_fd_sc_hd__nand3b_1
        1    6.256   sky130_fd_sc_hd__nand4_1
      354 1.33E+03   sky130_fd_sc_hd__nor2_1
        1    6.256   sky130_fd_sc_hd__nor2b_1
       49  245.235   sky130_fd_sc_hd__nor3_1
        2   20.019   sky130_fd_sc_hd__o211a_1
        3   22.522   sky130_fd_sc_hd__o211ai_1
       46  345.331   sky130_fd_sc_hd__o21a_1
      110  550.528   sky130_fd_sc_hd__o21ai_0
        2   20.019   sky130_fd_sc_hd__o21ba_1
        6   45.043   sky130_fd_sc_hd__o21bai_1
        2   17.517   sky130_fd_sc_hd__o22a_1
        3   18.768   sky130_fd_sc_hd__o22ai_1
        3   30.029   sky130_fd_sc_hd__o311a_1
        1    8.758   sky130_fd_sc_hd__o311ai_0
        3   26.275   sky130_fd_sc_hd__o31a_1
       67  502.982   sky130_fd_sc_hd__o31ai_1
        1    8.758   sky130_fd_sc_hd__o41ai_1
        7   43.792   sky130_fd_sc_hd__or3_1
        2   17.517   sky130_fd_sc_hd__or3b_1
      690 6.04E+03   sky130_fd_sc_hd__xnor2_1
       17  382.867   sky130_fd_sc_hd__xnor3_1
      148  1.3E+03   sky130_fd_sc_hd__xor2_1
        1   23.773   sky130_fd_sc_hd__xor3_1

   Chip area for module '$paramod$acf5b8aaa55bfe6ee56dddc11c8ff1710533588b\pe': 20320.739200
     of which used for sequential elements: 3603.456000 (17.73%)

=== $paramod$4c30b0cd76f6f564a91870ac5a6260359f064849\pe_col ===

        +----------Local Count, excluding submodules.
        |        +-Local Area, excluding submodules.
        |        | 
       16        - wires
     1539        - wire bits
       16        - public wires
     1539        - public wire bits
        7        - ports
      387        - port bits
        8        - submodules
        8        -   $paramod$acf5b8aaa55bfe6ee56dddc11c8ff1710533588b\pe

   Chip area for module '$paramod$4c30b0cd76f6f564a91870ac5a6260359f064849\pe_col': 0.000000
     of which used for sequential elements: 0.000000 (-nan%)

=== $paramod$df920be3f327facd96292ed7e3ec0a124528d32f\array ===

        +----------Local Count, excluding submodules.
        |        +-Local Area, excluding submodules.
        |        | 
       95        - wires
     3786        - wire bits
       95        - public wires
     3786        - public wire bits
        7        - ports
     2186        - port bits
        8        - submodules
        8        -   $paramod$4c30b0cd76f6f564a91870ac5a6260359f064849\pe_col

   Chip area for module '$paramod$df920be3f327facd96292ed7e3ec0a124528d32f\array': 0.000000
     of which used for sequential elements: 0.000000 (-nan%)

=== design hierarchy ===

        +----------Count including submodules.
        |        +-Area including submodules.
        |        | 
   170368  1.3E+06 $paramod$df920be3f327facd96292ed7e3ec0a124528d32f\array
     2662 2.03E+04   $paramod$acf5b8aaa55bfe6ee56dddc11c8ff1710533588b\pe

        +----------Count including submodules.
        |        +-Area including submodules.
        |        | 
   362015        - wires
   412194        - wire bits
      799        - public wires
    42402        - public wire bits
      511        - ports
    22882        - port bits
        -        - memories
        -        - memory bits
        -        - processes
   170368  1.3E+06 cells
       64  480.461   sky130_fd_sc_hd__a211oi_1
      320  2.4E+03   sky130_fd_sc_hd__a21boi_0
     1024 7.69E+03   sky130_fd_sc_hd__a21o_1
    15808 7.91E+04   sky130_fd_sc_hd__a21oi_1
       64  560.538   sky130_fd_sc_hd__a22o_1
      192 1.44E+03   sky130_fd_sc_hd__a22oi_1
      128 1.12E+03   sky130_fd_sc_hd__a2bb2oi_1
       64  560.538   sky130_fd_sc_hd__a311oi_1
      192 1.68E+03   sky130_fd_sc_hd__a31o_1
      256  1.6E+03   sky130_fd_sc_hd__a31oi_1
       64  640.614   sky130_fd_sc_hd__a32o_1
       64  560.538   sky130_fd_sc_hd__a32oi_1
     1280  8007.68   sky130_fd_sc_hd__and2_0
      896 5.61E+03   sky130_fd_sc_hd__and3_1
     2176 8.17E+03   sky130_fd_sc_hd__clkinv_1
     9216 2.31E+05   sky130_fd_sc_hd__dfrtp_1
     6784 4.24E+04   sky130_fd_sc_hd__lpflow_inputiso1p_1
     1920  1.2E+04   sky130_fd_sc_hd__lpflow_isobufsrc_1
    10048 1.01E+05   sky130_fd_sc_hd__maj3_1
       64  720.691   sky130_fd_sc_hd__mux2_1
    20032 7.52E+04   sky130_fd_sc_hd__nand2_1
     1600  10009.6   sky130_fd_sc_hd__nand2b_1
      832 4.16E+03   sky130_fd_sc_hd__nand3_1
       64  480.461   sky130_fd_sc_hd__nand3b_1
       64  400.384   sky130_fd_sc_hd__nand4_1
    22656  8.5E+04   sky130_fd_sc_hd__nor2_1
       64  400.384   sky130_fd_sc_hd__nor2b_1
     3136 1.57E+04   sky130_fd_sc_hd__nor3_1
      128 1.28E+03   sky130_fd_sc_hd__o211a_1
      192 1.44E+03   sky130_fd_sc_hd__o211ai_1
     2944 2.21E+04   sky130_fd_sc_hd__o21a_1
     7040 3.52E+04   sky130_fd_sc_hd__o21ai_0
      128 1.28E+03   sky130_fd_sc_hd__o21ba_1
      384 2.88E+03   sky130_fd_sc_hd__o21bai_1
      128 1.12E+03   sky130_fd_sc_hd__o22a_1
      192  1.2E+03   sky130_fd_sc_hd__o22ai_1
      192 1.92E+03   sky130_fd_sc_hd__o311a_1
       64  560.538   sky130_fd_sc_hd__o311ai_0
      192 1.68E+03   sky130_fd_sc_hd__o31a_1
     4288 3.22E+04   sky130_fd_sc_hd__o31ai_1
       64  560.538   sky130_fd_sc_hd__o41ai_1
      448  2.8E+03   sky130_fd_sc_hd__or3_1
      128 1.12E+03   sky130_fd_sc_hd__or3b_1
    44160 3.87E+05   sky130_fd_sc_hd__xnor2_1
     1088 2.45E+04   sky130_fd_sc_hd__xnor3_1
     9472  8.3E+04   sky130_fd_sc_hd__xor2_1
       64 1.52E+03   sky130_fd_sc_hd__xor3_1
        8  1.3E+06 submodules
        8  1.3E+06   $paramod$4c30b0cd76f6f564a91870ac5a6260359f064849\pe_col

   Chip area for top module '$paramod$df920be3f327facd96292ed7e3ec0a124528d32f\array': 1300527.308800
     of which used for sequential elements: 230621.184000 (17.73%)

Renaming module $paramod$df920be3f327facd96292ed7e3ec0a124528d32f\array to array.

7. Executing Verilog backend.

7.1. Executing BMUXMAP pass.

7.2. Executing DEMUXMAP pass.
Dumping module `$paramod$4c30b0cd76f6f564a91870ac5a6260359f064849\pe_col'.
Dumping module `$paramod$acf5b8aaa55bfe6ee56dddc11c8ff1710533588b\pe'.
Dumping module `\array'.

End of script. Logfile hash: 47d4d30d5f, time: 2.35s, user: 1.21s, system: 0.33s, MEM: 54.30 MB peak
Yosys 0.65+71 (git sha1 e56c6a954, g++ 11.4.0-1ubuntu1~22.04.3 -fPIC -O3)
Time spent: 46% 2x abc (1 sec), 15% 1x techmap (0 sec), ...
